weibo_id,any_paper,max_confidence,total_links,user_id,user_authentication,retweet_count,comment_count,like_count
0,True,high,1,3213294213.0,蓝V,0,0,0
1,True,high,1,2810904414.0,黄V,0,0,0
2,False,none,1,3702002507.0,普通用户,0,0,0
3,True,high,1,2034583177.0,蓝V,0,0,0
4,True,high,1,2810904414.0,黄V,0,0,0
5,True,high,1,6547188182.0,普通用户,0,0,0
6,True,high,1,5284329303.0,蓝V,0,0,0
7,True,high,1,5334350534.0,普通用户,0,0,0
8,True,high,1,3212809433.0,黄V,0,0,0
9,True,high,1,6890507718.0,蓝V,0,0,0
10,True,high,1,1870858943.0,蓝V,0,0,0
11,True,high,1,2152024140.0,黄V,0,0,0
12,True,medium,1,3659841663.0,普通用户,0,0,0
13,True,high,1,6890507718.0,蓝V,0,0,0
14,True,high,1,7472274415.0,普通用户,0,0,0
15,True,high,1,7463051298.0,普通用户,0,0,0
16,True,high,1,3941337445.0,普通用户,0,0,0
17,True,high,1,1469740544.0,蓝V,0,0,0
18,True,high,1,3941337445.0,普通用户,0,0,0
19,True,high,1,7463051298.0,普通用户,0,0,0
20,True,high,1,7463051298.0,普通用户,0,0,0
21,True,high,1,7472274415.0,普通用户,0,0,0
22,True,high,1,7472274415.0,普通用户,0,0,0
23,True,high,1,3941337445.0,普通用户,0,0,0
24,True,high,1,7463051298.0,普通用户,0,0,0
25,True,high,1,7472274415.0,普通用户,0,0,0
26,True,high,1,3941337445.0,普通用户,0,0,0
27,True,high,1,7463051298.0,普通用户,0,0,0
28,True,high,1,7463051298.0,普通用户,0,0,0
29,True,high,1,7463051298.0,普通用户,0,0,0
30,True,high,1,1870858943.0,蓝V,0,0,0
31,True,high,1,7463051298.0,普通用户,0,0,0
32,True,high,1,1870858943.0,蓝V,0,0,0
33,True,high,1,7472274415.0,普通用户,0,0,0
34,True,high,1,1870858943.0,蓝V,0,0,0
35,True,high,1,1870858943.0,蓝V,0,0,0
36,True,high,1,1870858943.0,蓝V,0,0,0
37,True,high,1,7463051298.0,普通用户,0,0,0
38,True,high,1,1870858943.0,蓝V,0,0,0
39,True,high,1,1870858943.0,蓝V,0,0,0
40,True,high,1,7463051298.0,普通用户,0,0,0
41,True,high,1,1870858943.0,蓝V,0,0,0
42,True,high,1,6890507718.0,蓝V,0,0,0
43,True,high,1,7463051298.0,普通用户,0,0,0
44,True,high,1,1870858943.0,蓝V,0,0,0
45,True,high,1,6890507718.0,蓝V,0,0,0
46,True,high,1,1894295570.0,蓝V,0,0,0
47,True,high,1,3941337445.0,普通用户,0,0,0
48,True,high,1,3941337445.0,普通用户,0,0,0
49,True,high,1,3659841663.0,普通用户,0,0,0
50,True,high,1,3941337445.0,普通用户,0,0,0
51,True,high,1,1870858943.0,蓝V,0,0,0
52,True,high,1,3659841663.0,普通用户,0,0,0
53,True,high,1,6890507718.0,蓝V,0,0,0
54,True,high,1,3941337445.0,普通用户,0,0,0
55,True,high,1,5976873363.0,普通用户,0,0,0
56,True,high,1,1729014640.0,蓝V,0,0,0
57,True,high,2,3710258141.0,金V,0,0,0
58,True,high,1,3941337445.0,普通用户,0,0,0
59,True,high,1,3941337445.0,普通用户,0,0,0
60,True,high,1,3710258141.0,金V,0,0,0
61,True,high,1,3941337445.0,普通用户,0,0,0
62,True,high,1,3941337445.0,普通用户,0,0,0
63,True,high,1,2794083144.0,蓝V,0,0,0
64,True,high,1,3941337445.0,普通用户,0,0,0
65,True,high,1,3941337445.0,普通用户,0,0,0
66,True,high,1,5976873363.0,普通用户,0,0,0
67,True,high,1,1729014640.0,蓝V,0,0,0
68,True,high,1,2092965653.0,蓝V,0,0,0
69,True,high,1,3941337445.0,普通用户,0,0,0
70,True,high,1,2427364747.0,蓝V,0,0,0
71,True,high,1,3941337445.0,普通用户,0,0,0
72,True,high,1,1729014640.0,蓝V,0,0,0
73,True,high,1,1729014640.0,蓝V,0,0,0
74,True,high,1,3941337445.0,普通用户,0,0,0
75,True,high,1,2653149452.0,普通用户,0,0,0
76,True,high,1,3941337445.0,普通用户,0,0,0
77,True,high,1,1729014640.0,蓝V,0,0,0
78,True,high,1,3941337445.0,普通用户,0,0,0
79,True,high,1,2130067184.0,蓝V,0,0,0
80,True,high,1,2794083144.0,蓝V,0,0,0
81,True,high,1,3941337445.0,普通用户,0,0,0
82,True,high,1,3941337445.0,普通用户,0,0,0
83,True,high,1,3941337445.0,普通用户,0,0,0
84,True,high,1,1729014640.0,蓝V,0,0,0
85,True,high,1,2427364747.0,蓝V,0,0,0
86,True,high,1,1729014640.0,蓝V,0,0,0
87,True,high,1,3941337445.0,普通用户,0,0,0
88,True,high,1,2427364747.0,蓝V,0,0,0
89,True,high,1,3941337445.0,普通用户,0,0,0
90,True,high,3,1729014640.0,蓝V,0,0,0
91,True,high,1,3941337445.0,普通用户,0,0,0
92,True,high,1,3941337445.0,普通用户,0,0,0
93,True,high,1,3941337445.0,普通用户,0,0,0
94,True,high,1,3941337445.0,普通用户,0,0,0
95,True,high,1,3941337445.0,普通用户,0,0,0
96,True,high,1,3941337445.0,普通用户,0,0,0
97,True,high,1,2427364747.0,蓝V,0,0,0
98,True,high,1,3941337445.0,普通用户,0,0,0
99,True,high,1,3941337445.0,普通用户,0,0,0
100,True,high,1,5633464636.0,蓝V,0,0,0
101,True,high,1,3941337445.0,普通用户,0,0,0
102,True,high,1,3941337445.0,普通用户,0,0,0
103,True,high,1,3941337445.0,普通用户,0,0,0
104,True,high,1,3848350712.0,蓝V,0,0,0
105,True,high,1,7368530310.0,蓝V,0,0,0
106,True,high,1,3941337445.0,普通用户,0,0,0
107,True,high,1,1642632622.0,蓝V,0,0,0
108,True,high,1,3941337445.0,普通用户,0,0,0
109,True,high,1,3941337445.0,普通用户,0,0,0
110,True,high,1,1810582730.0,黄V,0,0,0
111,True,high,1,3941337445.0,普通用户,0,0,0
112,True,high,1,1894295570.0,蓝V,0,0,0
113,True,high,1,3941337445.0,普通用户,0,0,0
114,True,high,1,3254679103.0,蓝V,0,0,0
115,True,high,1,3941337445.0,普通用户,0,0,0
116,True,high,1,3941337445.0,普通用户,0,0,0
117,True,high,1,3941337445.0,普通用户,0,0,0
118,True,high,2,3710258141.0,金V,0,0,0
119,True,high,1,3941337445.0,普通用户,0,0,0
120,True,high,1,3941337445.0,普通用户,0,0,0
121,True,high,1,3941337445.0,普通用户,0,0,0
122,True,high,1,3941337445.0,普通用户,0,0,0
123,True,high,1,1729014640.0,蓝V,0,0,0
124,True,high,1,2427364747.0,蓝V,0,0,0
125,True,high,1,3710258141.0,金V,0,0,0
126,True,high,1,1855567811.0,蓝V,0,0,0
127,True,high,1,3941337445.0,普通用户,0,0,0
128,True,high,1,3941337445.0,普通用户,0,0,0
129,True,high,1,2794083144.0,蓝V,0,0,0
130,True,high,1,3941337445.0,普通用户,0,0,0
131,True,high,1,2427364747.0,蓝V,0,0,0
132,True,high,1,3941337445.0,普通用户,0,0,0
133,True,high,1,3941337445.0,普通用户,0,0,0
134,True,high,1,1729014640.0,蓝V,0,0,0
135,True,high,1,3941337445.0,普通用户,0,0,0
136,True,high,1,3941337445.0,普通用户,0,0,0
137,True,high,1,3941337445.0,普通用户,0,0,0
138,True,high,1,1855567811.0,蓝V,0,0,0
139,True,high,1,1729014640.0,蓝V,0,0,0
140,True,high,1,6890507718.0,蓝V,0,0,0
141,True,high,1,2427364747.0,蓝V,0,0,0
142,True,high,1,3941337445.0,普通用户,0,0,0
143,True,high,1,3941337445.0,普通用户,0,0,0
144,True,high,1,3941337445.0,普通用户,0,0,0
145,True,high,1,3941337445.0,普通用户,0,0,0
146,True,high,1,3941337445.0,普通用户,0,0,0
147,True,high,1,3941337445.0,普通用户,0,0,0
148,True,high,1,6890507718.0,蓝V,0,0,0
149,True,high,1,5976873363.0,普通用户,0,0,0
150,True,high,1,3941337445.0,普通用户,0,0,0
151,True,high,1,3710258141.0,金V,0,0,0
152,True,high,1,3941337445.0,普通用户,0,0,0
153,True,high,1,3941337445.0,普通用户,0,0,0
154,True,high,1,3941337445.0,普通用户,0,0,0
155,True,high,1,3941337445.0,普通用户,0,0,0
156,True,high,1,2427364747.0,蓝V,0,0,0
157,True,high,1,3941337445.0,普通用户,0,0,0
158,True,high,1,3941337445.0,普通用户,0,0,0
159,True,high,1,3941337445.0,普通用户,0,0,0
160,True,high,2,5341251100.0,蓝V,0,0,0
161,True,high,3,3710258141.0,金V,0,0,0
162,True,high,1,3941337445.0,普通用户,0,0,0
163,True,high,1,1784264335.0,普通用户,0,0,0
164,True,high,1,3710258141.0,金V,0,0,0
165,True,high,1,5866398242.0,普通用户,0,0,0
166,True,high,1,3941337445.0,普通用户,0,0,0
167,True,high,1,3941337445.0,普通用户,0,0,0
168,True,high,1,3941337445.0,普通用户,0,0,0
169,True,high,1,5341251100.0,蓝V,0,0,0
170,True,high,1,3941337445.0,普通用户,0,0,0
171,True,high,1,3941337445.0,普通用户,0,0,0
172,True,high,1,3941337445.0,普通用户,0,0,0
173,True,high,1,3710258141.0,金V,0,0,0
174,True,high,1,3941337445.0,普通用户,0,0,0
175,True,high,1,3941337445.0,普通用户,0,0,0
176,True,high,1,3941337445.0,普通用户,0,0,0
177,True,high,1,3941337445.0,普通用户,0,0,0
178,True,high,1,3941337445.0,普通用户,0,0,0
179,True,high,1,3941337445.0,普通用户,0,0,0
180,True,high,1,3941337445.0,普通用户,0,0,0
181,True,high,1,2427364747.0,蓝V,0,0,0
182,True,high,1,1729014640.0,蓝V,0,0,0
183,True,high,1,3941337445.0,普通用户,0,0,0
184,True,high,1,3941337445.0,普通用户,0,0,0
185,True,high,1,2427364747.0,蓝V,0,0,0
186,True,high,1,3941337445.0,普通用户,0,0,0
187,True,high,1,3941337445.0,普通用户,0,0,0
188,True,high,5,2131656731.0,蓝V,0,0,0
189,True,high,1,1729014640.0,蓝V,0,0,0
190,True,high,1,2076116525.0,蓝V,0,0,0
191,True,high,1,5484777364.0,普通用户,0,0,0
192,True,high,1,3941337445.0,普通用户,0,0,0
193,True,high,1,5484777364.0,普通用户,0,0,0
194,True,high,1,3941337445.0,普通用户,0,0,0
195,True,high,1,3941337445.0,普通用户,0,0,0
196,True,high,1,3941337445.0,普通用户,0,0,0
197,True,high,1,3941337445.0,普通用户,0,0,0
198,True,high,1,3941337445.0,普通用户,0,0,0
199,True,high,1,3941337445.0,普通用户,0,0,0
200,True,high,1,3941337445.0,普通用户,0,0,0
201,True,high,1,3941337445.0,普通用户,0,0,0
202,True,high,1,2794083144.0,蓝V,0,0,0
203,True,high,1,3941337445.0,普通用户,0,0,0
204,True,high,2,2427364747.0,蓝V,0,0,0
205,True,high,1,3941337445.0,普通用户,0,0,0
206,True,high,1,2427364747.0,蓝V,0,0,0
207,True,high,1,3941337445.0,普通用户,0,0,0
208,True,high,1,3941337445.0,普通用户,0,0,0
209,True,high,1,3941337445.0,普通用户,0,0,0
210,True,high,1,7523186814.0,蓝V,0,0,0
211,True,high,1,3941337445.0,普通用户,0,0,0
212,True,high,1,3941337445.0,普通用户,0,0,0
213,True,high,1,2427364747.0,蓝V,0,0,0
214,True,high,1,1870858943.0,蓝V,0,0,0
215,True,high,1,3941337445.0,普通用户,0,0,0
216,True,high,1,3941337445.0,普通用户,0,0,0
217,True,high,1,3941337445.0,普通用户,0,0,0
218,True,high,1,3941337445.0,普通用户,0,0,0
219,True,high,1,1870858943.0,蓝V,0,0,0
220,True,high,1,3941337445.0,普通用户,0,0,0
221,True,high,1,3941337445.0,普通用户,0,0,0
222,True,high,1,3941337445.0,普通用户,0,0,0
223,True,high,1,3941337445.0,普通用户,0,0,0
224,True,high,1,3941337445.0,普通用户,0,0,0
225,True,high,1,3941337445.0,普通用户,0,0,0
226,True,high,1,3941337445.0,普通用户,0,0,0
227,True,high,1,3941337445.0,普通用户,0,0,0
228,True,high,1,1465107390.0,普通用户,0,0,0
229,True,high,1,3941337445.0,普通用户,0,0,0
230,True,high,1,1727858283.0,金V,0,0,0
231,True,high,1,1870858943.0,蓝V,0,0,0
232,True,high,1,3941337445.0,普通用户,0,0,0
233,True,high,1,1699526244.0,普通用户,0,0,0
234,True,high,1,2427364747.0,蓝V,0,0,0
235,True,high,1,1729014640.0,蓝V,0,0,0
236,True,high,1,7523186814.0,蓝V,0,0,0
237,True,high,1,1870858943.0,蓝V,0,0,0
238,True,high,1,7523186814.0,蓝V,0,0,0
239,True,high,1,1918726583.0,普通用户,0,0,0
240,True,high,1,2427364747.0,蓝V,0,0,0
241,True,high,1,3941337445.0,普通用户,0,0,0
242,True,high,1,1729014640.0,蓝V,0,0,0
243,True,high,1,2076116525.0,蓝V,0,0,0
244,True,high,1,3941337445.0,普通用户,0,0,0
245,True,high,1,3941337445.0,普通用户,0,0,0
246,True,high,1,1729014640.0,蓝V,0,0,0
247,True,high,1,1729014640.0,蓝V,0,0,0
248,True,high,1,3941337445.0,普通用户,0,0,0
249,True,high,1,3941337445.0,普通用户,0,0,0
250,True,high,1,7523186814.0,蓝V,0,0,0
251,True,high,1,7523186814.0,蓝V,0,0,0
252,True,high,1,7523186814.0,蓝V,0,0,0
253,True,high,1,3710258141.0,金V,0,0,0
254,True,high,1,5866398242.0,普通用户,0,0,0
255,True,high,1,3710258141.0,金V,0,0,0
256,True,high,1,3941337445.0,普通用户,0,0,0
257,True,high,1,3941337445.0,普通用户,0,0,0
258,True,high,1,7523186814.0,蓝V,0,0,0
259,True,high,1,7523186814.0,蓝V,0,0,0
260,True,high,1,7523186814.0,蓝V,0,0,0
261,True,high,4,5866398242.0,普通用户,0,0,0
262,True,high,1,3710258141.0,金V,0,0,0
263,True,high,1,3941337445.0,普通用户,0,0,0
264,True,high,1,3941337445.0,普通用户,0,0,0
265,True,high,1,3941337445.0,普通用户,0,0,0
266,True,high,1,3941337445.0,普通用户,0,0,0
267,True,high,1,3941337445.0,普通用户,0,0,0
268,True,high,1,3941337445.0,普通用户,0,0,0
269,True,high,1,3941337445.0,普通用户,0,0,0
270,True,high,1,3941337445.0,普通用户,0,0,0
271,True,high,1,7731301380.0,红V,0,0,0
272,True,high,1,3941337445.0,普通用户,0,0,0
273,True,high,1,6890507718.0,蓝V,0,0,0
274,True,high,1,5329434101.0,蓝V,0,0,0
275,True,high,1,3941337445.0,普通用户,0,0,0
276,True,high,1,6433304918.0,蓝V,0,0,0
277,True,high,1,3941337445.0,普通用户,0,0,0
278,True,high,1,3941337445.0,普通用户,0,0,0
279,True,high,1,3941337445.0,普通用户,0,0,0
280,True,high,1,3941337445.0,普通用户,0,0,0
281,True,high,1,3941337445.0,普通用户,0,0,0
282,True,high,1,3941337445.0,普通用户,0,0,0
283,True,high,1,3941337445.0,普通用户,0,0,0
284,True,high,1,3941337445.0,普通用户,0,0,0
285,True,high,1,6433304918.0,蓝V,0,0,0
286,True,high,1,3941337445.0,普通用户,0,0,0
287,True,high,1,3941337445.0,普通用户,0,0,0
288,True,high,1,6890507718.0,蓝V,0,0,0
289,True,high,1,3941337445.0,普通用户,0,0,0
290,True,high,1,3941337445.0,普通用户,0,0,0
291,True,high,1,3941337445.0,普通用户,0,0,0
292,True,high,1,3971578774.0,蓝V,0,0,0
293,True,high,1,3941337445.0,普通用户,0,0,0
294,True,high,1,3941337445.0,普通用户,0,0,0
295,True,high,1,6890507718.0,蓝V,0,0,0
296,True,high,1,3941337445.0,普通用户,0,0,0
297,True,high,4,2092965653.0,蓝V,0,0,0
298,True,high,1,3941337445.0,普通用户,0,0,0
299,True,high,1,3941337445.0,普通用户,0,0,0
300,True,high,1,3941337445.0,普通用户,0,0,0
301,True,high,1,3941337445.0,普通用户,0,0,0
302,True,high,1,3941337445.0,普通用户,0,0,0
303,True,high,1,3941337445.0,普通用户,0,0,0
304,True,high,1,1402400261.0,金V,0,0,0
305,True,high,1,5976873363.0,普通用户,0,0,0
306,True,high,1,3941337445.0,普通用户,0,0,0
307,True,high,1,3941337445.0,普通用户,0,0,0
308,True,high,1,3941337445.0,普通用户,0,0,0
309,True,high,1,3941337445.0,普通用户,0,0,0
310,True,high,1,3941337445.0,普通用户,0,0,0
311,True,high,1,3941337445.0,普通用户,0,0,0
312,True,high,1,3941337445.0,普通用户,0,0,0
313,True,high,1,3941337445.0,普通用户,0,0,0
314,True,high,1,3941337445.0,普通用户,0,0,0
315,True,high,1,7523186814.0,蓝V,0,0,0
316,True,high,1,7523186814.0,蓝V,0,0,0
317,True,high,1,7523186814.0,蓝V,0,0,0
318,True,high,1,7523186814.0,蓝V,0,0,0
319,True,high,1,7523186814.0,蓝V,0,0,0
320,True,high,1,7006367380.0,蓝V,0,0,0
321,True,high,1,7523186814.0,蓝V,0,0,0
322,True,high,1,7523186814.0,蓝V,0,0,0
323,True,high,1,7523186814.0,蓝V,0,0,0
324,True,high,1,7523186814.0,蓝V,0,0,0
325,True,high,1,7523186814.0,蓝V,0,0,0
326,True,high,1,7523186814.0,蓝V,0,0,0
327,True,high,1,7523186814.0,蓝V,0,0,0
328,True,high,1,7523186814.0,蓝V,0,0,0
329,True,high,1,7523186814.0,蓝V,0,0,0
330,True,high,1,7523186814.0,蓝V,0,0,0
331,True,high,1,7523186814.0,蓝V,0,0,0
332,True,high,1,7523186814.0,蓝V,0,0,0
333,True,high,1,7523186814.0,蓝V,0,0,0
334,True,high,1,7523186814.0,蓝V,0,0,0
335,True,high,1,7523186814.0,蓝V,0,0,0
336,True,high,1,7523186814.0,蓝V,0,0,0
337,True,high,1,3941337445.0,普通用户,0,0,0
338,True,high,1,7523186814.0,蓝V,0,0,0
339,True,high,1,7523186814.0,蓝V,0,0,0
340,True,high,1,3941337445.0,普通用户,0,0,0
341,True,high,1,3941337445.0,普通用户,0,0,0
342,True,high,1,3941337445.0,普通用户,0,0,0
343,True,high,1,3941337445.0,普通用户,0,0,0
344,True,high,1,3941337445.0,普通用户,0,0,0
345,True,high,1,3941337445.0,普通用户,0,0,0
346,True,high,1,6890507718.0,蓝V,0,0,0
347,True,high,1,6890507718.0,蓝V,0,0,0
348,True,high,1,3941337445.0,普通用户,0,0,0
349,True,high,1,7523186814.0,蓝V,0,0,0
350,True,high,1,7523186814.0,蓝V,0,0,0
351,True,high,1,3941337445.0,普通用户,0,0,0
352,True,high,2,3710258141.0,金V,0,0,0
353,True,high,1,7523186814.0,蓝V,0,0,0
354,True,high,1,7523186814.0,蓝V,0,0,0
355,True,high,1,3941337445.0,普通用户,0,0,0
356,True,high,1,3941337445.0,普通用户,0,0,0
357,True,high,1,3941337445.0,普通用户,0,0,0
358,True,high,1,3941337445.0,普通用户,0,0,0
359,True,high,1,2794083144.0,蓝V,0,0,0
360,True,high,1,3941337445.0,普通用户,0,0,0
361,True,high,1,3941337445.0,普通用户,0,0,0
362,True,high,1,3941337445.0,普通用户,0,0,0
363,True,high,1,3941337445.0,普通用户,0,0,0
364,True,high,1,3941337445.0,普通用户,0,0,0
365,True,high,1,1402400261.0,金V,0,0,0
366,True,high,1,3941337445.0,普通用户,0,0,0
367,True,high,1,1924502695.0,蓝V,0,0,0
368,True,high,1,3941337445.0,普通用户,0,0,0
369,True,high,1,1870858943.0,蓝V,0,0,0
370,True,high,1,3941337445.0,普通用户,0,0,0
371,True,high,1,3941337445.0,普通用户,0,0,0
372,True,high,2,1286528122.0,蓝V,0,0,0
373,True,high,1,3941337445.0,普通用户,0,0,0
374,True,high,1,3941337445.0,普通用户,0,0,0
375,True,high,1,3941337445.0,普通用户,0,0,0
376,True,high,2,2008779105.0,蓝V,0,0,0
377,True,high,1,3941337445.0,普通用户,0,0,0
378,True,high,1,1699526244.0,普通用户,0,0,0
379,True,high,1,6890507718.0,蓝V,0,0,0
380,True,high,1,3941337445.0,普通用户,0,0,0
381,True,high,1,6890507718.0,蓝V,0,0,0
382,True,high,1,1286528122.0,蓝V,0,0,0
383,True,high,1,3941337445.0,普通用户,0,0,0
384,True,high,2,1618819632.0,金V,0,0,0
385,True,high,1,1870858943.0,蓝V,0,0,0
386,True,high,1,3941337445.0,普通用户,0,0,0
387,True,high,1,3941337445.0,普通用户,0,0,0
388,True,high,1,3941337445.0,普通用户,0,0,0
389,True,high,1,3941337445.0,普通用户,0,0,0
390,True,high,1,1870858943.0,蓝V,0,0,0
391,True,high,1,1870858943.0,蓝V,0,0,0
392,True,high,1,3941337445.0,普通用户,0,0,0
393,True,high,2,2092965653.0,蓝V,0,0,0
394,True,high,1,3941337445.0,普通用户,0,0,0
395,True,high,1,3941337445.0,普通用户,0,0,0
396,True,high,1,3941337445.0,普通用户,0,0,0
397,True,high,1,3941337445.0,普通用户,0,0,0
398,True,high,1,1286528122.0,蓝V,0,0,0
399,True,high,1,1286528122.0,蓝V,0,0,0
400,True,high,1,3941337445.0,普通用户,0,0,0
401,True,high,1,2794083144.0,蓝V,0,0,0
402,True,high,1,6890507718.0,蓝V,0,0,0
403,True,high,1,1870858943.0,蓝V,0,0,0
404,True,high,1,3941337445.0,普通用户,0,0,0
405,True,high,1,3941337445.0,普通用户,0,0,0
406,True,high,1,3941337445.0,普通用户,0,0,0
407,False,none,1,1286528122.0,蓝V,0,0,0
408,True,high,1,3941337445.0,普通用户,0,0,0
409,True,high,1,1912085257.0,红V,0,0,0
410,True,high,1,3941337445.0,普通用户,0,0,0
411,True,high,1,3941337445.0,普通用户,0,0,0
412,True,high,1,3941337445.0,普通用户,0,0,0
413,True,high,1,6890507718.0,蓝V,0,0,0
414,True,high,1,3941337445.0,普通用户,0,0,0
415,True,high,3,3710258141.0,金V,0,0,0
416,True,high,1,6890507718.0,蓝V,0,0,0
417,True,high,1,3941337445.0,普通用户,0,0,0
418,True,high,1,3941337445.0,普通用户,0,0,0
419,True,high,1,3941337445.0,普通用户,0,0,0
420,True,high,1,3941337445.0,普通用户,0,0,0
421,True,high,1,3941337445.0,普通用户,0,0,0
422,True,high,1,6890507718.0,蓝V,0,0,0
423,True,high,1,3941337445.0,普通用户,0,0,0
424,True,high,1,3941337445.0,普通用户,0,0,0
425,True,high,1,6324766931.0,黄V,0,0,0
426,True,high,1,3996876140.0,蓝V,0,0,0
427,True,high,1,2678093863.0,普通用户,0,0,0
428,True,high,1,3213294213.0,蓝V,0,0,0
429,True,high,1,5329434101.0,蓝V,0,0,0
430,True,high,1,5329434101.0,蓝V,0,0,0
431,True,high,1,3213294213.0,蓝V,0,0,0
432,True,high,1,5329434101.0,蓝V,0,0,0
433,True,high,1,1768409523.0,蓝V,0,0,0
434,True,high,1,5875989566.0,蓝V,0,0,0
435,True,high,1,2678093863.0,普通用户,0,0,0
436,True,high,1,2678093863.0,普通用户,0,0,0
437,True,high,1,5329434101.0,蓝V,0,0,0
438,True,high,1,5329434101.0,蓝V,0,0,0
439,True,high,1,1615055180.0,黄V,0,0,0
440,True,high,1,1615055180.0,黄V,0,0,0
441,True,high,1,5329434101.0,蓝V,0,0,0
442,True,high,2,5329434101.0,蓝V,0,0,0
443,True,high,1,1812175903.0,金V,0,0,0
444,True,high,1,5329434101.0,蓝V,0,0,0
445,True,high,1,5329434101.0,蓝V,0,0,0
446,True,high,1,1812175903.0,金V,0,0,0
447,True,high,1,3213294213.0,蓝V,0,0,0
448,True,high,1,1870858943.0,蓝V,0,0,0
449,True,high,2,1870858943.0,蓝V,0,0,0
450,False,none,1,5953063530.0,普通用户,0,0,0
451,True,high,2,5329434101.0,蓝V,0,0,0
452,True,high,1,6614989372.0,普通用户,0,0,0
453,True,high,1,6614989372.0,普通用户,0,0,0
454,True,high,1,1854722641.0,蓝V,0,0,0
455,True,high,1,6684374689.0,蓝V,0,0,0
456,True,high,1,1815659631.0,普通用户,0,0,0
457,True,high,1,2949617444.0,蓝V,0,0,0
458,True,high,1,6684374689.0,蓝V,0,0,0
459,True,high,1,2683703741.0,蓝V,0,0,0
460,True,low,1,1870858943.0,蓝V,0,0,0
461,True,high,1,1235572171.0,蓝V,0,0,0
462,True,high,1,5329434101.0,蓝V,0,0,0
463,True,high,2,3800117772.0,普通用户,0,0,0
464,True,high,1,5329434101.0,蓝V,0,0,0
465,True,high,1,2279408463.0,蓝V,0,0,0
466,True,high,1,1870858943.0,蓝V,0,0,0
467,True,high,1,5329434101.0,蓝V,0,0,0
468,True,high,1,2216240737.0,蓝V,0,0,0
469,True,high,1,5329434101.0,蓝V,0,0,0
470,True,high,1,1235572171.0,蓝V,0,0,0
471,True,high,1,5329434101.0,蓝V,0,0,0
472,True,high,1,5976873363.0,普通用户,0,0,0
473,True,high,1,3710258141.0,金V,0,0,0
474,True,high,2,5329434101.0,蓝V,0,0,0
475,True,high,1,5356414944.0,蓝V,0,0,0
476,True,high,2,6704969204.0,蓝V,0,0,0
477,True,high,1,1870858943.0,蓝V,0,0,0
478,True,medium,1,6593893685.0,黄V,0,0,0
479,True,high,1,1812175903.0,金V,0,0,0
480,True,high,1,3996731343.0,普通用户,0,0,0
481,True,high,1,5582414021.0,蓝V,0,0,0
482,True,high,1,1235572171.0,蓝V,0,0,0
483,True,high,1,6614989372.0,普通用户,0,0,0
484,True,high,1,3710258141.0,金V,0,0,0
485,True,high,1,5501415626.0,蓝V,0,0,0
486,True,high,1,5501415626.0,蓝V,0,0,0
487,True,high,1,5501415626.0,蓝V,0,0,0
488,True,high,1,5501415626.0,蓝V,0,0,0
489,True,high,1,5501415626.0,蓝V,0,0,0
490,True,high,1,3213294213.0,蓝V,0,0,0
491,True,high,1,5501415626.0,蓝V,0,0,0
492,True,high,1,2345219597.0,蓝V,0,0,0
493,True,high,1,6684374689.0,蓝V,0,0,0
494,True,high,2,3996731343.0,普通用户,0,0,0
495,True,high,1,5501415626.0,蓝V,0,0,0
496,True,high,1,3710258141.0,金V,0,0,0
497,True,high,1,5329434101.0,蓝V,0,0,0
498,True,high,1,5329434101.0,蓝V,0,0,0
499,True,high,1,3889212468.0,普通用户,0,0,0
500,True,high,1,5501415626.0,蓝V,0,0,0
501,True,high,1,5501415626.0,蓝V,0,0,0
502,True,high,1,5629095345.0,蓝V,0,0,0
503,True,high,1,5629095345.0,蓝V,0,0,0
504,True,high,1,5629095345.0,蓝V,0,0,0
505,True,high,1,1870858943.0,蓝V,0,0,0
506,True,high,1,7006367380.0,蓝V,0,0,0
507,True,high,1,2345219597.0,蓝V,0,0,0
508,True,medium,1,6347862377.0,普通用户,0,0,0
509,True,high,1,1764919567.0,红V,0,0,0
510,True,high,1,6586581066.0,黄V,0,0,0
511,True,high,1,2736122815.0,蓝V,0,0,0
512,True,high,1,6086578527.0,蓝V,0,0,0
513,True,high,1,3097251601.0,蓝V,0,0,0
514,True,high,1,6684374689.0,蓝V,0,0,0
515,True,high,1,2345219597.0,蓝V,0,0,0
516,True,high,1,3996876140.0,蓝V,0,0,0
517,True,high,1,3996876140.0,蓝V,0,0,0
518,True,high,1,3097251601.0,蓝V,0,0,0
519,True,high,1,1730177302.0,蓝V,0,0,0
520,True,high,1,1764919567.0,红V,0,0,0
521,True,high,1,3097251601.0,蓝V,0,0,0
522,True,high,1,2345219597.0,蓝V,0,0,0
523,True,high,4,5329434101.0,蓝V,0,0,0
524,True,high,1,5228633483.0,蓝V,0,0,0
525,True,high,1,6684374689.0,蓝V,0,0,0
526,True,high,1,1990821721.0,金V,0,0,0
527,True,medium,1,3097251601.0,蓝V,0,0,0
528,True,high,1,3097251601.0,蓝V,0,0,0
529,True,high,1,1730177302.0,蓝V,0,0,0
530,True,high,1,1945345954.0,普通用户,0,0,0
531,True,high,1,2279408463.0,蓝V,0,0,0
532,True,high,1,3097251601.0,蓝V,0,0,0
533,True,high,1,1665808371.0,红V,0,0,0
534,True,high,1,5329434101.0,蓝V,0,0,0
535,True,high,1,7303936026.0,普通用户,0,0,0
536,True,high,1,3097251601.0,蓝V,0,0,0
537,True,high,1,1877686643.0,蓝V,0,0,0
538,True,high,1,5107569889.0,蓝V,0,0,0
539,True,high,2,2126427211.0,黄V,0,0,0
540,True,high,1,1730177302.0,蓝V,0,0,0
541,True,low,1,2149904042.0,普通用户,0,0,0
542,True,high,1,5514691132.0,普通用户,0,0,0
543,True,high,1,5514691132.0,普通用户,0,0,0
544,True,high,1,1730177302.0,蓝V,0,0,0
545,True,high,1,5599962053.0,普通用户,0,0,0
546,True,high,1,5599962053.0,普通用户,0,0,0
547,True,high,1,5599962053.0,普通用户,0,0,0
548,True,high,1,5329434101.0,蓝V,0,0,0
549,True,high,1,5599962053.0,普通用户,0,0,0
550,True,high,1,5599962053.0,普通用户,0,0,0
551,True,high,1,5599962053.0,普通用户,0,0,0
552,True,high,1,5599962053.0,普通用户,0,0,0
553,True,high,1,5599962053.0,普通用户,0,0,0
554,True,high,1,5599962053.0,普通用户,0,0,0
555,True,high,1,5599962053.0,普通用户,0,0,0
556,True,high,1,5599962053.0,普通用户,0,0,0
557,True,high,1,1235572171.0,蓝V,0,0,0
558,True,high,1,5599962053.0,普通用户,0,0,0
559,True,high,2,5599962053.0,普通用户,0,0,0
560,True,high,2,5599962053.0,普通用户,0,0,0
561,True,high,1,5599962053.0,普通用户,0,0,0
562,True,high,2,5599962053.0,普通用户,0,0,0
563,True,high,1,1945345954.0,普通用户,0,0,0
564,True,high,2,5599962053.0,普通用户,0,0,0
565,True,high,2,5599962053.0,普通用户,0,0,0
566,True,high,2,5599962053.0,普通用户,0,0,0
567,True,high,2,5599962053.0,普通用户,0,0,0
568,True,high,1,1730177302.0,蓝V,0,0,0
569,True,high,2,5599962053.0,普通用户,0,0,0
570,True,high,2,5599962053.0,普通用户,0,0,0
571,True,high,2,5599962053.0,普通用户,0,0,0
572,True,high,2,5599962053.0,普通用户,0,0,0
573,True,high,2,5599962053.0,普通用户,0,0,0
574,True,high,1,1730177302.0,蓝V,0,0,0
575,True,high,2,5599962053.0,普通用户,0,0,0
576,True,high,2,5599962053.0,普通用户,0,0,0
577,True,high,2,5599962053.0,普通用户,0,0,0
578,True,high,2,5599962053.0,普通用户,0,0,0
579,True,high,2,5599962053.0,普通用户,0,0,0
580,True,high,2,5599962053.0,普通用户,0,0,0
581,True,high,1,1730177302.0,蓝V,0,0,0
582,True,high,2,5599962053.0,普通用户,0,0,0
583,True,high,2,5599962053.0,普通用户,0,0,0
584,True,high,2,5599962053.0,普通用户,0,0,0
585,True,high,2,5599962053.0,普通用户,0,0,0
586,True,high,2,5599962053.0,普通用户,0,0,0
587,True,high,2,5599962053.0,普通用户,0,0,0
588,True,high,2,5599962053.0,普通用户,0,0,0
589,True,high,2,5599962053.0,普通用户,0,0,0
590,True,high,1,6451404278.0,蓝V,0,0,0
591,True,high,1,1235572171.0,蓝V,0,0,0
592,True,high,2,5599962053.0,普通用户,0,0,0
593,True,high,2,5599962053.0,普通用户,0,0,0
594,True,high,1,6684374689.0,蓝V,0,0,0
595,True,high,2,5599962053.0,普通用户,0,0,0
596,True,high,2,5599962053.0,普通用户,0,0,0
597,True,high,2,5599962053.0,普通用户,0,0,0
598,True,high,2,5599962053.0,普通用户,0,0,0
599,True,high,2,5599962053.0,普通用户,0,0,0
600,True,high,2,5599962053.0,普通用户,0,0,0
601,True,high,1,1729014640.0,蓝V,0,0,0
602,True,high,2,5599962053.0,普通用户,0,0,0
603,True,high,1,1729014640.0,蓝V,0,0,0
604,True,high,2,5599962053.0,普通用户,0,0,0
605,True,high,1,1729014640.0,蓝V,0,0,0
606,True,high,1,5329434101.0,蓝V,0,0,0
607,True,high,1,1730177302.0,蓝V,0,0,0
608,True,high,2,5599962053.0,普通用户,0,0,0
609,True,high,2,5599962053.0,普通用户,0,0,0
610,True,high,2,5599962053.0,普通用户,0,0,0
611,True,high,2,5599962053.0,普通用户,0,0,0
612,True,high,2,5599962053.0,普通用户,0,0,0
613,True,high,2,5599962053.0,普通用户,0,0,0
614,True,high,2,5599962053.0,普通用户,0,0,0
615,True,high,1,1730177302.0,蓝V,0,0,0
616,True,high,1,1729014640.0,蓝V,0,0,0
617,True,high,2,5599962053.0,普通用户,0,0,0
618,True,high,1,1870858943.0,蓝V,0,0,0
619,True,high,2,5599962053.0,普通用户,0,0,0
620,True,high,1,3097251601.0,蓝V,0,0,0
621,True,high,2,5599962053.0,普通用户,0,0,0
622,True,high,2,5599962053.0,普通用户,0,0,0
623,True,high,2,5599962053.0,普通用户,0,0,0
624,True,high,2,5599962053.0,普通用户,0,0,0
625,True,high,2,5599962053.0,普通用户,0,0,0
626,True,high,2,5599962053.0,普通用户,0,0,0
627,True,high,2,1764919567.0,红V,0,0,0
628,True,high,2,5599962053.0,普通用户,0,0,0
629,True,high,2,5599962053.0,普通用户,0,0,0
630,True,high,1,1729014640.0,蓝V,0,0,0
631,True,high,2,5599962053.0,普通用户,0,0,0
632,True,high,2,5599962053.0,普通用户,0,0,0
633,True,high,2,5599962053.0,普通用户,0,0,0
634,True,high,1,1729014640.0,蓝V,0,0,0
635,True,high,2,5599962053.0,普通用户,0,0,0
636,True,high,2,5599962053.0,普通用户,0,0,0
637,True,high,1,3710258141.0,金V,0,0,0
638,True,high,2,5599962053.0,普通用户,0,0,0
639,True,high,1,1729014640.0,蓝V,0,0,0
640,True,high,2,5599962053.0,普通用户,0,0,0
641,True,high,1,1870858943.0,蓝V,0,0,0
642,True,high,1,1870858943.0,蓝V,0,0,0
643,True,high,1,1870858943.0,蓝V,0,0,0
644,True,high,1,1729014640.0,蓝V,0,0,0
645,True,high,1,1729014640.0,蓝V,0,0,0
646,True,high,1,1729014640.0,蓝V,0,0,0
647,True,high,1,1729014640.0,蓝V,0,0,0
648,True,high,1,1729014640.0,蓝V,0,0,0
649,True,high,1,1894295570.0,蓝V,0,0,0
650,True,high,1,6526109246.0,普通用户,0,0,0
651,True,high,1,5329434101.0,蓝V,0,0,0
652,True,high,1,2427364747.0,蓝V,0,0,0
653,True,high,1,3097251601.0,蓝V,0,0,0
654,True,high,1,5953063530.0,普通用户,0,0,0
655,True,high,1,2427364747.0,蓝V,0,0,0
656,True,high,1,6320096202.0,普通用户,0,0,0
657,True,high,1,1729014640.0,蓝V,0,0,0
658,True,high,1,5976873363.0,普通用户,0,0,0
659,True,high,1,5599962053.0,普通用户,0,0,0
660,True,high,1,1729014640.0,蓝V,0,0,0
661,True,high,1,5599962053.0,普通用户,0,0,0
662,True,high,1,5599962053.0,普通用户,0,0,0
663,True,high,1,1730177302.0,蓝V,0,0,0
664,True,high,1,5599962053.0,普通用户,0,0,0
665,True,high,1,5599962053.0,普通用户,0,0,0
666,True,high,1,1870858943.0,蓝V,0,0,0
667,True,high,1,1729014640.0,蓝V,0,0,0
668,True,high,1,2427364747.0,蓝V,0,0,0
669,True,high,1,1729014640.0,蓝V,0,0,0
670,True,high,1,5599962053.0,普通用户,0,0,0
671,True,high,1,2427364747.0,蓝V,0,0,0
672,True,high,1,1729014640.0,蓝V,0,0,0
673,True,high,1,6684374689.0,蓝V,0,0,0
674,True,high,1,5599962053.0,普通用户,0,0,0
675,True,high,1,1870858943.0,蓝V,0,0,0
676,True,high,1,2427364747.0,蓝V,0,0,0
677,True,high,1,1870858943.0,蓝V,0,0,0
678,True,high,1,1764919567.0,红V,0,0,0
679,True,high,2,1729014640.0,蓝V,0,0,0
680,True,high,1,5599962053.0,普通用户,0,0,0
681,True,high,1,3889212468.0,普通用户,0,0,0
682,True,high,1,5599962053.0,普通用户,0,0,0
683,True,high,1,5599962053.0,普通用户,0,0,0
684,True,high,1,2427364747.0,蓝V,0,0,0
685,True,high,1,1729014640.0,蓝V,0,0,0
686,True,high,1,5976873363.0,普通用户,0,0,0
687,True,high,1,5599962053.0,普通用户,0,0,0
688,True,high,1,5976873363.0,普通用户,0,0,0
689,True,high,1,5599962053.0,普通用户,0,0,0
690,True,high,1,2279408463.0,蓝V,0,0,0
691,True,high,1,2427364747.0,蓝V,0,0,0
692,True,high,1,5599962053.0,普通用户,0,0,0
693,True,high,1,5599962053.0,普通用户,0,0,0
694,True,high,1,2427364747.0,蓝V,0,0,0
695,True,high,1,1764919567.0,红V,0,0,0
696,True,high,2,5329434101.0,蓝V,0,0,0
697,True,high,1,5599962053.0,普通用户,0,0,0
698,True,high,1,5599962053.0,普通用户,0,0,0
699,True,high,2,3710258141.0,金V,0,0,0
700,True,high,1,5976873363.0,普通用户,0,0,0
701,True,high,1,1730177302.0,蓝V,0,0,0
702,True,high,1,3097251601.0,蓝V,0,0,0
703,True,high,1,2427364747.0,蓝V,0,0,0
704,True,high,1,1729014640.0,蓝V,0,0,0
705,True,high,1,1729014640.0,蓝V,0,0,0
706,True,high,1,1730177302.0,蓝V,0,0,0
707,True,high,1,5599962053.0,普通用户,0,0,0
708,True,high,1,5599962053.0,普通用户,0,0,0
709,True,high,1,6245734497.0,普通用户,0,0,0
710,True,high,1,5599962053.0,普通用户,0,0,0
711,True,high,1,5599962053.0,普通用户,0,0,0
712,True,high,1,1729014640.0,蓝V,0,0,0
713,True,high,1,1870858943.0,蓝V,0,0,0
714,True,high,1,5976873363.0,普通用户,0,0,0
715,False,none,1,2085920047.0,蓝V,0,0,0
716,True,high,1,1729014640.0,蓝V,0,0,0
717,True,high,1,7472274415.0,普通用户,0,0,0
718,True,high,1,1699305164.0,普通用户,0,0,0
719,True,high,1,5356414944.0,蓝V,0,0,0
720,True,high,1,5599962053.0,普通用户,0,0,0
721,True,high,1,5514691132.0,普通用户,0,0,0
722,True,high,1,7472274415.0,普通用户,0,0,0
723,True,high,1,5514691132.0,普通用户,0,0,0
724,True,high,1,5329434101.0,蓝V,0,0,0
725,True,high,1,3710258141.0,金V,0,0,0
726,True,high,1,7472274415.0,普通用户,0,0,0
727,True,high,1,5599962053.0,普通用户,0,0,0
728,True,high,1,5599962053.0,普通用户,0,0,0
729,True,high,1,2427364747.0,蓝V,0,0,0
730,True,high,1,7472274415.0,普通用户,0,0,0
731,True,high,1,2794083144.0,蓝V,0,0,0
732,True,high,1,6684374689.0,蓝V,0,0,0
733,True,high,1,1729014640.0,蓝V,0,0,0
734,True,high,1,5329434101.0,蓝V,0,0,0
735,True,high,1,5329434101.0,蓝V,0,0,0
736,True,high,1,5976873363.0,普通用户,0,0,0
737,True,high,1,6684374689.0,蓝V,0,0,0
738,True,high,1,6684374689.0,蓝V,0,0,0
739,True,high,1,5976873363.0,普通用户,0,0,0
740,True,high,1,5599962053.0,普通用户,0,0,0
741,True,high,1,6684374689.0,蓝V,0,0,0
742,True,high,1,5599962053.0,普通用户,0,0,0
743,True,high,1,5245487385.0,蓝V,0,0,0
744,True,high,1,5599962053.0,普通用户,0,0,0
745,True,high,1,5599962053.0,普通用户,0,0,0
746,True,high,1,5599962053.0,普通用户,0,0,0
747,True,medium,1,3057182845.0,蓝V,0,0,0
748,True,high,1,5599962053.0,普通用户,0,0,0
749,True,high,1,5599962053.0,普通用户,0,0,0
750,True,high,1,2427364747.0,蓝V,0,0,0
751,True,high,1,3941871067.0,普通用户,0,0,0
752,True,high,1,5599962053.0,普通用户,0,0,0
753,True,high,1,5976873363.0,普通用户,0,0,0
754,True,high,1,1729014640.0,蓝V,0,0,0
755,True,high,1,5599962053.0,普通用户,0,0,0
756,True,high,1,2424618195.0,蓝V,0,0,0
757,True,high,1,1730177302.0,蓝V,0,0,0
758,True,high,1,5599962053.0,普通用户,0,0,0
759,True,high,1,5514691132.0,普通用户,0,0,0
760,True,high,1,5599962053.0,普通用户,0,0,0
761,True,high,1,1729014640.0,蓝V,0,0,0
762,True,high,1,5599962053.0,普通用户,0,0,0
763,True,high,1,5599962053.0,普通用户,0,0,0
764,True,high,1,5599962053.0,普通用户,0,0,0
765,True,high,1,7472274415.0,普通用户,0,0,0
766,True,high,1,5599962053.0,普通用户,0,0,0
767,True,high,1,7472274415.0,普通用户,0,0,0
768,True,high,1,5976873363.0,普通用户,0,0,0
769,True,high,1,1870858943.0,蓝V,0,0,0
770,True,high,1,1870858943.0,蓝V,0,0,0
771,True,high,1,1464484735.0,普通用户,0,0,0
772,True,high,1,2427364747.0,蓝V,0,0,0
773,True,high,1,5329434101.0,蓝V,0,0,0
774,True,high,1,1995374987.0,普通用户,0,0,0
775,True,high,1,6526109246.0,普通用户,0,0,0
776,True,high,1,7495031452.0,普通用户,0,0,0
777,True,high,1,5329434101.0,蓝V,0,0,0
778,True,high,3,1729014640.0,蓝V,0,0,0
779,True,high,1,1729014640.0,蓝V,0,0,0
780,True,high,1,5329434101.0,蓝V,0,0,0
781,True,high,1,1870858943.0,蓝V,0,0,0
782,True,high,1,1870858943.0,蓝V,0,0,0
783,True,high,1,5599962053.0,普通用户,0,0,0
784,True,high,1,5599962053.0,普通用户,0,0,0
785,True,high,1,5599962053.0,普通用户,0,0,0
786,True,high,1,5599962053.0,普通用户,0,0,0
787,True,high,1,5599962053.0,普通用户,0,0,0
788,True,high,1,3097251601.0,蓝V,0,0,0
789,True,high,1,2427364747.0,蓝V,0,0,0
790,True,high,1,1729014640.0,蓝V,0,0,0
791,True,high,1,2427364747.0,蓝V,0,0,0
792,True,high,1,1464484735.0,普通用户,0,0,0
793,True,high,1,1729014640.0,蓝V,0,0,0
794,True,high,1,1729014640.0,蓝V,0,0,0
795,True,high,1,1958957737.0,蓝V,0,0,0
796,True,high,1,1870858943.0,蓝V,0,0,0
797,True,high,1,1729014640.0,蓝V,0,0,0
798,True,high,1,5976873363.0,普通用户,0,0,0
799,True,high,1,5599962053.0,普通用户,0,0,0
800,True,high,1,1729014640.0,蓝V,0,0,0
801,True,high,1,1729014640.0,蓝V,0,0,0
802,True,high,1,2810904414.0,黄V,0,0,0
803,True,high,1,6536754860.0,蓝V,0,0,0
804,True,high,1,5976873363.0,普通用户,0,0,0
805,True,high,1,5329434101.0,蓝V,0,0,0
806,True,high,1,5599962053.0,普通用户,0,0,0
807,True,high,1,5599962053.0,普通用户,0,0,0
808,True,high,1,5356414944.0,蓝V,0,0,0
809,True,high,1,3097251601.0,蓝V,0,0,0
810,True,high,1,5976873363.0,普通用户,0,0,0
811,True,high,1,5976873363.0,普通用户,0,0,0
812,True,high,1,5599962053.0,普通用户,0,0,0
813,True,high,1,5329434101.0,蓝V,0,0,0
814,True,high,1,2427364747.0,蓝V,0,0,0
815,True,high,1,5599962053.0,普通用户,0,0,0
816,True,high,1,5599962053.0,普通用户,0,0,0
817,True,high,1,5599962053.0,普通用户,0,0,0
818,True,high,1,5599962053.0,普通用户,0,0,0
819,True,high,1,5599962053.0,普通用户,0,0,0
820,True,high,1,5599962053.0,普通用户,0,0,0
821,True,high,1,5599962053.0,普通用户,0,0,0
822,True,high,1,2427364747.0,蓝V,0,0,0
823,True,high,1,1729014640.0,蓝V,0,0,0
824,True,high,1,5599962053.0,普通用户,0,0,0
825,True,high,1,5329434101.0,蓝V,0,0,0
826,True,high,1,5329434101.0,蓝V,0,0,0
827,True,high,1,5976873363.0,普通用户,0,0,0
828,True,high,1,5976873363.0,普通用户,0,0,0
829,True,high,1,5976873363.0,普通用户,0,0,0
830,True,high,2,2427364747.0,蓝V,0,0,0
831,True,high,1,5976873363.0,普通用户,0,0,0
832,True,high,1,5976873363.0,普通用户,0,0,0
833,True,high,1,5976873363.0,普通用户,0,0,0
834,True,high,1,2427364747.0,蓝V,0,0,0
835,True,high,1,5976873363.0,普通用户,0,0,0
836,True,high,1,1729014640.0,蓝V,0,0,0
837,True,high,2,1729014640.0,蓝V,0,0,0
838,True,high,3,2427364747.0,蓝V,0,0,0
839,True,high,1,1729014640.0,蓝V,0,0,0
840,True,high,1,2678093863.0,普通用户,0,0,0
841,True,high,2,1729014640.0,蓝V,0,0,0
842,True,high,1,5976873363.0,普通用户,0,0,0
843,True,high,1,5514691132.0,普通用户,0,0,0
844,True,high,1,6704969204.0,蓝V,0,0,0
845,True,high,1,1729014640.0,蓝V,0,0,0
846,True,high,1,2427364747.0,蓝V,0,0,0
847,True,high,1,2427364747.0,蓝V,0,0,0
848,True,high,1,5976873363.0,普通用户,0,0,0
849,True,high,3,1729014640.0,蓝V,0,0,0
850,True,high,1,1729014640.0,蓝V,0,0,0
851,True,high,1,5329434101.0,蓝V,0,0,0
852,True,high,1,2279408463.0,蓝V,0,0,0
853,True,high,1,5976873363.0,普通用户,0,0,0
854,True,high,1,5599962053.0,普通用户,0,0,0
855,True,high,1,5976873363.0,普通用户,0,0,0
856,True,high,1,5976873363.0,普通用户,0,0,0
857,True,high,1,1870858943.0,蓝V,0,0,0
858,True,high,1,5599962053.0,普通用户,0,0,0
859,True,high,1,1870858943.0,蓝V,0,0,0
860,True,high,1,1870858943.0,蓝V,0,0,0
861,True,high,1,1729014640.0,蓝V,0,0,0
862,True,high,2,1729014640.0,蓝V,0,0,0
863,True,high,1,1729014640.0,蓝V,0,0,0
864,True,high,3,1729014640.0,蓝V,0,0,0
865,True,high,1,5976873363.0,普通用户,0,0,0
866,True,high,1,5976873363.0,普通用户,0,0,0
867,True,high,1,5633464636.0,蓝V,0,0,0
868,True,high,1,2108671043.0,普通用户,0,0,0
869,True,high,1,1729014640.0,蓝V,0,0,0
870,True,high,1,5340174229.0,蓝V,0,0,0
871,True,high,1,5599962053.0,普通用户,0,0,0
872,True,high,1,5599962053.0,普通用户,0,0,0
873,True,high,1,5976873363.0,普通用户,0,0,0
874,True,high,1,5599962053.0,普通用户,0,0,0
875,True,high,1,5976873363.0,普通用户,0,0,0
876,True,high,1,5599962053.0,普通用户,0,0,0
877,True,high,1,5976873363.0,普通用户,0,0,0
878,True,high,2,1729014640.0,蓝V,0,0,0
879,True,high,1,2678093863.0,普通用户,0,0,0
880,True,high,1,5599962053.0,普通用户,0,0,0
881,True,high,1,5329434101.0,蓝V,0,0,0
882,True,high,5,1764919567.0,红V,0,0,0
883,True,high,1,1729014640.0,蓝V,0,0,0
884,True,high,1,2427364747.0,蓝V,0,0,0
885,True,high,1,2427364747.0,蓝V,0,0,0
886,True,high,1,5356414944.0,蓝V,0,0,0
887,True,high,1,5599962053.0,普通用户,0,0,0
888,True,high,1,3543329232.0,蓝V,0,0,0
889,True,high,1,1870858943.0,蓝V,0,0,0
890,True,high,1,1870858943.0,蓝V,0,0,0
891,True,high,1,2794083144.0,蓝V,0,0,0
892,True,high,1,5329434101.0,蓝V,0,0,0
893,True,high,1,3543329232.0,蓝V,0,0,0
894,True,high,1,5599962053.0,普通用户,0,0,0
895,True,high,1,5599962053.0,普通用户,0,0,0
896,True,high,1,6433304918.0,蓝V,0,0,0
897,True,high,1,5599962053.0,普通用户,0,0,0
898,True,high,1,5599962053.0,普通用户,0,0,0
899,True,high,1,5599962053.0,普通用户,0,0,0
900,True,high,1,1496878501.0,金V,0,0,0
901,True,high,3,5329434101.0,蓝V,0,0,0
902,True,high,1,1729014640.0,蓝V,0,0,0
903,True,high,1,2427364747.0,蓝V,0,0,0
904,True,high,1,5599962053.0,普通用户,0,0,0
905,True,high,1,1870858943.0,蓝V,0,0,0
906,True,high,1,5599962053.0,普通用户,0,0,0
907,True,high,1,5599962053.0,普通用户,0,0,0
908,True,high,1,5599962053.0,普通用户,0,0,0
909,True,high,2,5329434101.0,蓝V,0,0,0
910,True,high,1,2427364747.0,蓝V,0,0,0
911,True,high,1,1730177302.0,蓝V,0,0,0
912,True,high,1,5976873363.0,普通用户,0,0,0
913,True,high,1,5599962053.0,普通用户,0,0,0
914,True,high,1,5599962053.0,普通用户,0,0,0
915,True,high,1,5329434101.0,蓝V,0,0,0
916,True,high,1,1917491813.0,红V,0,0,0
917,True,high,1,1729014640.0,蓝V,0,0,0
918,True,high,1,1729014640.0,蓝V,0,0,0
919,True,high,1,5976873363.0,普通用户,0,0,0
920,True,high,1,5976873363.0,普通用户,0,0,0
921,True,high,1,5976873363.0,普通用户,0,0,0
922,True,high,1,5976873363.0,普通用户,0,0,0
923,True,high,1,1729014640.0,蓝V,0,0,0
924,True,high,1,2427364747.0,蓝V,0,0,0
925,True,high,1,5599962053.0,普通用户,0,0,0
926,True,high,1,5599962053.0,普通用户,0,0,0
927,True,high,1,2279408463.0,蓝V,0,0,0
928,True,high,1,5329434101.0,蓝V,0,0,0
929,True,high,1,1729014640.0,蓝V,0,0,0
930,True,high,1,2427364747.0,蓝V,0,0,0
931,True,high,1,1729014640.0,蓝V,0,0,0
932,True,high,1,1764919567.0,红V,0,0,0
933,True,high,1,5599962053.0,普通用户,0,0,0
934,True,high,1,5599962053.0,普通用户,0,0,0
935,True,high,1,1764919567.0,红V,0,0,0
936,True,high,1,1729014640.0,蓝V,0,0,0
937,True,high,1,2427364747.0,蓝V,0,0,0
938,True,high,1,5976873363.0,普通用户,0,0,0
939,True,high,1,5341251100.0,蓝V,0,0,0
940,True,high,1,2427364747.0,蓝V,0,0,0
941,True,high,1,2427364747.0,蓝V,0,0,0
942,True,high,1,2427364747.0,蓝V,0,0,0
943,True,high,1,5599962053.0,普通用户,0,0,0
944,True,high,1,2794083144.0,蓝V,0,0,0
945,True,high,1,5599962053.0,普通用户,0,0,0
946,True,high,1,2427364747.0,蓝V,0,0,0
947,True,high,1,5329434101.0,蓝V,0,0,0
948,True,high,1,5329434101.0,蓝V,0,0,0
949,True,high,1,1729014640.0,蓝V,0,0,0
950,True,high,1,6596265412.0,普通用户,0,0,0
951,True,high,1,2794083144.0,蓝V,0,0,0
952,True,high,1,1894295570.0,蓝V,0,0,0
953,True,high,1,1729014640.0,蓝V,0,0,0
954,True,high,1,5329434101.0,蓝V,0,0,0
955,True,high,1,1729014640.0,蓝V,0,0,0
956,True,high,1,5356414944.0,蓝V,0,0,0
957,True,high,1,5976873363.0,普通用户,0,0,0
958,True,high,1,2427364747.0,蓝V,0,0,0
959,True,high,1,5514691132.0,普通用户,0,0,0
960,True,high,1,2427364747.0,蓝V,0,0,0
961,True,high,1,2427364747.0,蓝V,0,0,0
962,True,high,1,2794083144.0,蓝V,0,0,0
963,True,high,1,5633464636.0,蓝V,0,0,0
964,True,high,1,1730177302.0,蓝V,0,0,0
965,True,high,1,1729014640.0,蓝V,0,0,0
966,True,high,1,2427364747.0,蓝V,0,0,0
967,True,high,1,5976873363.0,普通用户,0,0,0
968,True,high,1,1870858943.0,蓝V,0,0,0
969,True,high,1,5599962053.0,普通用户,0,0,0
970,True,high,1,5602911905.0,蓝V,0,0,0
971,True,high,1,5329434101.0,蓝V,0,0,0
972,True,high,1,5599962053.0,普通用户,0,0,0
973,True,high,1,5599962053.0,普通用户,0,0,0
974,True,high,1,2427364747.0,蓝V,0,0,0
975,True,high,1,1729014640.0,蓝V,0,0,0
976,True,high,2,2427364747.0,蓝V,0,0,0
977,True,high,2,1729014640.0,蓝V,0,0,0
978,True,high,1,1729014640.0,蓝V,0,0,0
979,True,high,1,1729014640.0,蓝V,0,0,0
980,True,high,1,2427364747.0,蓝V,0,0,0
981,True,high,1,5976873363.0,普通用户,0,0,0
982,True,high,1,5976873363.0,普通用户,0,0,0
983,True,high,1,3275213384.0,蓝V,0,0,0
984,True,high,1,5976873363.0,普通用户,0,0,0
985,True,high,1,5599962053.0,普通用户,0,0,0
986,True,high,1,5329434101.0,蓝V,0,0,0
987,True,high,1,5329434101.0,蓝V,0,0,0
988,True,high,1,1870858943.0,蓝V,0,0,0
989,True,high,1,5514691132.0,普通用户,0,0,0
990,True,medium,1,2126427211.0,黄V,0,0,0
991,True,high,1,2427364747.0,蓝V,0,0,0
992,True,high,1,5599962053.0,普通用户,0,0,0
993,True,high,1,5599962053.0,普通用户,0,0,0
994,True,high,1,1729014640.0,蓝V,0,0,0
995,True,high,1,5599962053.0,普通用户,0,0,0
996,True,high,1,5976873363.0,普通用户,0,0,0
997,True,high,1,5356414944.0,蓝V,0,0,0
998,True,high,1,5514691132.0,普通用户,0,0,0
999,True,high,1,5599962053.0,普通用户,0,0,0
1000,True,high,1,2657633095.0,蓝V,0,0,0
1001,True,high,1,2427364747.0,蓝V,0,0,0
1002,True,high,1,2427364747.0,蓝V,0,0,0
1003,True,high,1,5599962053.0,普通用户,0,0,0
1004,True,high,1,1729014640.0,蓝V,0,0,0
1005,True,high,1,1729014640.0,蓝V,0,0,0
1006,True,high,1,1729014640.0,蓝V,0,0,0
1007,True,high,1,1894295570.0,蓝V,0,0,0
1008,True,high,1,2427364747.0,蓝V,0,0,0
1009,True,high,1,5599962053.0,普通用户,0,0,0
1010,True,high,1,1870858943.0,蓝V,0,0,0
1011,True,high,1,1730177302.0,蓝V,0,0,0
1012,True,high,1,7006367380.0,蓝V,0,0,0
1013,True,high,1,5976873363.0,普通用户,0,0,0
1014,True,high,1,5356414944.0,蓝V,0,0,0
1015,True,high,1,1235572171.0,蓝V,0,0,0
1016,True,high,1,5953063530.0,普通用户,0,0,0
1017,True,high,1,5356414944.0,蓝V,0,0,0
1018,True,high,1,2427364747.0,蓝V,0,0,0
1019,True,high,1,1729014640.0,蓝V,0,0,0
1020,True,high,1,1729014640.0,蓝V,0,0,0
1021,True,high,1,2794083144.0,蓝V,0,0,0
1022,True,high,1,1764919567.0,红V,0,0,0
1023,True,high,1,5976873363.0,普通用户,0,0,0
1024,True,high,1,3275213384.0,蓝V,0,0,0
1025,True,high,1,1642632622.0,蓝V,0,0,0
1026,True,high,10,3710258141.0,金V,0,0,0
1027,True,medium,1,5662898461.0,蓝V,0,0,0
1028,True,high,1,1870858943.0,蓝V,0,0,0
1029,True,high,1,1729014640.0,蓝V,0,0,0
1030,True,high,1,1729014640.0,蓝V,0,0,0
1031,True,high,1,1870858943.0,蓝V,0,0,0
1032,True,high,1,5976873363.0,普通用户,0,0,0
1033,True,high,1,2794083144.0,蓝V,0,0,0
1034,True,high,1,7006367380.0,蓝V,0,0,0
1035,True,high,2,2427364747.0,蓝V,0,0,0
1036,True,high,1,5976873363.0,普通用户,0,0,0
1037,True,high,2,1729014640.0,蓝V,0,0,0
1038,True,high,1,5976873363.0,普通用户,0,0,0
1039,True,high,1,5599962053.0,普通用户,0,0,0
1040,True,high,1,7156379373.0,普通用户,0,0,0
1041,True,high,1,1870858943.0,蓝V,0,0,0
1042,True,high,1,1870858943.0,蓝V,0,0,0
1043,True,high,1,1870858943.0,蓝V,0,0,0
1044,True,high,1,5514691132.0,普通用户,0,0,0
1045,True,high,1,2427364747.0,蓝V,0,0,0
1046,True,high,1,3187541560.0,普通用户,0,0,0
1047,True,high,1,5599962053.0,普通用户,0,0,0
1048,True,high,1,2427364747.0,蓝V,0,0,0
1049,True,high,1,1729014640.0,蓝V,0,0,0
1050,True,high,1,5356414944.0,蓝V,0,0,0
1051,True,high,1,5599962053.0,普通用户,0,0,0
1052,True,high,1,1729014640.0,蓝V,0,0,0
1053,True,high,1,5356414944.0,蓝V,0,0,0
1054,True,high,1,1870858943.0,蓝V,0,0,0
1055,True,high,1,5599962053.0,普通用户,0,0,0
1056,True,high,1,1788935762.0,黄V,0,0,0
1057,True,high,1,1870858943.0,蓝V,0,0,0
1058,True,high,1,1729014640.0,蓝V,0,0,0
1059,True,high,1,5976873363.0,普通用户,0,0,0
1060,True,high,1,5599962053.0,普通用户,0,0,0
1061,True,high,1,1764919567.0,红V,0,0,0
1062,True,high,1,1870858943.0,蓝V,0,0,0
1063,True,high,1,1870858943.0,蓝V,0,0,0
1064,True,high,1,2794083144.0,蓝V,0,0,0
1065,True,high,1,1729014640.0,蓝V,0,0,0
1066,True,high,1,2427364747.0,蓝V,0,0,0
1067,True,high,1,6684374689.0,蓝V,0,0,0
1068,True,high,1,2427364747.0,蓝V,0,0,0
1069,True,high,1,5976873363.0,普通用户,0,0,0
1070,True,high,1,1729014640.0,蓝V,0,0,0
1071,True,high,1,7153099325.0,黄V,0,0,0
1072,True,high,1,1894295570.0,蓝V,0,0,0
1073,True,high,1,1729014640.0,蓝V,0,0,0
1074,True,high,1,5633464636.0,蓝V,0,0,0
1075,True,high,1,2427364747.0,蓝V,0,0,0
1076,True,high,1,3710258141.0,金V,0,0,0
1077,True,high,1,2427364747.0,蓝V,0,0,0
1078,True,high,1,5976873363.0,普通用户,0,0,0
1079,True,high,1,1729014640.0,蓝V,0,0,0
1080,True,high,1,2427364747.0,蓝V,0,0,0
1081,True,high,1,3941871067.0,普通用户,0,0,0
1082,True,high,1,1729014640.0,蓝V,0,0,0
1083,True,high,1,2427364747.0,蓝V,0,0,0
1084,True,high,1,1894295570.0,蓝V,0,0,0
1085,True,high,1,2427364747.0,蓝V,0,0,0
1086,True,high,1,5356414944.0,蓝V,0,0,0
1087,True,high,1,1729014640.0,蓝V,0,0,0
1088,True,high,1,3543329232.0,蓝V,0,0,0
1089,False,none,1,2453509265.0,金V,0,0,0
1090,True,high,1,1764919567.0,红V,0,0,0
1091,True,high,1,5976873363.0,普通用户,0,0,0
1092,True,high,1,5976873363.0,普通用户,0,0,0
1093,True,high,1,5976873363.0,普通用户,0,0,0
1094,True,high,1,2427364747.0,蓝V,0,0,0
1095,False,none,1,2012581457.0,蓝V,0,0,0
1096,True,high,1,1729014640.0,蓝V,0,0,0
1097,True,high,1,2108671043.0,普通用户,0,0,0
1098,True,high,1,1894295570.0,蓝V,0,0,0
1099,True,high,1,5976873363.0,普通用户,0,0,0
1100,True,high,1,1729014640.0,蓝V,0,0,0
1101,True,high,1,1729014640.0,蓝V,0,0,0
1102,True,high,1,2108671043.0,普通用户,0,0,0
1103,True,high,1,2794083144.0,蓝V,0,0,0
1104,True,high,1,1729014640.0,蓝V,0,0,0
1105,True,high,1,1729014640.0,蓝V,0,0,0
1106,True,high,1,5976873363.0,普通用户,0,0,0
1107,True,high,1,2427364747.0,蓝V,0,0,0
1108,True,high,1,5976873363.0,普通用户,0,0,0
1109,True,high,1,2427364747.0,蓝V,0,0,0
1110,True,high,1,1729014640.0,蓝V,0,0,0
1111,True,high,1,7355567953.0,蓝V,0,0,0
1112,True,high,1,2427364747.0,蓝V,0,0,0
1113,False,none,1,2453509265.0,金V,0,0,0
1114,True,high,1,5976873363.0,普通用户,0,0,0
1115,True,high,1,1729014640.0,蓝V,0,0,0
1116,True,high,1,1870858943.0,蓝V,0,0,0
1117,True,high,1,2427364747.0,蓝V,0,0,0
1118,True,high,1,7512941083.0,普通用户,0,0,0
1119,True,high,1,1729014640.0,蓝V,0,0,0
1120,True,high,1,1894295570.0,蓝V,0,0,0
1121,True,high,1,5329434101.0,蓝V,0,0,0
1122,True,high,1,1729014640.0,蓝V,0,0,0
1123,True,high,1,2427364747.0,蓝V,0,0,0
1124,True,high,1,5976873363.0,普通用户,0,0,0
1125,True,high,1,1764919567.0,红V,0,0,0
1126,True,high,7,1729014640.0,蓝V,0,0,0
1127,True,high,7,2427364747.0,蓝V,0,0,0
1128,True,high,1,2427364747.0,蓝V,0,0,0
1129,True,high,1,1729014640.0,蓝V,0,0,0
1130,True,high,1,1870858943.0,蓝V,0,0,0
1131,True,high,2,2427364747.0,蓝V,0,0,0
1132,True,high,1,2427364747.0,蓝V,0,0,0
1133,True,high,1,5976873363.0,普通用户,0,0,0
1134,True,high,1,1894295570.0,蓝V,0,0,0
1135,True,high,1,2427364747.0,蓝V,0,0,0
1136,True,high,1,5976873363.0,普通用户,0,0,0
1137,True,high,1,5976873363.0,普通用户,0,0,0
1138,True,high,1,1729014640.0,蓝V,0,0,0
1139,True,high,1,1729014640.0,蓝V,0,0,0
1140,True,high,1,2427364747.0,蓝V,0,0,0
1141,True,high,1,1870858943.0,蓝V,0,0,0
1142,True,high,1,1729014640.0,蓝V,0,0,0
1143,True,high,1,5599962053.0,普通用户,0,0,0
1144,True,high,1,1729014640.0,蓝V,0,0,0
1145,True,high,1,5976873363.0,普通用户,0,0,0
1146,True,high,1,5599962053.0,普通用户,0,0,0
1147,True,high,1,5599962053.0,普通用户,0,0,0
1148,True,high,1,5976873363.0,普通用户,0,0,0
1149,True,high,1,2427364747.0,蓝V,0,0,0
1150,True,high,1,5599962053.0,普通用户,0,0,0
1151,True,high,1,5599962053.0,普通用户,0,0,0
1152,True,high,1,2427364747.0,蓝V,0,0,0
1153,True,high,1,5599962053.0,普通用户,0,0,0
1154,True,high,1,5599962053.0,普通用户,0,0,0
1155,True,high,1,1729014640.0,蓝V,0,0,0
1156,True,high,1,1729014640.0,蓝V,0,0,0
1157,True,high,1,1894295570.0,蓝V,0,0,0
1158,True,high,1,2427364747.0,蓝V,0,0,0
1159,True,high,1,5599962053.0,普通用户,0,0,0
1160,True,high,1,1894295570.0,蓝V,0,0,0
1161,True,high,1,5599962053.0,普通用户,0,0,0
1162,True,high,1,1764919567.0,红V,0,0,0
1163,True,high,1,5976873363.0,普通用户,0,0,0
1164,True,high,1,5976873363.0,普通用户,0,0,0
1165,True,high,1,1894295570.0,蓝V,0,0,0
1166,True,high,1,1870858943.0,蓝V,0,0,0
1167,True,high,1,1655253920.0,黄V,0,0,0
1168,True,high,1,1729014640.0,蓝V,0,0,0
1169,True,high,1,2427364747.0,蓝V,0,0,0
1170,True,high,1,2427364747.0,蓝V,0,0,0
1171,True,high,1,2427364747.0,蓝V,0,0,0
1172,True,high,1,1729014640.0,蓝V,0,0,0
1173,True,high,1,5633464636.0,蓝V,0,0,0
1174,True,high,1,1729014640.0,蓝V,0,0,0
1175,True,high,1,1870858943.0,蓝V,0,0,0
1176,True,high,1,2794083144.0,蓝V,0,0,0
1177,True,high,1,1729014640.0,蓝V,0,0,0
1178,True,high,1,2427364747.0,蓝V,0,0,0
1179,True,high,1,5976873363.0,普通用户,0,0,0
1180,True,high,1,1729014640.0,蓝V,0,0,0
1181,True,high,1,2118552594.0,黄V,0,0,0
1182,True,high,1,5599962053.0,普通用户,0,0,0
1183,True,high,1,5633464636.0,蓝V,0,0,0
1184,True,high,1,2427364747.0,蓝V,0,0,0
1185,True,high,1,5662898461.0,蓝V,0,0,0
1186,True,high,1,2427364747.0,蓝V,0,0,0
1187,True,high,1,1729014640.0,蓝V,0,0,0
1188,True,high,1,1729014640.0,蓝V,0,0,0
1189,True,high,1,5599962053.0,普通用户,0,0,0
1190,True,high,1,2427364747.0,蓝V,0,0,0
1191,True,high,1,1729014640.0,蓝V,0,0,0
1192,True,high,1,5976873363.0,普通用户,0,0,0
1193,True,high,1,5976873363.0,普通用户,0,0,0
1194,True,high,1,1729014640.0,蓝V,0,0,0
1195,True,high,1,1729014640.0,蓝V,0,0,0
1196,True,high,1,1729014640.0,蓝V,0,0,0
1197,True,high,1,3710258141.0,金V,0,0,0
1198,True,high,1,5599962053.0,普通用户,0,0,0
1199,True,high,1,5599962053.0,普通用户,0,0,0
1200,True,high,1,2427364747.0,蓝V,0,0,0
1201,True,high,1,3710258141.0,金V,0,0,0
1202,True,high,1,5599962053.0,普通用户,0,0,0
1203,True,high,1,5976873363.0,普通用户,0,0,0
1204,True,high,1,5599962053.0,普通用户,0,0,0
1205,True,high,1,5976873363.0,普通用户,0,0,0
1206,True,high,1,1169928867.0,普通用户,0,0,0
1207,True,high,1,5953063530.0,普通用户,0,0,0
1208,True,high,1,1729014640.0,蓝V,0,0,0
1209,True,high,1,5633464636.0,蓝V,0,0,0
1210,True,high,1,1453372141.0,金V,0,0,0
1211,True,high,1,1764919567.0,红V,0,0,0
1212,True,high,1,7355567953.0,蓝V,0,0,0
1213,True,high,1,5484777364.0,普通用户,0,0,0
1214,True,high,1,3941871067.0,普通用户,0,0,0
1215,True,high,1,3051047911.0,蓝V,0,0,0
1216,True,high,1,3710258141.0,金V,0,0,0
1217,True,high,1,6684374689.0,蓝V,0,0,0
1218,True,high,1,2703634217.0,红V,0,0,0
1219,True,high,1,2427364747.0,蓝V,0,0,0
1220,True,high,1,1729014640.0,蓝V,0,0,0
1221,True,high,1,1870858943.0,蓝V,0,0,0
1222,True,high,1,5329434101.0,蓝V,0,0,0
1223,True,medium,1,2194035935.0,金V,0,0,0
1224,True,high,1,2427364747.0,蓝V,0,0,0
1225,True,high,1,1729014640.0,蓝V,0,0,0
1226,True,high,1,3051047911.0,蓝V,0,0,0
1227,True,high,1,5976873363.0,普通用户,0,0,0
1228,True,high,1,5976873363.0,普通用户,0,0,0
1229,True,high,1,2427364747.0,蓝V,0,0,0
1230,True,high,1,1729014640.0,蓝V,0,0,0
1231,True,high,1,2427364747.0,蓝V,0,0,0
1232,True,high,1,1729014640.0,蓝V,0,0,0
1233,True,high,1,5976873363.0,普通用户,0,0,0
1234,True,high,1,5976873363.0,普通用户,0,0,0
1235,True,high,1,1676317545.0,蓝V,0,0,0
1236,True,high,1,1729014640.0,蓝V,0,0,0
1237,True,high,1,1729014640.0,蓝V,0,0,0
1238,True,high,1,2427364747.0,蓝V,0,0,0
1239,True,high,1,5976873363.0,普通用户,0,0,0
1240,True,high,1,2279408463.0,蓝V,0,0,0
1241,True,high,1,1729014640.0,蓝V,0,0,0
1242,True,high,1,5976873363.0,普通用户,0,0,0
1243,True,high,1,1894295570.0,蓝V,0,0,0
1244,True,high,1,2427364747.0,蓝V,0,0,0
1245,True,high,1,3710258141.0,金V,0,0,0
1246,True,high,1,5602911905.0,蓝V,0,0,0
1247,True,high,1,5976873363.0,普通用户,0,0,0
1248,True,high,1,1657470871.0,黄V,0,0,0
1249,True,high,1,2111409180.0,普通用户,0,0,0
1250,True,high,1,5329434101.0,蓝V,0,0,0
1251,True,high,1,3710258141.0,金V,0,0,0
1252,True,high,1,1870858943.0,蓝V,0,0,0
1253,True,high,1,1870858943.0,蓝V,0,0,0
1254,True,high,1,1870858943.0,蓝V,0,0,0
1255,True,high,1,1870858943.0,蓝V,0,0,0
1256,True,high,1,1870858943.0,蓝V,0,0,0
1257,True,high,1,1870858943.0,蓝V,0,0,0
1258,True,high,1,1870858943.0,蓝V,0,0,0
1259,True,high,1,1870858943.0,蓝V,0,0,0
1260,True,high,1,2427364747.0,蓝V,0,0,0
1261,True,high,1,1870858943.0,蓝V,0,0,0
1262,True,high,1,1870858943.0,蓝V,0,0,0
1263,True,high,1,1870858943.0,蓝V,0,0,0
1264,True,high,1,1870858943.0,蓝V,0,0,0
1265,True,high,1,1729014640.0,蓝V,0,0,0
1266,True,high,1,5976873363.0,普通用户,0,0,0
1267,True,high,1,7006367380.0,蓝V,0,0,0
1268,True,high,1,1727858283.0,金V,0,0,0
1269,True,high,1,1870858943.0,蓝V,0,0,0
1270,True,high,1,2427364747.0,蓝V,0,0,0
1271,True,high,1,1894295570.0,蓝V,0,0,0
1272,True,high,1,1870858943.0,蓝V,0,0,0
1273,True,high,1,1870858943.0,蓝V,0,0,0
1274,True,high,1,1870858943.0,蓝V,0,0,0
1275,True,high,1,1870858943.0,蓝V,0,0,0
1276,True,high,1,2427364747.0,蓝V,0,0,0
1277,True,high,1,3164138154.0,普通用户,0,0,0
1278,True,high,1,5976873363.0,普通用户,0,0,0
1279,True,high,1,1870858943.0,蓝V,0,0,0
1280,True,high,1,1870858943.0,蓝V,0,0,0
1281,True,high,1,1870858943.0,蓝V,0,0,0
1282,True,high,1,1870858943.0,蓝V,0,0,0
1283,True,high,1,7336252878.0,普通用户,0,0,0
1284,True,high,1,1870858943.0,蓝V,0,0,0
1285,True,high,1,1870858943.0,蓝V,0,0,0
1286,True,high,1,1894295570.0,蓝V,0,0,0
1287,True,high,1,1870858943.0,蓝V,0,0,0
1288,True,high,1,1870858943.0,蓝V,0,0,0
1289,True,high,1,1727858283.0,金V,0,0,0
1290,True,high,1,1870858943.0,蓝V,0,0,0
1291,True,high,1,1870858943.0,蓝V,0,0,0
1292,True,high,1,1870858943.0,蓝V,0,0,0
1293,True,high,1,5976873363.0,普通用户,0,0,0
1294,True,high,1,5976873363.0,普通用户,0,0,0
1295,True,high,1,1870858943.0,蓝V,0,0,0
1296,True,high,1,1870858943.0,蓝V,0,0,0
1297,True,high,1,1870858943.0,蓝V,0,0,0
1298,True,high,1,5703921756.0,蓝V,0,0,0
1299,True,high,1,1708828231.0,普通用户,0,0,0
1300,True,high,1,5329434101.0,蓝V,0,0,0
1301,True,high,1,1729014640.0,蓝V,0,0,0
1302,True,high,1,1870858943.0,蓝V,0,0,0
1303,True,high,20,1870858943.0,蓝V,0,0,0
1304,True,high,1,1870858943.0,蓝V,0,0,0
1305,True,high,1,1870858943.0,蓝V,0,0,0
1306,True,high,1,1870858943.0,蓝V,0,0,0
1307,True,high,1,1870858943.0,蓝V,0,0,0
1308,True,high,1,2008779105.0,蓝V,0,0,0
1309,True,high,1,1870858943.0,蓝V,0,0,0
1310,True,high,1,1870858943.0,蓝V,0,0,0
1311,True,high,1,1657470871.0,黄V,0,0,0
1312,True,high,1,2427364747.0,蓝V,0,0,0
1313,True,high,1,1870858943.0,蓝V,0,0,0
1314,True,high,1,1870858943.0,蓝V,0,0,0
1315,True,high,1,1870858943.0,蓝V,0,0,0
1316,True,high,1,1870858943.0,蓝V,0,0,0
1317,True,high,1,1870858943.0,蓝V,0,0,0
1318,True,high,1,2427364747.0,蓝V,0,0,0
1319,True,medium,1,1912085257.0,红V,0,0,0
1320,True,high,1,1870858943.0,蓝V,0,0,0
1321,True,high,1,1870858943.0,蓝V,0,0,0
1322,True,high,1,1870858943.0,蓝V,0,0,0
1323,True,high,1,1870858943.0,蓝V,0,0,0
1324,True,high,1,1870858943.0,蓝V,0,0,0
1325,True,high,1,1870858943.0,蓝V,0,0,0
1326,True,high,1,1870858943.0,蓝V,0,0,0
1327,True,high,1,1870858943.0,蓝V,0,0,0
1328,True,high,1,1870858943.0,蓝V,0,0,0
1329,True,high,1,1870858943.0,蓝V,0,0,0
1330,True,high,1,1870858943.0,蓝V,0,0,0
1331,True,high,1,1870858943.0,蓝V,0,0,0
1332,True,high,1,1870858943.0,蓝V,0,0,0
1333,True,high,1,1870858943.0,蓝V,0,0,0
1334,True,high,1,1870858943.0,蓝V,0,0,0
1335,True,high,1,1870858943.0,蓝V,0,0,0
1336,True,high,1,1870858943.0,蓝V,0,0,0
1337,True,high,1,1870858943.0,蓝V,0,0,0
1338,True,high,1,1870858943.0,蓝V,0,0,0
1339,True,high,1,1870858943.0,蓝V,0,0,0
1340,True,high,1,1870858943.0,蓝V,0,0,0
1341,True,high,1,1870858943.0,蓝V,0,0,0
1342,True,high,1,7724109384.0,蓝V,0,0,0
1343,True,high,1,1870858943.0,蓝V,0,0,0
1344,True,high,1,1870858943.0,蓝V,0,0,0
1345,True,high,1,1870858943.0,蓝V,0,0,0
1346,True,high,1,1894295570.0,蓝V,0,0,0
1347,True,high,1,1870858943.0,蓝V,0,0,0
1348,True,high,1,1870858943.0,蓝V,0,0,0
1349,True,high,1,1870858943.0,蓝V,0,0,0
1350,True,high,1,1870858943.0,蓝V,0,0,0
1351,True,high,1,5976873363.0,普通用户,0,0,0
1352,True,high,1,1870858943.0,蓝V,0,0,0
1353,True,high,1,1870858943.0,蓝V,0,0,0
1354,True,high,1,1870858943.0,蓝V,0,0,0
1355,True,high,1,1870858943.0,蓝V,0,0,0
1356,True,high,1,1870858943.0,蓝V,0,0,0
1357,True,high,1,1870858943.0,蓝V,0,0,0
1358,True,high,1,1870858943.0,蓝V,0,0,0
1359,True,high,1,5976873363.0,普通用户,0,0,0
1360,True,high,1,1870858943.0,蓝V,0,0,0
1361,True,high,1,1870858943.0,蓝V,0,0,0
1362,True,high,1,1870858943.0,蓝V,0,0,0
1363,True,high,1,1870858943.0,蓝V,0,0,0
1364,True,high,1,1870858943.0,蓝V,0,0,0
1365,True,high,1,1870858943.0,蓝V,0,0,0
1366,True,high,1,1870858943.0,蓝V,0,0,0
1367,True,high,1,1870858943.0,蓝V,0,0,0
1368,True,high,1,1870858943.0,蓝V,0,0,0
1369,True,high,1,1870858943.0,蓝V,0,0,0
1370,True,high,1,1870858943.0,蓝V,0,0,0
1371,True,high,1,1870858943.0,蓝V,0,0,0
1372,True,high,1,1870858943.0,蓝V,0,0,0
1373,True,high,1,1870858943.0,蓝V,0,0,0
1374,True,high,1,1870858943.0,蓝V,0,0,0
1375,True,high,1,1870858943.0,蓝V,0,0,0
1376,True,high,1,1870858943.0,蓝V,0,0,0
1377,True,medium,1,2194035935.0,金V,0,0,0
1378,True,high,1,1870858943.0,蓝V,0,0,0
1379,True,high,1,1870858943.0,蓝V,0,0,0
1380,True,high,1,1870858943.0,蓝V,0,0,0
1381,True,high,1,1870858943.0,蓝V,0,0,0
1382,True,high,1,1870858943.0,蓝V,0,0,0
1383,True,high,1,1870858943.0,蓝V,0,0,0
1384,True,high,1,1870858943.0,蓝V,0,0,0
1385,True,high,1,2897965527.0,蓝V,0,0,0
1386,True,high,1,7724109384.0,蓝V,0,0,0
1387,True,high,1,1676317545.0,蓝V,0,0,0
1388,True,high,1,1729014640.0,蓝V,0,0,0
1389,True,high,1,1727858283.0,金V,0,0,0
1390,True,high,1,1657470871.0,黄V,0,0,0
1391,True,high,1,1729014640.0,蓝V,0,0,0
1392,True,high,1,6974787068.0,红V,0,0,0
1393,True,medium,1,1912085257.0,红V,0,0,0
1394,True,high,1,1870858943.0,蓝V,0,0,0
1395,True,high,1,1870858943.0,蓝V,0,0,0
1396,True,high,1,5633464636.0,蓝V,0,0,0
1397,True,high,1,1870858943.0,蓝V,0,0,0
1398,True,high,1,1894295570.0,蓝V,0,0,0
1399,True,high,1,1727858283.0,金V,0,0,0
1400,True,high,1,6433304918.0,蓝V,0,0,0
1401,True,high,1,3710258141.0,金V,0,0,0
1402,True,high,1,7523186814.0,蓝V,0,0,0
1403,True,high,1,6433304918.0,蓝V,0,0,0
1404,True,high,1,6433304918.0,蓝V,0,0,0
1405,True,high,1,6433304918.0,蓝V,0,0,0
1406,True,high,2,3710258141.0,金V,0,0,0
1407,True,high,1,1918726583.0,普通用户,0,0,0
1408,True,high,1,1870858943.0,蓝V,0,0,0
1409,True,high,1,3710258141.0,金V,0,0,0
1410,True,high,1,1870858943.0,蓝V,0,0,0
1411,True,high,1,1729014640.0,蓝V,0,0,0
1412,True,high,1,2279408463.0,蓝V,0,0,0
1413,True,high,1,1870858943.0,蓝V,0,0,0
1414,True,high,1,1870858943.0,蓝V,0,0,0
1415,True,high,1,1870858943.0,蓝V,0,0,0
1416,True,high,1,6433304918.0,蓝V,0,0,0
1417,True,high,1,6433304918.0,蓝V,0,0,0
1418,True,high,1,1870858943.0,蓝V,0,0,0
1419,True,high,1,1870858943.0,蓝V,0,0,0
1420,True,high,1,6433304918.0,蓝V,0,0,0
1421,True,high,1,6433304918.0,蓝V,0,0,0
1422,True,high,1,6433304918.0,蓝V,0,0,0
1423,True,high,1,6433304918.0,蓝V,0,0,0
1424,True,high,9,1870858943.0,蓝V,0,0,0
1425,True,high,1,1870858943.0,蓝V,0,0,0
1426,True,high,1,1870858943.0,蓝V,0,0,0
1427,True,high,1,1870858943.0,蓝V,0,0,0
1428,True,high,1,1870858943.0,蓝V,0,0,0
1429,True,high,1,1870858943.0,蓝V,0,0,0
1430,True,high,1,1870858943.0,蓝V,0,0,0
1431,True,high,1,1870858943.0,蓝V,0,0,0
1432,True,high,1,6433304918.0,蓝V,0,0,0
1433,True,high,1,1870858943.0,蓝V,0,0,0
1434,True,high,1,1894295570.0,蓝V,0,0,0
1435,True,high,1,1676317545.0,蓝V,0,0,0
1436,True,high,1,1870858943.0,蓝V,0,0,0
1437,True,high,1,1870858943.0,蓝V,0,0,0
1438,True,high,1,1870858943.0,蓝V,0,0,0
1439,True,high,1,1870858943.0,蓝V,0,0,0
1440,True,high,1,6433304918.0,蓝V,0,0,0
1441,True,high,1,1729014640.0,蓝V,0,0,0
1442,True,high,1,1870858943.0,蓝V,0,0,0
1443,True,high,1,6433304918.0,蓝V,0,0,0
1444,True,high,1,1870858943.0,蓝V,0,0,0
1445,True,high,1,1870858943.0,蓝V,0,0,0
1446,True,high,1,6433304918.0,蓝V,0,0,0
1447,True,high,1,5633464636.0,蓝V,0,0,0
1448,True,high,1,7724109384.0,蓝V,0,0,0
1449,True,high,1,2427364747.0,蓝V,0,0,0
1450,True,high,1,1894295570.0,蓝V,0,0,0
1451,True,high,1,6433304918.0,蓝V,0,0,0
1452,True,high,1,6433304918.0,蓝V,0,0,0
1453,True,high,1,6433304918.0,蓝V,0,0,0
1454,True,high,1,1830516311.0,普通用户,0,0,0
1455,True,high,1,5976873363.0,普通用户,0,0,0
1456,True,high,1,6433304918.0,蓝V,0,0,0
1457,True,high,1,1729014640.0,蓝V,0,0,0
1458,True,high,1,2427364747.0,蓝V,0,0,0
1459,True,high,1,6433304918.0,蓝V,0,0,0
1460,True,high,1,1870858943.0,蓝V,0,0,0
1461,True,high,1,5953063530.0,普通用户,0,0,0
1462,True,high,1,6433304918.0,蓝V,0,0,0
1463,True,high,1,6433304918.0,蓝V,0,0,0
1464,True,high,1,1870858943.0,蓝V,0,0,0
1465,True,high,1,1870858943.0,蓝V,0,0,0
1466,True,high,1,1870858943.0,蓝V,0,0,0
1467,True,high,1,1870858943.0,蓝V,0,0,0
1468,True,high,1,1870858943.0,蓝V,0,0,0
1469,True,high,1,1870858943.0,蓝V,0,0,0
1470,True,high,1,5510110713.0,蓝V,0,0,0
1471,True,high,1,1870858943.0,蓝V,0,0,0
1472,True,high,1,5976873363.0,普通用户,0,0,0
1473,True,high,1,5976873363.0,普通用户,0,0,0
1474,True,high,1,1870858943.0,蓝V,0,0,0
1475,True,high,1,1870858943.0,蓝V,0,0,0
1476,True,high,1,5329434101.0,蓝V,0,0,0
1477,True,high,1,1870858943.0,蓝V,0,0,0
1478,True,high,1,1870858943.0,蓝V,0,0,0
1479,True,high,1,1870858943.0,蓝V,0,0,0
1480,True,high,2,3710258141.0,金V,0,0,0
1481,True,high,1,1404601825.0,普通用户,0,0,0
1482,True,high,1,6433304918.0,蓝V,0,0,0
1483,True,high,1,1870858943.0,蓝V,0,0,0
1484,True,high,1,1870858943.0,蓝V,0,0,0
1485,True,high,1,1870858943.0,蓝V,0,0,0
1486,True,high,1,1870858943.0,蓝V,0,0,0
1487,True,high,1,1870858943.0,蓝V,0,0,0
1488,True,high,1,1870858943.0,蓝V,0,0,0
1489,True,high,1,1870858943.0,蓝V,0,0,0
1490,True,high,1,1870858943.0,蓝V,0,0,0
1491,True,high,1,1870858943.0,蓝V,0,0,0
1492,True,high,1,1870858943.0,蓝V,0,0,0
1493,True,high,1,1870858943.0,蓝V,0,0,0
1494,True,high,1,1870858943.0,蓝V,0,0,0
1495,True,high,1,1870858943.0,蓝V,0,0,0
1496,True,high,1,1870858943.0,蓝V,0,0,0
1497,True,high,1,1870858943.0,蓝V,0,0,0
1498,True,high,1,1870858943.0,蓝V,0,0,0
1499,True,high,1,6433304918.0,蓝V,0,0,0
1500,True,high,1,2427364747.0,蓝V,0,0,0
1501,True,high,1,2427364747.0,蓝V,0,0,0
1502,True,high,1,2427364747.0,蓝V,0,0,0
1503,True,high,1,1870858943.0,蓝V,0,0,0
1504,True,high,1,1727858283.0,金V,0,0,0
1505,True,high,1,6433304918.0,蓝V,0,0,0
1506,True,high,1,1764919567.0,红V,0,0,0
1507,True,high,1,1870858943.0,蓝V,0,0,0
1508,True,high,1,1870858943.0,蓝V,0,0,0
1509,True,high,1,1870858943.0,蓝V,0,0,0
1510,True,high,1,1870858943.0,蓝V,0,0,0
1511,True,high,1,1870858943.0,蓝V,0,0,0
1512,True,high,1,1870858943.0,蓝V,0,0,0
1513,True,high,1,1870858943.0,蓝V,0,0,0
1514,True,high,1,1870858943.0,蓝V,0,0,0
1515,True,high,1,1894295570.0,蓝V,0,0,0
1516,True,high,1,2427364747.0,蓝V,0,0,0
1517,True,high,1,1870858943.0,蓝V,0,0,0
1518,True,high,1,1870858943.0,蓝V,0,0,0
1519,True,high,1,1870858943.0,蓝V,0,0,0
1520,True,high,1,1870858943.0,蓝V,0,0,0
1521,True,high,1,6433304918.0,蓝V,0,0,0
1522,True,high,1,6433304918.0,蓝V,0,0,0
1523,True,high,1,1729014640.0,蓝V,0,0,0
1524,True,high,1,1870858943.0,蓝V,0,0,0
1525,True,high,1,1870858943.0,蓝V,0,0,0
1526,True,high,1,6433304918.0,蓝V,0,0,0
1527,True,high,1,6433304918.0,蓝V,0,0,0
1528,True,high,1,6433304918.0,蓝V,0,0,0
1529,True,high,1,6433304918.0,蓝V,0,0,0
1530,True,high,1,7453555440.0,普通用户,0,0,0
1531,True,high,1,1870858943.0,蓝V,0,0,0
1532,True,high,1,1870858943.0,蓝V,0,0,0
1533,True,high,1,1870858943.0,蓝V,0,0,0
1534,True,high,1,1870858943.0,蓝V,0,0,0
1535,True,high,1,1870858943.0,蓝V,0,0,0
1536,True,high,1,1870858943.0,蓝V,0,0,0
1537,True,high,1,1870858943.0,蓝V,0,0,0
1538,True,high,1,1870858943.0,蓝V,0,0,0
1539,True,high,1,1870858943.0,蓝V,0,0,0
1540,True,high,1,3710258141.0,金V,0,0,0
1541,True,high,1,6433304918.0,蓝V,0,0,0
1542,True,high,1,1870858943.0,蓝V,0,0,0
1543,True,high,1,1870858943.0,蓝V,0,0,0
1544,True,high,1,1870858943.0,蓝V,0,0,0
1545,True,high,1,1870858943.0,蓝V,0,0,0
1546,True,high,1,1870858943.0,蓝V,0,0,0
1547,True,high,2,1887344341.0,蓝V,0,0,0
1548,True,high,1,5976873363.0,普通用户,0,0,0
1549,True,high,1,1727858283.0,金V,0,0,0
1550,True,high,1,6974787068.0,红V,0,0,0
1551,True,high,1,7724109384.0,蓝V,0,0,0
1552,True,high,1,1870858943.0,蓝V,0,0,0
1553,True,high,1,1812166904.0,黄V,0,0,0
1554,True,high,1,1870858943.0,蓝V,0,0,0
1555,True,high,1,1870858943.0,蓝V,0,0,0
1556,True,high,1,1870858943.0,蓝V,0,0,0
1557,True,high,1,1870858943.0,蓝V,0,0,0
1558,True,high,1,6433304918.0,蓝V,0,0,0
1559,True,high,1,6433304918.0,蓝V,0,0,0
1560,True,high,1,6433304918.0,蓝V,0,0,0
1561,True,high,1,6433304918.0,蓝V,0,0,0
1562,True,high,1,1870858943.0,蓝V,0,0,0
1563,True,high,1,6433304918.0,蓝V,0,0,0
1564,True,high,2,6433304918.0,蓝V,0,0,0
1565,True,high,1,6433304918.0,蓝V,0,0,0
1566,True,high,1,1870858943.0,蓝V,0,0,0
1567,True,high,1,6433304918.0,蓝V,0,0,0
1568,True,high,1,6433304918.0,蓝V,0,0,0
1569,True,high,1,6433304918.0,蓝V,0,0,0
1570,True,high,1,6433304918.0,蓝V,0,0,0
1571,True,high,1,1870858943.0,蓝V,0,0,0
1572,True,high,1,1870858943.0,蓝V,0,0,0
1573,True,high,1,6433304918.0,蓝V,0,0,0
1574,True,high,1,3710258141.0,金V,0,0,0
1575,True,high,1,6433304918.0,蓝V,0,0,0
1576,True,high,1,1870858943.0,蓝V,0,0,0
1577,True,high,1,6433304918.0,蓝V,0,0,0
1578,True,high,1,1870858943.0,蓝V,0,0,0
1579,True,high,1,1870858943.0,蓝V,0,0,0
1580,True,high,1,1830516311.0,普通用户,0,0,0
1581,True,high,1,6433304918.0,蓝V,0,0,0
1582,True,high,1,1870858943.0,蓝V,0,0,0
1583,True,high,1,1870858943.0,蓝V,0,0,0
1584,True,high,1,1870858943.0,蓝V,0,0,0
1585,True,high,1,1870858943.0,蓝V,0,0,0
1586,True,high,1,1870858943.0,蓝V,0,0,0
1587,True,high,1,6433304918.0,蓝V,0,0,0
1588,True,high,1,6433304918.0,蓝V,0,0,0
1589,True,high,1,5976873363.0,普通用户,0,0,0
1590,True,high,1,1870858943.0,蓝V,0,0,0
1591,True,high,1,6433304918.0,蓝V,0,0,0
1592,True,medium,1,6433304918.0,蓝V,0,0,0
1593,True,high,1,6433304918.0,蓝V,0,0,0
1594,True,high,1,6433304918.0,蓝V,0,0,0
1595,True,high,1,6433304918.0,蓝V,0,0,0
1596,True,high,1,1870858943.0,蓝V,0,0,0
1597,True,high,1,1870858943.0,蓝V,0,0,0
1598,True,high,1,7157387582.0,蓝V,0,0,0
1599,True,high,1,6433304918.0,蓝V,0,0,0
1600,True,high,1,6433304918.0,蓝V,0,0,0
1601,True,high,1,6433304918.0,蓝V,0,0,0
1602,True,high,1,6433304918.0,蓝V,0,0,0
1603,True,high,1,6433304918.0,蓝V,0,0,0
1604,True,high,1,6433304918.0,蓝V,0,0,0
1605,True,high,1,1894295570.0,蓝V,0,0,0
1606,True,high,1,6433304918.0,蓝V,0,0,0
1607,True,high,1,6433304918.0,蓝V,0,0,0
1608,True,high,1,1644027280.0,金V,0,0,0
1609,True,high,1,5976873363.0,普通用户,0,0,0
1610,True,high,1,6433304918.0,蓝V,0,0,0
1611,True,high,1,6433304918.0,蓝V,0,0,0
1612,True,high,1,1870858943.0,蓝V,0,0,0
1613,True,high,1,1870858943.0,蓝V,0,0,0
1614,True,high,1,1870858943.0,蓝V,0,0,0
1615,True,high,1,6056910008.0,普通用户,0,0,0
1616,True,high,1,1676317545.0,蓝V,0,0,0
1617,True,high,1,6433304918.0,蓝V,0,0,0
1618,True,high,1,6433304918.0,蓝V,0,0,0
1619,True,high,1,6433304918.0,蓝V,0,0,0
1620,True,high,1,6433304918.0,蓝V,0,0,0
1621,True,high,1,1657470871.0,黄V,0,0,0
1622,True,high,1,6433304918.0,蓝V,0,0,0
1623,True,high,1,6433304918.0,蓝V,0,0,0
1624,True,high,1,6433304918.0,蓝V,0,0,0
1625,True,high,1,6433304918.0,蓝V,0,0,0
1626,True,high,1,2427364747.0,蓝V,0,0,0
1627,True,high,8,1870858943.0,蓝V,0,0,0
1628,True,high,1,5329434101.0,蓝V,0,0,0
1629,True,high,1,7792673439.0,蓝V,0,0,0
1630,True,high,1,1870858943.0,蓝V,0,0,0
1631,True,high,1,1870858943.0,蓝V,0,0,0
1632,True,high,1,1870858943.0,蓝V,0,0,0
1633,True,high,1,1870858943.0,蓝V,0,0,0
1634,True,high,1,1870858943.0,蓝V,0,0,0
1635,True,high,1,1729014640.0,蓝V,0,0,0
1636,True,high,1,1729014640.0,蓝V,0,0,0
1637,True,high,2,5803416260.0,黄V,0,0,0
1638,True,high,1,1870858943.0,蓝V,0,0,0
1639,True,high,1,1870858943.0,蓝V,0,0,0
1640,True,high,1,1870858943.0,蓝V,0,0,0
1641,True,high,1,1870858943.0,蓝V,0,0,0
1642,True,high,1,1870858943.0,蓝V,0,0,0
1643,True,high,1,6433304918.0,蓝V,0,0,0
1644,True,high,1,6433304918.0,蓝V,0,0,0
1645,True,high,1,1894295570.0,蓝V,0,0,0
1646,True,high,1,1870858943.0,蓝V,0,0,0
1647,True,high,1,1870858943.0,蓝V,0,0,0
1648,True,high,1,6433304918.0,蓝V,0,0,0
1649,True,high,1,6433304918.0,蓝V,0,0,0
1650,True,high,1,6433304918.0,蓝V,0,0,0
1651,True,high,1,7367946162.0,蓝V,0,0,0
1652,True,high,4,3710258141.0,金V,0,0,0
1653,True,high,1,5976873363.0,普通用户,0,0,0
1654,True,high,1,2427364747.0,蓝V,0,0,0
1655,True,high,1,3052465574.0,普通用户,0,0,0
1656,True,high,1,5602911905.0,蓝V,0,0,0
1657,True,high,1,1729014640.0,蓝V,0,0,0
1658,True,high,1,5976873363.0,普通用户,0,0,0
1659,True,high,1,1870858943.0,蓝V,0,0,0
1660,True,high,1,6433304918.0,蓝V,0,0,0
1661,True,high,1,6052862414.0,黄V,0,0,0
1662,True,high,1,2583001030.0,金V,0,0,0
1663,True,high,1,2673430262.0,黄V,0,0,0
1664,True,high,1,5976873363.0,普通用户,0,0,0
1665,True,high,1,1870858943.0,蓝V,0,0,0
1666,True,high,1,6433304918.0,蓝V,0,0,0
1667,True,high,1,6433304918.0,蓝V,0,0,0
1668,True,high,1,6433304918.0,蓝V,0,0,0
1669,True,high,1,1887344341.0,蓝V,0,0,0
1670,True,high,1,1870858943.0,蓝V,0,0,0
1671,True,high,1,1870858943.0,蓝V,0,0,0
1672,True,high,1,1870858943.0,蓝V,0,0,0
1673,True,high,1,6433304918.0,蓝V,0,0,0
1674,True,high,1,7367946162.0,蓝V,0,0,0
1675,True,high,1,2678093863.0,普通用户,0,0,0
1676,True,high,1,5976873363.0,普通用户,0,0,0
1677,True,high,1,1870858943.0,蓝V,0,0,0
1678,True,high,1,1870858943.0,蓝V,0,0,0
1679,True,high,1,1870858943.0,蓝V,0,0,0
1680,True,high,1,1870858943.0,蓝V,0,0,0
1681,True,high,1,1870858943.0,蓝V,0,0,0
1682,True,high,1,1870858943.0,蓝V,0,0,0
1683,True,high,1,1870858943.0,蓝V,0,0,0
1684,True,high,1,6433304918.0,蓝V,0,0,0
1685,True,high,1,1870858943.0,蓝V,0,0,0
1686,True,high,1,6433304918.0,蓝V,0,0,0
1687,True,high,1,6433304918.0,蓝V,0,0,0
1688,True,high,1,1729014640.0,蓝V,0,0,0
1689,True,high,1,2492779894.0,蓝V,0,0,0
1690,True,high,1,6433304918.0,蓝V,0,0,0
1691,True,high,1,6433304918.0,蓝V,0,0,0
1692,True,high,1,6433304918.0,蓝V,0,0,0
1693,True,high,1,5976873363.0,普通用户,0,0,0
1694,True,high,1,1870858943.0,蓝V,0,0,0
1695,True,high,1,2427364747.0,蓝V,0,0,0
1696,True,high,1,6433304918.0,蓝V,0,0,0
1697,True,high,1,6433304918.0,蓝V,0,0,0
1698,True,high,1,1870858943.0,蓝V,0,0,0
1699,True,high,1,1870858943.0,蓝V,0,0,0
1700,True,high,1,1870858943.0,蓝V,0,0,0
1701,True,high,1,6433304918.0,蓝V,0,0,0
1702,True,high,1,6433304918.0,蓝V,0,0,0
1703,True,high,1,6433304918.0,蓝V,0,0,0
1704,True,high,1,1870858943.0,蓝V,0,0,0
1705,True,high,1,6433304918.0,蓝V,0,0,0
1706,True,high,1,6433304918.0,蓝V,0,0,0
1707,True,high,1,6433304918.0,蓝V,0,0,0
1708,True,high,1,6433304918.0,蓝V,0,0,0
1709,True,high,1,6433304918.0,蓝V,0,0,0
1710,True,high,1,6433304918.0,蓝V,0,0,0
1711,True,high,1,6433304918.0,蓝V,0,0,0
1712,True,high,3,3710258141.0,金V,0,0,0
1713,True,high,1,6433304918.0,蓝V,0,0,0
1714,True,high,1,6433304918.0,蓝V,0,0,0
1715,True,high,1,6433304918.0,蓝V,0,0,0
1716,True,high,1,6433304918.0,蓝V,0,0,0
1717,True,high,1,3710258141.0,金V,0,0,0
1718,True,high,1,1870858943.0,蓝V,0,0,0
1719,True,high,1,1870858943.0,蓝V,0,0,0
1720,True,high,1,6433304918.0,蓝V,0,0,0
1721,True,high,1,5371078660.0,普通用户,0,0,0
1722,True,high,1,1870858943.0,蓝V,0,0,0
1723,True,high,1,1870858943.0,蓝V,0,0,0
1724,True,high,1,1870858943.0,蓝V,0,0,0
1725,True,high,1,1870858943.0,蓝V,0,0,0
1726,True,high,1,1870858943.0,蓝V,0,0,0
1727,True,high,1,5976873363.0,普通用户,0,0,0
1728,True,high,1,6974787068.0,红V,0,0,0
1729,True,high,1,1870858943.0,蓝V,0,0,0
1730,True,high,1,1870858943.0,蓝V,0,0,0
1731,True,high,1,1870858943.0,蓝V,0,0,0
1732,True,high,1,2279408463.0,蓝V,0,0,0
1733,True,high,1,1870858943.0,蓝V,0,0,0
1734,True,high,1,1870858943.0,蓝V,0,0,0
1735,True,high,1,6433304918.0,蓝V,0,0,0
1736,True,high,1,5703921756.0,蓝V,0,0,0
1737,True,high,1,1870858943.0,蓝V,0,0,0
1738,True,high,1,5329434101.0,蓝V,0,0,0
1739,True,medium,1,2194035935.0,金V,0,0,0
1740,True,high,1,6433304918.0,蓝V,0,0,0
1741,True,high,1,6433304918.0,蓝V,0,0,0
1742,True,high,1,3806199621.0,蓝V,0,0,0
1743,True,high,1,1870858943.0,蓝V,0,0,0
1744,True,high,1,5976873363.0,普通用户,0,0,0
1745,True,high,1,1870858943.0,蓝V,0,0,0
1746,True,high,1,1870858943.0,蓝V,0,0,0
1747,True,high,1,6433304918.0,蓝V,0,0,0
1748,True,high,1,1894295570.0,蓝V,0,0,0
1749,True,high,1,6433304918.0,蓝V,0,0,0
1750,True,high,1,6433304918.0,蓝V,0,0,0
1751,True,high,1,6433304918.0,蓝V,0,0,0
1752,True,high,1,5976873363.0,普通用户,0,0,0
1753,True,high,1,7157387582.0,蓝V,0,0,0
1754,True,high,1,3275213384.0,蓝V,0,0,0
1755,True,high,1,5329434101.0,蓝V,0,0,0
1756,True,high,1,5329434101.0,蓝V,0,0,0
1757,True,high,1,6433304918.0,蓝V,0,0,0
1758,True,high,1,6433304918.0,蓝V,0,0,0
1759,True,high,1,6433304918.0,蓝V,0,0,0
1760,True,high,1,6433304918.0,蓝V,0,0,0
1761,True,high,1,5976873363.0,普通用户,0,0,0
1762,True,high,1,5976873363.0,普通用户,0,0,0
1763,True,high,1,6433304918.0,蓝V,0,0,0
1764,True,high,1,2678093863.0,普通用户,0,0,0
1765,True,high,1,6433304918.0,蓝V,0,0,0
1766,True,high,1,6433304918.0,蓝V,0,0,0
1767,True,high,1,1450305785.0,普通用户,0,0,0
1768,True,medium,1,5648162302.0,红V,0,0,0
1769,True,high,1,1870858943.0,蓝V,0,0,0
1770,True,high,1,5976873363.0,普通用户,0,0,0
1771,True,high,1,2678093863.0,普通用户,0,0,0
1772,True,high,1,1464484735.0,普通用户,0,0,0
1773,True,high,1,3275213384.0,蓝V,0,0,0
1774,True,high,1,6433304918.0,蓝V,0,0,0
1775,True,high,1,6433304918.0,蓝V,0,0,0
1776,True,high,1,2279408463.0,蓝V,0,0,0
1777,True,high,1,6433304918.0,蓝V,0,0,0
1778,True,high,1,6433304918.0,蓝V,0,0,0
1779,True,high,1,6433304918.0,蓝V,0,0,0
1780,True,high,1,5703921756.0,蓝V,0,0,0
1781,True,high,1,6433304918.0,蓝V,0,0,0
1782,True,high,1,6433304918.0,蓝V,0,0,0
1783,True,high,1,6433304918.0,蓝V,0,0,0
1784,True,high,1,6433304918.0,蓝V,0,0,0
1785,True,high,1,6433304918.0,蓝V,0,0,0
1786,True,high,1,1657470871.0,黄V,0,0,0
1787,True,high,1,6433304918.0,蓝V,0,0,0
1788,True,high,1,6433304918.0,蓝V,0,0,0
1789,True,high,1,6433304918.0,蓝V,0,0,0
1790,True,high,1,1870858943.0,蓝V,0,0,0
1791,True,high,1,7700536638.0,普通用户,0,0,0
1792,True,high,1,6433304918.0,蓝V,0,0,0
1793,True,high,1,6433304918.0,蓝V,0,0,0
1794,True,high,1,6433304918.0,蓝V,0,0,0
1795,True,high,1,1870858943.0,蓝V,0,0,0
1796,True,high,1,1870858943.0,蓝V,0,0,0
1797,True,high,3,1812166904.0,黄V,0,0,0
1798,True,high,1,1894295570.0,蓝V,0,0,0
1799,True,high,1,6433304918.0,蓝V,0,0,0
1800,True,high,1,1870858943.0,蓝V,0,0,0
1801,True,high,1,1870858943.0,蓝V,0,0,0
1802,True,high,1,6433304918.0,蓝V,0,0,0
1803,True,high,1,5602911905.0,蓝V,0,0,0
1804,True,high,1,1870858943.0,蓝V,0,0,0
1805,True,high,1,1870858943.0,蓝V,0,0,0
1806,True,high,1,5976873363.0,普通用户,0,0,0
1807,True,high,1,1727858283.0,金V,0,0,0
1808,True,high,1,6433304918.0,蓝V,0,0,0
1809,True,high,1,1870858943.0,蓝V,0,0,0
1810,True,high,1,1870858943.0,蓝V,0,0,0
1811,True,high,1,2753145955.0,蓝V,0,0,0
1812,True,high,1,2008779105.0,蓝V,0,0,0
1813,True,high,1,1727858283.0,金V,0,0,0
1814,True,low,1,1615055180.0,黄V,0,0,0
1815,True,high,1,1870858943.0,蓝V,0,0,0
1816,True,high,1,1870858943.0,蓝V,0,0,0
1817,True,high,1,2279408463.0,蓝V,0,0,0
1818,True,high,1,1699305164.0,普通用户,0,0,0
1819,True,high,1,6433304918.0,蓝V,0,0,0
1820,True,high,1,1727858283.0,金V,0,0,0
1821,True,high,1,6433304918.0,蓝V,0,0,0
1822,True,high,1,6433304918.0,蓝V,0,0,0
1823,True,high,1,6433304918.0,蓝V,0,0,0
1824,True,high,1,6433304918.0,蓝V,0,0,0
1825,True,high,1,1812166904.0,黄V,0,0,0
1826,True,high,1,6433304918.0,蓝V,0,0,0
1827,True,high,1,1870858943.0,蓝V,0,0,0
1828,True,high,1,6433304918.0,蓝V,0,0,0
1829,True,high,1,6433304918.0,蓝V,0,0,0
1830,True,high,1,6433304918.0,蓝V,0,0,0
1831,True,high,1,2128464487.0,黄V,0,0,0
1832,True,high,1,1870858943.0,蓝V,0,0,0
1833,True,high,1,2008779105.0,蓝V,0,0,0
1834,True,high,1,1870858943.0,蓝V,0,0,0
1835,True,high,1,1870858943.0,蓝V,0,0,0
1836,True,high,1,1870858943.0,蓝V,0,0,0
1837,True,high,1,5976873363.0,普通用户,0,0,0
1838,True,high,1,1894295570.0,蓝V,0,0,0
1839,True,high,3,1727858283.0,金V,0,0,0
1840,True,high,1,6105753431.0,蓝V,0,0,0
1841,True,high,1,1402400261.0,金V,0,0,0
1842,True,high,1,2427364747.0,蓝V,0,0,0
1843,True,high,1,1812166904.0,黄V,0,0,0
1844,True,high,1,5549728763.0,蓝V,0,0,0
1845,True,high,1,6433304918.0,蓝V,0,0,0
1846,True,high,1,1870858943.0,蓝V,0,0,0
1847,True,high,1,1912085257.0,红V,0,0,0
1848,True,high,1,6433304918.0,蓝V,0,0,0
1849,True,high,1,1894295570.0,蓝V,0,0,0
1850,True,high,1,5651875373.0,普通用户,0,0,0
1851,True,high,1,1402400261.0,金V,0,0,0
1852,True,high,1,1870858943.0,蓝V,0,0,0
1853,True,high,1,6433304918.0,蓝V,0,0,0
1854,True,high,1,1402400261.0,金V,0,0,0
1855,True,high,1,1870858943.0,蓝V,0,0,0
1856,True,high,1,1870858943.0,蓝V,0,0,0
1857,True,high,1,1870858943.0,蓝V,0,0,0
1858,True,high,1,1870858943.0,蓝V,0,0,0
1859,True,high,1,1870858943.0,蓝V,0,0,0
1860,True,high,2,2279408463.0,蓝V,0,0,0
1861,True,high,1,5953063530.0,普通用户,0,0,0
1862,True,high,1,1618819632.0,金V,0,0,0
1863,True,high,1,1870858943.0,蓝V,0,0,0
1864,True,high,1,1815659631.0,普通用户,0,0,0
1865,True,high,2,2279408463.0,蓝V,0,0,0
1866,True,high,1,1894295570.0,蓝V,0,0,0
1867,True,high,1,6433304918.0,蓝V,0,0,0
1868,True,high,1,6433304918.0,蓝V,0,0,0
1869,True,high,1,1870858943.0,蓝V,0,0,0
1870,True,high,1,1912085257.0,红V,0,0,0
1871,True,high,1,1727858283.0,金V,0,0,0
1872,True,high,1,1870858943.0,蓝V,0,0,0
1873,True,high,1,1870858943.0,蓝V,0,0,0
1874,True,high,1,1870858943.0,蓝V,0,0,0
1875,True,high,1,5329434101.0,蓝V,0,0,0
1876,True,high,1,1943129625.0,普通用户,0,0,0
1877,True,high,1,3744520365.0,普通用户,0,0,0
1878,True,high,1,6433304918.0,蓝V,0,0,0
1879,True,high,1,6433304918.0,蓝V,0,0,0
1880,True,high,1,1894295570.0,蓝V,0,0,0
1881,True,high,1,1912085257.0,红V,0,0,0
1882,True,high,1,5976873363.0,普通用户,0,0,0
1883,True,high,1,6433304918.0,蓝V,0,0,0
1884,True,high,1,2794083144.0,蓝V,0,0,0
1885,True,high,1,1815659631.0,普通用户,0,0,0
1886,True,high,1,6433304918.0,蓝V,0,0,0
1887,True,high,1,6433304918.0,蓝V,0,0,0
1888,True,high,1,6433304918.0,蓝V,0,0,0
1889,True,high,1,6433304918.0,蓝V,0,0,0
1890,True,high,1,3275213384.0,蓝V,0,0,0
1891,True,high,1,6433304918.0,蓝V,0,0,0
1892,True,high,1,6433304918.0,蓝V,0,0,0
1893,True,high,1,6433304918.0,蓝V,0,0,0
1894,True,high,1,1727858283.0,金V,0,0,0
1895,True,high,1,6433304918.0,蓝V,0,0,0
1896,True,high,1,6324766931.0,黄V,0,0,0
1897,True,high,1,5976873363.0,普通用户,0,0,0
1898,True,high,1,5662898461.0,蓝V,0,0,0
1899,True,high,1,1727858283.0,金V,0,0,0
1900,True,high,1,1727858283.0,金V,0,0,0
1901,True,high,1,1870858943.0,蓝V,0,0,0
1902,True,high,1,6433304918.0,蓝V,0,0,0
1903,True,high,1,6433304918.0,蓝V,0,0,0
1904,True,high,1,6433304918.0,蓝V,0,0,0
1905,True,high,1,5976873363.0,普通用户,0,0,0
1906,True,high,1,1727858283.0,金V,0,0,0
1907,True,high,1,5341251100.0,蓝V,0,0,0
1908,True,high,1,1870858943.0,蓝V,0,0,0
1909,True,high,1,1870858943.0,蓝V,0,0,0
1910,True,high,1,1870858943.0,蓝V,0,0,0
1911,True,high,2,1727858283.0,金V,0,0,0
1912,True,high,1,5329434101.0,蓝V,0,0,0
1913,True,high,1,1894295570.0,蓝V,0,0,0
1914,True,high,1,3710258141.0,金V,0,0,0
1915,True,high,1,1727858283.0,金V,0,0,0
1916,True,high,1,1727858283.0,金V,0,0,0
1917,True,high,1,1870858943.0,蓝V,0,0,0
1918,True,high,1,1870858943.0,蓝V,0,0,0
1919,True,high,2,2279408463.0,蓝V,0,0,0
1920,True,high,1,6433304918.0,蓝V,0,0,0
1921,True,high,1,1870858943.0,蓝V,0,0,0
1922,True,high,1,6433304918.0,蓝V,0,0,0
1923,True,high,1,1870858943.0,蓝V,0,0,0
1924,True,high,1,6433304918.0,蓝V,0,0,0
1925,True,high,1,6433304918.0,蓝V,0,0,0
1926,True,high,1,6433304918.0,蓝V,0,0,0
1927,True,high,1,1402400261.0,金V,0,0,0
1928,True,high,2,1727858283.0,金V,0,0,0
1929,True,high,1,1402400261.0,金V,0,0,0
1930,True,high,1,1402400261.0,金V,0,0,0
1931,True,high,1,6508016609.0,蓝V,0,0,0
1932,True,high,1,5976873363.0,普通用户,0,0,0
1933,True,high,1,1943129625.0,普通用户,0,0,0
1934,True,high,1,2794083144.0,蓝V,0,0,0
1935,True,high,1,6433304918.0,蓝V,0,0,0
1936,True,high,1,1402400261.0,金V,0,0,0
1937,True,high,1,6433304918.0,蓝V,0,0,0
1938,True,high,1,1657470871.0,黄V,0,0,0
1939,True,high,1,6433304918.0,蓝V,0,0,0
1940,True,high,1,6433304918.0,蓝V,0,0,0
1941,True,high,1,7700536638.0,普通用户,0,0,0
1942,True,high,13,1812166904.0,黄V,0,0,0
1943,True,high,1,1870858943.0,蓝V,0,0,0
1944,True,high,1,1402400261.0,金V,0,0,0
1945,True,high,1,1870858943.0,蓝V,0,0,0
1946,True,high,1,2126427211.0,黄V,0,0,0
1947,True,high,1,1727858283.0,金V,0,0,0
1948,True,high,1,1402400261.0,金V,0,0,0
1949,True,high,1,1402400261.0,金V,0,0,0
1950,True,high,1,1812166904.0,黄V,0,0,0
1951,True,high,1,1727858283.0,金V,0,0,0
1952,True,high,1,6433304918.0,蓝V,0,0,0
1953,True,high,1,6433304918.0,蓝V,0,0,0
1954,True,medium,1,2535161187.0,黄V,0,0,0
1955,True,medium,1,5648162302.0,红V,0,0,0
1956,True,high,1,6433304918.0,蓝V,0,0,0
1957,True,high,1,6433304918.0,蓝V,0,0,0
1958,True,high,1,6433304918.0,蓝V,0,0,0
1959,True,high,1,6433304918.0,蓝V,0,0,0
1960,True,high,1,6433304918.0,蓝V,0,0,0
1961,True,high,1,6433304918.0,蓝V,0,0,0
1962,True,high,1,6433304918.0,蓝V,0,0,0
1963,True,high,1,6433304918.0,蓝V,0,0,0
1964,True,high,1,6433304918.0,蓝V,0,0,0
1965,True,high,1,6433304918.0,蓝V,0,0,0
1966,True,high,1,6433304918.0,蓝V,0,0,0
1967,True,high,1,1683020051.0,普通用户,0,0,0
1968,True,high,1,6433304918.0,蓝V,0,0,0
1969,True,high,1,2279408463.0,蓝V,0,0,0
1970,True,high,1,6433304918.0,蓝V,0,0,0
1971,True,high,1,3275213384.0,蓝V,0,0,0
1972,True,high,1,6433304918.0,蓝V,0,0,0
1973,True,high,1,1894295570.0,蓝V,0,0,0
1974,True,high,1,6182606334.0,红V,0,0,0
1975,True,high,1,2279408463.0,蓝V,0,0,0
1976,True,high,1,1894053795.0,普通用户,0,0,0
1977,True,high,1,6433304918.0,蓝V,0,0,0
1978,True,high,1,6433304918.0,蓝V,0,0,0
1979,True,high,1,6433304918.0,蓝V,0,0,0
1980,True,high,1,2008779105.0,蓝V,0,0,0
1981,True,high,1,6182606334.0,红V,0,0,0
1982,True,high,1,5976873363.0,普通用户,0,0,0
1983,True,high,1,6433304918.0,蓝V,0,0,0
1984,True,high,1,6105753431.0,蓝V,0,0,0
1985,True,high,1,5329434101.0,蓝V,0,0,0
1986,True,high,1,6433304918.0,蓝V,0,0,0
1987,True,high,1,6433304918.0,蓝V,0,0,0
1988,True,high,1,5976873363.0,普通用户,0,0,0
1989,True,high,1,2128464487.0,黄V,0,0,0
1990,True,high,1,2327362664.0,普通用户,0,0,0
1991,True,high,1,6433304918.0,蓝V,0,0,0
1992,True,high,1,6433304918.0,蓝V,0,0,0
1993,True,high,1,6433304918.0,蓝V,0,0,0
1994,True,high,4,2008779105.0,蓝V,0,0,0
1995,True,high,1,6433304918.0,蓝V,0,0,0
1996,True,high,1,6433304918.0,蓝V,0,0,0
1997,True,high,1,1402400261.0,金V,0,0,0
1998,True,high,1,2327362664.0,普通用户,0,0,0
1999,True,high,1,6433304918.0,蓝V,0,0,0
2000,True,high,1,6433304918.0,蓝V,0,0,0
2001,True,high,1,6433304918.0,蓝V,0,0,0
2002,True,high,1,1727858283.0,金V,0,0,0
2003,True,high,1,2687517190.0,普通用户,0,0,0
2004,True,medium,1,5648162302.0,红V,0,0,0
2005,True,high,1,5976873363.0,普通用户,0,0,0
2006,True,high,1,1894295570.0,蓝V,0,0,0
2007,True,high,1,1870858943.0,蓝V,0,0,0
2008,True,high,1,6433304918.0,蓝V,0,0,0
2009,True,high,1,1870858943.0,蓝V,0,0,0
2010,True,high,1,1870858943.0,蓝V,0,0,0
2011,True,high,1,1870858943.0,蓝V,0,0,0
2012,True,high,1,3109939781.0,金V,0,0,0
2013,True,high,1,1402400261.0,金V,0,0,0
2014,True,high,1,1727858283.0,金V,0,0,0
2015,True,high,1,7803656884.0,黄V,0,0,0
2016,True,high,1,1727858283.0,金V,0,0,0
2017,True,high,1,6433304918.0,蓝V,0,0,0
2018,True,high,1,6433304918.0,蓝V,0,0,0
2019,True,high,1,5703921756.0,蓝V,0,0,0
2020,True,high,1,1402400261.0,金V,0,0,0
2021,True,high,1,5803416260.0,黄V,0,0,0
2022,True,high,1,6433304918.0,蓝V,0,0,0
2023,True,high,1,6433304918.0,蓝V,0,0,0
2024,True,high,1,6433304918.0,蓝V,0,0,0
2025,True,high,1,6433304918.0,蓝V,0,0,0
2026,True,high,1,6433304918.0,蓝V,0,0,0
2027,True,high,1,6433304918.0,蓝V,0,0,0
2028,True,high,1,6433304918.0,蓝V,0,0,0
2029,True,high,1,6433304918.0,蓝V,0,0,0
2030,True,high,1,6433304918.0,蓝V,0,0,0
2031,True,high,1,6433304918.0,蓝V,0,0,0
2032,True,high,1,6433304918.0,蓝V,0,0,0
2033,True,high,1,6433304918.0,蓝V,0,0,0
2034,True,medium,1,5648162302.0,红V,0,0,0
2035,True,high,1,1676317545.0,蓝V,0,0,0
2036,True,high,1,6433304918.0,蓝V,0,0,0
2037,True,high,1,1627825392.0,金V,0,0,0
2038,True,medium,1,5648162302.0,红V,0,0,0
2039,True,high,2,6974787068.0,红V,0,0,0
2040,True,high,2,2279408463.0,蓝V,0,0,0
2041,True,high,1,1894295570.0,蓝V,0,0,0
2042,True,high,1,1727858283.0,金V,0,0,0
2043,True,high,1,6433304918.0,蓝V,0,0,0
2044,True,high,1,6433304918.0,蓝V,0,0,0
2045,True,high,1,6433304918.0,蓝V,0,0,0
2046,True,high,1,6433304918.0,蓝V,0,0,0
2047,True,high,1,1936025761.0,黄V,0,0,0
2048,True,high,1,1727858283.0,金V,0,0,0
2049,True,high,1,6433304918.0,蓝V,0,0,0
2050,True,high,1,6433304918.0,蓝V,0,0,0
2051,True,high,1,5976873363.0,普通用户,0,0,0
2052,True,high,1,6433304918.0,蓝V,0,0,0
2053,True,high,1,6433304918.0,蓝V,0,0,0
2054,True,high,1,5953063530.0,普通用户,0,0,0
2055,True,high,1,6433304918.0,蓝V,0,0,0
2056,True,high,1,6182606334.0,红V,0,0,0
2057,True,high,1,3710258141.0,金V,0,0,0
2058,True,high,1,1736207384.0,蓝V,0,0,0
2059,True,high,1,5703921756.0,蓝V,0,0,0
2060,True,high,1,6105753431.0,蓝V,0,0,0
2061,True,high,1,6594439078.0,普通用户,0,0,0
2062,True,high,1,1706699904.0,红V,0,0,0
2063,True,high,1,6433304918.0,蓝V,0,0,0
2064,True,high,1,6433304918.0,蓝V,0,0,0
2065,True,high,1,6433304918.0,蓝V,0,0,0
2066,True,high,1,6182606334.0,红V,0,0,0
2067,True,high,1,7821767569.0,普通用户,0,0,0
2068,True,high,1,5976873363.0,普通用户,0,0,0
2069,True,high,1,2535161187.0,黄V,0,0,0
2070,True,high,1,1877180551.0,普通用户,0,0,0
2071,True,high,1,5374548129.0,普通用户,0,0,0
2072,True,high,2,1286528122.0,蓝V,0,0,0
2073,True,high,1,6433304918.0,蓝V,0,0,0
2074,True,high,1,6433304918.0,蓝V,0,0,0
2075,True,high,2,2703634217.0,红V,0,0,0
2076,True,high,1,6433304918.0,蓝V,0,0,0
2077,True,high,1,6433304918.0,蓝V,0,0,0
2078,True,high,1,6433304918.0,蓝V,0,0,0
2079,True,high,1,6433304918.0,蓝V,0,0,0
2080,True,high,1,6433304918.0,蓝V,0,0,0
2081,True,high,1,6433304918.0,蓝V,0,0,0
2082,True,high,2,1627825392.0,金V,0,0,0
2083,True,high,1,1783475181.0,红V,0,0,0
2084,True,high,2,6433304918.0,蓝V,0,0,0
2085,True,high,1,6433304918.0,蓝V,0,0,0
2086,True,high,1,6433304918.0,蓝V,0,0,0
2087,True,high,1,6433304918.0,蓝V,0,0,0
2088,False,none,1,6433304918.0,蓝V,0,0,0
2089,True,high,1,6433304918.0,蓝V,0,0,0
2090,True,high,1,6433304918.0,蓝V,0,0,0
2091,True,high,1,6433304918.0,蓝V,0,0,0
2092,True,high,1,6974787068.0,红V,0,0,0
2093,True,high,1,1706699904.0,红V,0,0,0
2094,True,high,1,6182606334.0,红V,0,0,0
2095,True,high,1,1870858943.0,蓝V,0,0,0
2096,True,high,1,6182606334.0,红V,0,0,0
2097,True,high,1,1830516311.0,普通用户,0,0,0
2098,True,high,1,1870858943.0,蓝V,0,0,0
2099,True,high,1,1233486457.0,红V,0,0,0
2100,True,high,1,1870858943.0,蓝V,0,0,0
2101,True,high,1,1699526244.0,普通用户,0,0,0
2102,True,high,1,6182606334.0,红V,0,0,0
2103,True,high,1,3996876140.0,蓝V,0,0,0
2104,True,high,1,1699526244.0,普通用户,0,0,0
2105,True,high,1,1464484735.0,普通用户,0,0,0
2106,True,high,1,6433304918.0,蓝V,0,0,0
2107,True,high,1,6433304918.0,蓝V,0,0,0
2108,True,high,1,1411760332.0,黄V,0,0,0
2109,False,none,1,6433304918.0,蓝V,0,0,0
2110,True,high,1,6433304918.0,蓝V,0,0,0
2111,True,high,1,6433304918.0,蓝V,0,0,0
2112,True,high,1,6433304918.0,蓝V,0,0,0
2113,True,medium,1,5648162302.0,红V,0,0,0
2114,True,high,1,6433304918.0,蓝V,0,0,0
2115,True,high,1,3996876140.0,蓝V,0,0,0
2116,True,high,1,1464484735.0,普通用户,0,0,0
2117,True,high,2,3996876140.0,蓝V,0,0,0
2118,True,high,1,5976873363.0,普通用户,0,0,0
2119,True,high,1,6433304918.0,蓝V,0,0,0
2120,True,high,1,6433304918.0,蓝V,0,0,0
2121,True,high,1,7571106435.0,蓝V,0,0,0
2122,True,high,1,6105753431.0,蓝V,0,0,0
2123,True,high,1,6433304918.0,蓝V,0,0,0
2124,True,high,1,6433304918.0,蓝V,0,0,0
2125,True,high,1,3996876140.0,蓝V,0,0,0
2126,True,high,1,6182606334.0,红V,0,0,0
2127,True,high,1,5703921756.0,蓝V,0,0,0
2128,True,high,1,5602911905.0,蓝V,0,0,0
2129,True,high,1,1870858943.0,蓝V,0,0,0
2130,True,high,1,6433304918.0,蓝V,0,0,0
2131,True,high,1,5329434101.0,蓝V,0,0,0
2132,True,high,2,1305025981.0,普通用户,0,0,0
2133,True,high,1,5866398242.0,普通用户,0,0,0
2134,True,high,1,6433304918.0,蓝V,0,0,0
2135,True,high,1,6433304918.0,蓝V,0,0,0
2136,True,high,1,6433304918.0,蓝V,0,0,0
2137,True,high,1,6433304918.0,蓝V,0,0,0
2138,True,high,1,6105753431.0,蓝V,0,0,0
2139,True,high,1,5976873363.0,普通用户,0,0,0
2140,True,high,1,6324766931.0,黄V,0,0,0
2141,True,high,1,1727858283.0,金V,0,0,0
2142,True,high,1,3996876140.0,蓝V,0,0,0
2143,True,high,1,1877686643.0,蓝V,0,0,0
2144,True,medium,1,5648162302.0,红V,0,0,0
2145,True,high,1,5976873363.0,普通用户,0,0,0
2146,True,high,1,6105753431.0,蓝V,0,0,0
2147,True,high,1,6182606334.0,红V,0,0,0
2148,True,high,1,5329434101.0,蓝V,0,0,0
2149,True,high,1,5976873363.0,普通用户,0,0,0
2150,True,high,1,6433304918.0,蓝V,0,0,0
2151,True,high,1,6433304918.0,蓝V,0,0,0
2152,True,high,1,6433304918.0,蓝V,0,0,0
2153,True,high,1,6433304918.0,蓝V,0,0,0
2154,True,high,1,6433304918.0,蓝V,0,0,0
2155,True,high,1,6433304918.0,蓝V,0,0,0
2156,True,high,2,2048296694.0,红V,0,0,0
2157,True,high,1,6433304918.0,蓝V,0,0,0
2158,True,high,1,6433304918.0,蓝V,0,0,0
2159,True,high,1,6433304918.0,蓝V,0,0,0
2160,True,high,1,1233486457.0,红V,0,0,0
2161,True,high,1,5976873363.0,普通用户,0,0,0
2162,True,high,1,6105753431.0,蓝V,0,0,0
2163,True,high,1,1402400261.0,金V,0,0,0
2164,True,high,1,1402400261.0,金V,0,0,0
2165,True,high,1,1917491813.0,黄V,0,0,0
2166,True,high,1,6182606334.0,红V,0,0,0
2167,True,high,2,7571106435.0,蓝V,0,0,0
2168,True,high,1,6105753431.0,蓝V,0,0,0
2169,True,high,1,1870858943.0,蓝V,0,0,0
2170,True,high,1,1870858943.0,蓝V,0,0,0
2171,True,high,1,1402400261.0,金V,0,0,0
2172,True,high,1,5703921756.0,蓝V,0,0,0
2173,True,high,1,7571106435.0,蓝V,0,0,0
2174,True,high,1,6433304918.0,蓝V,0,0,0
2175,True,high,1,6433304918.0,蓝V,0,0,0
2176,True,high,1,1894295570.0,蓝V,0,0,0
2177,True,high,1,1870858943.0,蓝V,0,0,0
2178,True,high,1,1870858943.0,蓝V,0,0,0
2179,True,high,1,1894295570.0,蓝V,0,0,0
2180,True,high,1,1807976937.0,蓝V,0,0,0
2181,True,high,1,1870858943.0,蓝V,0,0,0
2182,True,high,1,1870858943.0,蓝V,0,0,0
2183,True,high,1,1870858943.0,蓝V,0,0,0
2184,True,high,1,1870858943.0,蓝V,0,0,0
2185,True,high,1,2535161187.0,黄V,0,0,0
2186,True,high,1,6182606334.0,红V,0,0,0
2187,True,high,1,5976873363.0,普通用户,0,0,0
2188,True,high,1,1870858943.0,蓝V,0,0,0
2189,True,high,1,1870858943.0,蓝V,0,0,0
2190,True,high,1,5602911905.0,蓝V,0,0,0
2191,True,high,1,1870858943.0,蓝V,0,0,0
2192,True,high,1,1870858943.0,蓝V,0,0,0
2193,True,high,1,1870858943.0,蓝V,0,0,0
2194,True,high,1,1870858943.0,蓝V,0,0,0
2195,True,high,1,1870858943.0,蓝V,0,0,0
2196,True,high,1,1870858943.0,蓝V,0,0,0
2197,True,high,1,1402400261.0,金V,0,0,0
2198,True,high,1,1870858943.0,蓝V,0,0,0
2199,True,high,1,1870858943.0,蓝V,0,0,0
2200,True,high,1,1943129625.0,普通用户,0,0,0
2201,True,high,1,1870858943.0,蓝V,0,0,0
2202,True,high,1,1870858943.0,蓝V,0,0,0
2203,True,high,1,1402400261.0,金V,0,0,0
2204,True,high,1,1870858943.0,蓝V,0,0,0
2205,True,high,1,1870858943.0,蓝V,0,0,0
2206,True,high,1,1870858943.0,蓝V,0,0,0
2207,True,high,1,5341251100.0,蓝V,0,0,0
2208,True,high,1,5329434101.0,蓝V,0,0,0
2209,True,high,1,1402400261.0,金V,0,0,0
2210,True,high,1,1402400261.0,金V,0,0,0
2211,True,high,1,1870858943.0,蓝V,0,0,0
2212,True,high,1,1870858943.0,蓝V,0,0,0
2213,True,high,1,6105753431.0,蓝V,0,0,0
2214,True,high,1,1402400261.0,金V,0,0,0
2215,True,high,1,6433304918.0,蓝V,0,0,0
2216,True,high,1,1870858943.0,蓝V,0,0,0
2217,True,high,1,1870858943.0,蓝V,0,0,0
2218,True,high,1,1870858943.0,蓝V,0,0,0
2219,True,high,1,1870858943.0,蓝V,0,0,0
2220,True,high,1,6433304918.0,蓝V,0,0,0
2221,True,high,1,1870858943.0,蓝V,0,0,0
2222,True,high,1,2008779105.0,蓝V,0,0,0
2223,True,high,1,1402400261.0,金V,0,0,0
2224,True,high,1,1870858943.0,蓝V,0,0,0
2225,True,high,1,1870858943.0,蓝V,0,0,0
2226,True,high,1,1870858943.0,蓝V,0,0,0
2227,True,high,1,1870858943.0,蓝V,0,0,0
2228,True,high,1,6105753431.0,蓝V,0,0,0
2229,True,high,1,1870858943.0,蓝V,0,0,0
2230,True,high,1,1870858943.0,蓝V,0,0,0
2231,True,high,1,1402400261.0,金V,0,0,0
2232,True,high,1,1402400261.0,金V,0,0,0
2233,True,high,1,1402400261.0,金V,0,0,0
2234,True,high,1,6182606334.0,红V,0,0,0
2235,True,high,1,2703634217.0,黄V,0,0,0
2236,True,high,1,6433304918.0,蓝V,0,0,0
2237,True,high,1,6433304918.0,蓝V,0,0,0
2238,True,high,1,6433304918.0,蓝V,0,0,0
2239,True,high,1,6433304918.0,蓝V,0,0,0
2240,True,high,1,5648162302.0,红V,0,0,0
2241,True,high,1,6433304918.0,蓝V,0,0,0
2242,True,high,1,6433304918.0,蓝V,0,0,0
2243,True,high,1,5648162302.0,红V,0,0,0
2244,True,high,1,5648162302.0,红V,0,0,0
2245,False,none,1,1233486457.0,红V,0,0,0
2246,True,high,1,6433304918.0,蓝V,0,0,0
2247,True,high,1,6433304918.0,蓝V,0,0,0
2248,False,none,1,6433304918.0,蓝V,0,0,0
2249,True,high,1,6105753431.0,蓝V,0,0,0
2250,True,high,1,6433304918.0,蓝V,0,0,0
2251,True,high,2,2279408463.0,蓝V,0,0,0
2252,True,high,1,5602911905.0,蓝V,0,0,0
2253,True,high,1,5648162302.0,红V,0,0,0
2254,True,high,1,5976873363.0,普通用户,0,0,0
2255,True,high,1,1402400261.0,金V,0,0,0
2256,True,high,1,1870858943.0,蓝V,0,0,0
2257,True,high,1,6433304918.0,蓝V,0,0,0
2258,True,high,1,5602911905.0,蓝V,0,0,0
2259,True,high,1,1870858943.0,蓝V,0,0,0
2260,True,high,1,1870858943.0,蓝V,0,0,0
2261,True,high,1,5976873363.0,普通用户,0,0,0
2262,True,high,1,1870858943.0,蓝V,0,0,0
2263,True,high,1,1870858943.0,蓝V,0,0,0
2264,True,high,1,1402400261.0,金V,0,0,0
2265,False,none,1,,,0,0,0
2266,True,high,1,1870858943.0,蓝V,0,0,0
2267,True,high,1,1870858943.0,蓝V,0,0,0
2268,True,high,1,1870858943.0,蓝V,0,0,0
2269,True,high,1,1870858943.0,蓝V,0,0,0
2270,True,high,1,1870858943.0,蓝V,0,0,0
2271,True,high,1,1870858943.0,蓝V,0,0,0
2272,True,high,1,6433304918.0,蓝V,0,0,0
2273,True,high,1,1870858943.0,蓝V,0,0,0
2274,True,high,1,1870858943.0,蓝V,0,0,0
2275,True,high,1,1870858943.0,蓝V,0,0,0
2276,True,high,1,1402400261.0,金V,0,0,0
2277,True,high,1,1870858943.0,蓝V,0,0,0
2278,True,high,1,1870858943.0,蓝V,0,0,0
2279,True,high,1,1870858943.0,蓝V,0,0,0
2280,True,high,1,1870858943.0,蓝V,0,0,0
2281,True,high,1,1870858943.0,蓝V,0,0,0
2282,True,high,1,6433304918.0,蓝V,0,0,0
2283,True,high,1,6433304918.0,蓝V,0,0,0
2284,True,high,1,2794083144.0,蓝V,0,0,0
2285,True,high,1,1870858943.0,蓝V,0,0,0
2286,True,high,1,1870858943.0,蓝V,0,0,0
2287,True,high,1,5976873363.0,普通用户,0,0,0
2288,True,high,2,2279408463.0,蓝V,0,0,0
2289,True,high,1,1402400261.0,金V,0,0,0
2290,True,high,1,1870858943.0,蓝V,0,0,0
2291,True,high,1,1870858943.0,蓝V,0,0,0
2292,True,high,1,1870858943.0,蓝V,0,0,0
2293,True,high,1,1870858943.0,蓝V,0,0,0
2294,True,high,1,5976873363.0,普通用户,0,0,0
2295,True,high,1,1870858943.0,蓝V,0,0,0
2296,True,high,1,1870858943.0,蓝V,0,0,0
2297,True,high,1,1402400261.0,金V,0,0,0
2298,True,high,1,1870858943.0,蓝V,0,0,0
2299,True,high,1,1870858943.0,蓝V,0,0,0
2300,True,high,1,1870858943.0,蓝V,0,0,0
2301,True,high,1,1870858943.0,蓝V,0,0,0
2302,True,high,1,1870858943.0,蓝V,0,0,0
2303,True,high,1,1870858943.0,蓝V,0,0,0
2304,True,high,1,1402400261.0,金V,0,0,0
2305,True,high,1,1402400261.0,金V,0,0,0
2306,True,high,1,5976873363.0,普通用户,0,0,0
2307,True,high,1,1286528122.0,蓝V,0,0,0
2308,True,high,3,1912085257.0,红V,0,0,0
2309,True,high,1,3894431038.0,红V,0,0,0
2310,True,medium,1,5703921756.0,蓝V,0,0,0
2311,True,high,1,7712464294.0,普通用户,0,0,0
2312,True,high,1,1676317545.0,蓝V,0,0,0
2313,True,high,1,5976873363.0,普通用户,0,0,0
2314,True,high,1,5976873363.0,普通用户,0,0,0
2315,True,medium,1,6105753431.0,蓝V,0,0,0
2316,True,high,1,5703921756.0,蓝V,0,0,0
2317,True,high,1,2008779105.0,蓝V,0,0,0
2318,True,high,1,6105753431.0,蓝V,0,0,0
2319,True,high,2,2279408463.0,蓝V,0,0,0
2320,True,high,1,5976873363.0,普通用户,0,0,0
2321,True,high,1,1870858943.0,蓝V,0,0,0
2322,True,high,1,2794083144.0,蓝V,0,0,0
2323,True,high,1,1870858943.0,蓝V,0,0,0
2324,True,high,1,3241797342.0,普通用户,0,0,0
2325,True,high,1,1870858943.0,蓝V,0,0,0
2326,True,high,1,6105753431.0,蓝V,0,0,0
2327,True,high,1,5703921756.0,蓝V,0,0,0
2328,True,high,1,1402400261.0,金V,0,0,0
2329,True,high,1,1870858943.0,蓝V,0,0,0
2330,True,high,1,1870858943.0,蓝V,0,0,0
2331,True,high,1,1870858943.0,蓝V,0,0,0
2332,True,high,1,1870858943.0,蓝V,0,0,0
2333,True,high,1,1870858943.0,蓝V,0,0,0
2334,True,high,1,5703921756.0,蓝V,0,0,0
2335,True,high,1,1746713021.0,普通用户,0,0,0
2336,True,high,1,6105753431.0,蓝V,0,0,0
2337,True,high,1,1870858943.0,蓝V,0,0,0
2338,True,high,1,6105753431.0,蓝V,0,0,0
2339,True,high,1,6105753431.0,蓝V,0,0,0
2340,True,high,1,6182606334.0,红V,0,0,0
2341,True,high,1,1402400261.0,金V,0,0,0
2342,True,high,1,1870858943.0,蓝V,0,0,0
2343,True,high,1,6105753431.0,蓝V,0,0,0
2344,True,high,1,1870858943.0,蓝V,0,0,0
2345,True,high,1,1870858943.0,蓝V,0,0,0
2346,True,high,1,6182606334.0,红V,0,0,0
2347,True,high,1,5703921756.0,蓝V,0,0,0
2348,True,high,1,1870858943.0,蓝V,0,0,0
2349,True,high,1,1870858943.0,蓝V,0,0,0
2350,True,high,1,1870858943.0,蓝V,0,0,0
2351,True,high,1,6433304918.0,蓝V,0,0,0
2352,True,high,1,6433304918.0,蓝V,0,0,0
2353,True,high,1,5648162302.0,红V,0,0,0
2354,True,high,1,5703921756.0,蓝V,0,0,0
2355,True,high,1,7722144961.0,蓝V,0,0,0
2356,True,high,1,6433304918.0,蓝V,0,0,0
2357,True,high,1,1764919567.0,红V,0,0,0
2358,True,high,1,6182606334.0,红V,0,0,0
2359,True,high,1,1676317545.0,蓝V,0,0,0
2360,True,high,1,7687956238.0,蓝V,0,0,0
2361,True,high,1,5976873363.0,普通用户,0,0,0
2362,True,high,1,6105753431.0,蓝V,0,0,0
2363,True,medium,1,5648162302.0,红V,0,0,0
2364,True,high,1,1402400261.0,金V,0,0,0
2365,True,high,1,1402400261.0,金V,0,0,0
2366,True,high,1,1402400261.0,金V,0,0,0
2367,True,high,1,1912085257.0,红V,0,0,0
2368,True,high,1,1402400261.0,金V,0,0,0
2369,True,high,1,1402400261.0,金V,0,0,0
2370,True,high,1,1402400261.0,金V,0,0,0
2371,True,high,1,1894295570.0,蓝V,0,0,0
2372,True,high,1,1894295570.0,蓝V,0,0,0
2373,True,high,1,1402400261.0,金V,0,0,0
2374,True,high,1,1402400261.0,金V,0,0,0
2375,True,high,1,1402400261.0,金V,0,0,0
2376,True,high,1,1676317545.0,蓝V,0,0,0
2377,True,high,1,1943129625.0,普通用户,0,0,0
2378,False,none,1,6105753431.0,蓝V,0,0,0
2379,True,high,1,1870858943.0,蓝V,0,0,0
2380,True,high,1,1870858943.0,蓝V,0,0,0
2381,True,high,1,1233486457.0,红V,0,0,0
2382,True,high,1,1870858943.0,蓝V,0,0,0
2383,True,high,1,6105753431.0,蓝V,0,0,0
2384,True,high,1,1870858943.0,蓝V,0,0,0
2385,True,high,1,1870858943.0,蓝V,0,0,0
2386,True,high,1,1870858943.0,蓝V,0,0,0
2387,True,high,1,1870858943.0,蓝V,0,0,0
2388,True,high,1,1870858943.0,蓝V,0,0,0
2389,True,high,1,1870858943.0,蓝V,0,0,0
2390,True,high,1,1870858943.0,蓝V,0,0,0
2391,True,high,1,1870858943.0,蓝V,0,0,0
2392,True,high,1,1402400261.0,金V,0,0,0
2393,True,high,1,1402400261.0,金V,0,0,0
2394,True,high,1,6433304918.0,蓝V,0,0,0
2395,True,high,1,1727858283.0,金V,0,0,0
2396,True,high,1,1870858943.0,蓝V,0,0,0
2397,True,high,1,1870858943.0,蓝V,0,0,0
2398,True,high,1,1402400261.0,金V,0,0,0
2399,False,none,1,2152024140.0,黄V,0,0,0
2400,True,high,1,1402400261.0,金V,0,0,0
2401,True,medium,1,5648162302.0,红V,0,0,0
2402,True,high,1,6105753431.0,蓝V,0,0,0
2403,True,high,1,6105753431.0,蓝V,0,0,0
2404,True,high,1,6105753431.0,蓝V,0,0,0
2405,True,high,1,6105753431.0,蓝V,0,0,0
2406,True,high,1,6105753431.0,蓝V,0,0,0
2407,True,high,1,5703921756.0,蓝V,0,0,0
2408,True,high,1,6433304918.0,蓝V,0,0,0
2409,True,high,1,1870858943.0,蓝V,0,0,0
2410,True,high,1,1870858943.0,蓝V,0,0,0
2411,True,high,1,6105753431.0,蓝V,0,0,0
2412,True,high,1,6105753431.0,蓝V,0,0,0
2413,True,high,1,1894295570.0,蓝V,0,0,0
2414,True,high,1,5718168241.0,黄V,0,0,0
2415,True,high,1,6105753431.0,蓝V,0,0,0
2416,True,high,1,6105753431.0,蓝V,0,0,0
2417,True,high,1,1870858943.0,蓝V,0,0,0
2418,True,high,1,1870858943.0,蓝V,0,0,0
2419,True,high,1,6105753431.0,蓝V,0,0,0
2420,True,high,1,1870858943.0,蓝V,0,0,0
2421,True,high,1,1870858943.0,蓝V,0,0,0
2422,True,high,1,6105753431.0,蓝V,0,0,0
2423,True,high,1,1402400261.0,金V,0,0,0
2424,True,high,1,1870858943.0,蓝V,0,0,0
2425,True,high,1,1870858943.0,蓝V,0,0,0
2426,True,high,1,1402400261.0,金V,0,0,0
2427,True,high,1,6105753431.0,蓝V,0,0,0
2428,True,high,1,1870858943.0,蓝V,0,0,0
2429,True,high,1,1870858943.0,蓝V,0,0,0
2430,True,high,1,6105753431.0,蓝V,0,0,0
2431,True,high,1,1870858943.0,蓝V,0,0,0
2432,True,high,1,6105753431.0,蓝V,0,0,0
2433,True,high,1,6433304918.0,蓝V,0,0,0
2434,True,high,1,3894431038.0,红V,0,0,0
2435,True,medium,1,5648162302.0,红V,0,0,0
2436,True,high,1,6105753431.0,蓝V,0,0,0
2437,True,high,2,2048296694.0,黄V,0,0,0
2438,True,high,1,5341251100.0,蓝V,0,0,0
2439,True,high,1,6105753431.0,蓝V,0,0,0
2440,True,high,1,6105753431.0,蓝V,0,0,0
2441,True,high,1,6105753431.0,蓝V,0,0,0
2442,True,high,1,6105753431.0,蓝V,0,0,0
2443,True,high,1,6105753431.0,蓝V,0,0,0
2444,True,high,1,1676317545.0,蓝V,0,0,0
2445,True,high,1,6105753431.0,蓝V,0,0,0
2446,True,high,1,1402400261.0,金V,0,0,0
2447,True,high,1,6105753431.0,蓝V,0,0,0
2448,True,high,1,6182606334.0,红V,0,0,0
2449,True,high,1,1870858943.0,蓝V,0,0,0
2450,True,high,1,1870858943.0,蓝V,0,0,0
2451,True,high,1,6105753431.0,蓝V,0,0,0
2452,True,high,1,6105753431.0,蓝V,0,0,0
2453,True,high,1,1870858943.0,蓝V,0,0,0
2454,True,high,1,1870858943.0,蓝V,0,0,0
2455,True,high,1,1870858943.0,蓝V,0,0,0
2456,True,high,1,1870858943.0,蓝V,0,0,0
2457,True,high,1,1140378571.0,普通用户,0,0,0
2458,True,high,1,1912085257.0,红V,0,0,0
2459,True,high,1,6105753431.0,蓝V,0,0,0
2460,True,high,1,5703921756.0,蓝V,0,0,0
2461,True,high,1,1870858943.0,蓝V,0,0,0
2462,True,high,1,1870858943.0,蓝V,0,0,0
2463,True,high,1,5976873363.0,普通用户,0,0,0
2464,True,high,1,1870858943.0,蓝V,0,0,0
2465,True,high,1,6105753431.0,蓝V,0,0,0
2466,True,high,1,1402400261.0,金V,0,0,0
2467,True,high,1,1402400261.0,金V,0,0,0
2468,True,high,1,6105753431.0,蓝V,0,0,0
2469,True,high,1,1870858943.0,蓝V,0,0,0
2470,True,high,1,6105753431.0,蓝V,0,0,0
2471,True,high,1,1870858943.0,蓝V,0,0,0
2472,True,high,1,5976873363.0,普通用户,0,0,0
2473,True,high,1,1870858943.0,蓝V,0,0,0
2474,True,high,1,1870858943.0,蓝V,0,0,0
2475,True,high,1,1402400261.0,金V,0,0,0
2476,True,high,1,6105753431.0,蓝V,0,0,0
2477,True,high,1,1402400261.0,金V,0,0,0
2478,True,high,1,1870858943.0,蓝V,0,0,0
2479,True,high,1,1870858943.0,蓝V,0,0,0
2480,True,high,1,6105753431.0,蓝V,0,0,0
2481,True,high,1,6105753431.0,蓝V,0,0,0
2482,True,high,1,6105753431.0,蓝V,0,0,0
2483,True,high,1,1870858943.0,蓝V,0,0,0
2484,True,high,1,1870858943.0,蓝V,0,0,0
2485,True,high,1,1870858943.0,蓝V,0,0,0
2486,True,high,1,1870858943.0,蓝V,0,0,0
2487,True,high,1,6105753431.0,蓝V,0,0,0
2488,True,high,1,1870858943.0,蓝V,0,0,0
2489,True,high,1,1870858943.0,蓝V,0,0,0
2490,True,high,1,5976873363.0,普通用户,0,0,0
2491,True,high,1,1402400261.0,金V,0,0,0
2492,True,high,1,1233486457.0,红V,0,0,0
2493,True,high,1,1286528122.0,蓝V,0,0,0
2494,True,high,1,6433304918.0,蓝V,0,0,0
2495,True,high,1,1402400261.0,金V,0,0,0
2496,True,high,1,1402400261.0,金V,0,0,0
2497,True,high,1,6105753431.0,蓝V,0,0,0
2498,True,high,1,5703921756.0,蓝V,0,0,0
2499,True,high,1,6433304918.0,蓝V,0,0,0
2500,True,high,1,6433304918.0,蓝V,0,0,0
2501,True,high,1,1870858943.0,蓝V,0,0,0
2502,True,high,1,1870858943.0,蓝V,0,0,0
2503,True,high,1,1870858943.0,蓝V,0,0,0
2504,True,high,1,1870858943.0,蓝V,0,0,0
2505,True,high,1,5976873363.0,普通用户,0,0,0
2506,True,high,1,1870858943.0,蓝V,0,0,0
2507,True,high,1,6433304918.0,蓝V,0,0,0
2508,True,high,1,1870858943.0,蓝V,0,0,0
2509,True,high,1,1870858943.0,蓝V,0,0,0
2510,True,high,1,1870858943.0,蓝V,0,0,0
2511,True,high,1,1870858943.0,蓝V,0,0,0
2512,True,high,1,1870858943.0,蓝V,0,0,0
2513,True,high,1,1870858943.0,蓝V,0,0,0
2514,True,high,1,1870858943.0,蓝V,0,0,0
2515,True,high,1,1894295570.0,蓝V,0,0,0
2516,True,high,1,1402400261.0,金V,0,0,0
2517,True,high,1,1402400261.0,金V,0,0,0
2518,True,high,1,6105753431.0,蓝V,0,0,0
2519,True,high,1,3710258141.0,红V,0,0,0
2520,True,high,1,1870858943.0,蓝V,0,0,0
2521,True,high,1,1870858943.0,蓝V,0,0,0
2522,True,high,1,1870858943.0,蓝V,0,0,0
2523,True,high,1,1870858943.0,蓝V,0,0,0
2524,True,high,1,1870858943.0,蓝V,0,0,0
2525,True,high,1,1870858943.0,蓝V,0,0,0
2526,True,high,1,6433304918.0,蓝V,0,0,0
2527,True,high,1,1402400261.0,金V,0,0,0
2528,True,high,1,1870858943.0,蓝V,0,0,0
2529,True,high,1,1870858943.0,蓝V,0,0,0
2530,True,high,1,1870858943.0,蓝V,0,0,0
2531,True,high,1,1870858943.0,蓝V,0,0,0
2532,True,high,1,1870858943.0,蓝V,0,0,0
2533,True,high,1,1402400261.0,金V,0,0,0
2534,True,high,1,5976873363.0,普通用户,0,0,0
2535,True,high,1,1870858943.0,蓝V,0,0,0
2536,True,high,1,1870858943.0,蓝V,0,0,0
2537,True,medium,1,1912085257.0,红V,0,0,0
2538,True,medium,1,5648162302.0,红V,0,0,0
2539,True,high,1,1402400261.0,金V,0,0,0
2540,True,high,1,6433304918.0,蓝V,0,0,0
2541,True,high,1,1870858943.0,蓝V,0,0,0
2542,True,high,1,1870858943.0,蓝V,0,0,0
2543,True,high,1,1784264335.0,普通用户,0,0,0
2544,True,high,1,6105753431.0,蓝V,0,0,0
2545,True,high,2,2279408463.0,蓝V,0,0,0
2546,True,high,1,1912085257.0,红V,0,0,0
2547,True,high,1,1870858943.0,蓝V,0,0,0
2548,True,high,1,1870858943.0,蓝V,0,0,0
2549,True,high,1,1870858943.0,蓝V,0,0,0
2550,True,high,1,1402400261.0,金V,0,0,0
2551,True,medium,1,6105753431.0,蓝V,0,0,0
2552,True,high,1,1870858943.0,蓝V,0,0,0
2553,True,high,1,1870858943.0,蓝V,0,0,0
2554,True,high,1,1870858943.0,蓝V,0,0,0
2555,True,high,1,1870858943.0,蓝V,0,0,0
2556,True,high,1,1870858943.0,蓝V,0,0,0
2557,True,high,1,1870858943.0,蓝V,0,0,0
2558,True,high,1,1870858943.0,蓝V,0,0,0
2559,True,high,1,1870858943.0,蓝V,0,0,0
2560,True,high,1,1870858943.0,蓝V,0,0,0
2561,True,high,1,1870858943.0,蓝V,0,0,0
2562,True,high,1,1402400261.0,金V,0,0,0
2563,True,high,2,2008779105.0,蓝V,0,0,0
2564,True,high,1,1402400261.0,金V,0,0,0
2565,True,high,1,1402400261.0,金V,0,0,0
2566,True,high,1,1870858943.0,蓝V,0,0,0
2567,True,high,1,1870858943.0,蓝V,0,0,0
2568,True,high,1,6433304918.0,蓝V,0,0,0
2569,True,high,1,1751923963.0,普通用户,0,0,0
2570,True,high,1,6105753431.0,蓝V,0,0,0
2571,True,high,1,6433304918.0,蓝V,0,0,0
2572,True,high,1,6433304918.0,蓝V,0,0,0
2573,True,high,1,6001606373.0,普通用户,0,0,0
2574,True,high,1,6433304918.0,蓝V,0,0,0
2575,True,high,1,5976873363.0,普通用户,0,0,0
2576,True,high,1,3894431038.0,红V,0,0,0
2577,True,high,1,5633464636.0,蓝V,0,0,0
2578,True,high,1,6433304918.0,蓝V,0,0,0
2579,True,high,1,6433304918.0,蓝V,0,0,0
2580,True,high,1,1870858943.0,蓝V,0,0,0
2581,True,high,1,1870858943.0,蓝V,0,0,0
2582,True,high,1,1233486457.0,红V,0,0,0
2583,True,high,1,1870858943.0,蓝V,0,0,0
2584,True,high,1,1870858943.0,蓝V,0,0,0
2585,True,high,1,6433304918.0,蓝V,0,0,0
2586,True,high,1,6433304918.0,蓝V,0,0,0
2587,True,high,1,6433304918.0,蓝V,0,0,0
2588,True,high,1,6433304918.0,蓝V,0,0,0
2589,True,high,1,6433304918.0,蓝V,0,0,0
2590,True,high,1,6433304918.0,蓝V,0,0,0
2591,True,high,1,1870858943.0,蓝V,0,0,0
2592,True,high,1,1870858943.0,蓝V,0,0,0
2593,True,high,1,6433304918.0,蓝V,0,0,0
2594,True,high,1,2008779105.0,蓝V,0,0,0
2595,True,high,1,6433304918.0,蓝V,0,0,0
2596,True,high,1,6433304918.0,蓝V,0,0,0
2597,True,high,1,6433304918.0,蓝V,0,0,0
2598,True,high,1,5329434101.0,蓝V,0,0,0
2599,True,high,1,5703921756.0,蓝V,0,0,0
2600,True,high,1,1402400261.0,金V,0,0,0
2601,True,high,1,6433304918.0,蓝V,0,0,0
2602,True,medium,1,5648162302.0,红V,0,0,0
2603,True,high,1,6433304918.0,蓝V,0,0,0
2604,True,high,1,1402400261.0,金V,0,0,0
2605,True,high,1,1286528122.0,蓝V,0,0,0
2606,True,high,1,6433304918.0,蓝V,0,0,0
2607,True,high,1,1870858943.0,蓝V,0,0,0
2608,True,high,1,1870858943.0,蓝V,0,0,0
2609,True,high,2,2152024140.0,黄V,0,0,0
2610,True,high,1,5703921756.0,蓝V,0,0,0
2611,True,high,1,6433304918.0,蓝V,0,0,0
2612,True,high,1,6433304918.0,蓝V,0,0,0
2613,True,high,1,6433304918.0,蓝V,0,0,0
2614,True,high,1,5976873363.0,普通用户,0,0,0
2615,True,high,1,6433304918.0,蓝V,0,0,0
2616,True,high,1,6433304918.0,蓝V,0,0,0
2617,True,high,1,1286528122.0,蓝V,0,0,0
2618,True,high,1,6433304918.0,蓝V,0,0,0
2619,True,high,1,6433304918.0,蓝V,0,0,0
2620,True,high,1,6433304918.0,蓝V,0,0,0
2621,True,high,1,6433304918.0,蓝V,0,0,0
2622,True,high,1,6433304918.0,蓝V,0,0,0
2623,True,high,1,6433304918.0,蓝V,0,0,0
2624,True,high,1,6105753431.0,蓝V,0,0,0
2625,True,high,1,6433304918.0,蓝V,0,0,0
2626,True,high,1,6433304918.0,蓝V,0,0,0
2627,True,high,1,1402400261.0,金V,0,0,0
2628,True,high,1,6433304918.0,蓝V,0,0,0
2629,True,high,1,6433304918.0,蓝V,0,0,0
2630,True,high,1,6433304918.0,蓝V,0,0,0
2631,True,high,1,6433304918.0,蓝V,0,0,0
2632,True,high,1,1402400261.0,金V,0,0,0
2633,True,high,1,2194035935.0,金V,0,0,0
2634,True,high,5,7523186814.0,蓝V,0,0,0
2635,True,high,1,6433304918.0,蓝V,0,0,0
2636,True,high,1,6433304918.0,蓝V,0,0,0
2637,True,high,1,6433304918.0,蓝V,0,0,0
2638,True,high,1,6433304918.0,蓝V,0,0,0
2639,True,high,1,6433304918.0,蓝V,0,0,0
2640,True,high,1,5703921756.0,蓝V,0,0,0
2641,True,high,1,6433304918.0,蓝V,0,0,0
2642,True,high,1,1706699904.0,红V,0,0,0
2643,True,high,1,6433304918.0,蓝V,0,0,0
2644,True,high,1,6105753431.0,蓝V,0,0,0
2645,True,high,1,6433304918.0,蓝V,0,0,0
2646,True,high,1,6433304918.0,蓝V,0,0,0
2647,True,high,1,6433304918.0,蓝V,0,0,0
2648,True,high,1,6433304918.0,蓝V,0,0,0
2649,True,high,1,6433304918.0,蓝V,0,0,0
2650,True,high,1,6105753431.0,蓝V,0,0,0
2651,True,high,1,6433304918.0,蓝V,0,0,0
2652,True,high,1,6433304918.0,蓝V,0,0,0
2653,True,high,1,6433304918.0,蓝V,0,0,0
2654,True,high,1,6433304918.0,蓝V,0,0,0
2655,True,high,1,6433304918.0,蓝V,0,0,0
2656,True,high,1,6433304918.0,蓝V,0,0,0
2657,True,high,1,5703921756.0,蓝V,0,0,0
2658,True,high,1,6433304918.0,蓝V,0,0,0
2659,True,high,1,6105753431.0,蓝V,0,0,0
2660,True,high,1,6433304918.0,蓝V,0,0,0
2661,True,high,1,6105753431.0,蓝V,0,0,0
2662,True,high,1,6433304918.0,蓝V,0,0,0
2663,True,high,1,6433304918.0,蓝V,0,0,0
2664,True,high,1,6433304918.0,蓝V,0,0,0
2665,True,high,1,6433304918.0,蓝V,0,0,0
2666,True,high,1,6433304918.0,蓝V,0,0,0
2667,False,none,1,5374548129.0,普通用户,0,0,0
2668,False,none,1,5703921756.0,蓝V,0,0,0
2669,True,high,1,6433304918.0,蓝V,0,0,0
2670,True,high,1,6105753431.0,蓝V,0,0,0
2671,True,high,1,6433304918.0,蓝V,0,0,0
2672,True,high,1,6433304918.0,蓝V,0,0,0
2673,True,high,1,6433304918.0,蓝V,0,0,0
2674,True,high,1,6433304918.0,蓝V,0,0,0
2675,True,high,1,3275213384.0,蓝V,0,0,0
2676,True,high,1,6433304918.0,蓝V,0,0,0
2677,True,high,1,6433304918.0,蓝V,0,0,0
2678,True,high,1,6433304918.0,蓝V,0,0,0
2679,True,high,1,6433304918.0,蓝V,0,0,0
2680,True,high,1,6433304918.0,蓝V,0,0,0
2681,True,high,1,6433304918.0,蓝V,0,0,0
2682,True,high,1,6433304918.0,蓝V,0,0,0
2683,True,high,1,6433304918.0,蓝V,0,0,0
2684,True,high,1,6433304918.0,蓝V,0,0,0
2685,True,high,1,6433304918.0,蓝V,0,0,0
2686,True,high,1,6433304918.0,蓝V,0,0,0
2687,True,high,1,6433304918.0,蓝V,0,0,0
2688,True,high,1,6433304918.0,蓝V,0,0,0
2689,True,high,1,1402400261.0,金V,0,0,0
2690,True,high,1,6433304918.0,蓝V,0,0,0
2691,True,high,1,6433304918.0,蓝V,0,0,0
2692,True,high,1,6433304918.0,蓝V,0,0,0
2693,True,high,1,6433304918.0,蓝V,0,0,0
2694,True,high,1,2215534042.0,普通用户,0,0,0
2695,True,high,1,1402400261.0,金V,0,0,0
2696,True,high,1,1402400261.0,金V,0,0,0
2697,True,high,1,6105753431.0,蓝V,0,0,0
2698,True,high,1,6433304918.0,蓝V,0,0,0
2699,True,high,1,6433304918.0,蓝V,0,0,0
2700,True,high,1,6433304918.0,蓝V,0,0,0
2701,True,high,1,6433304918.0,蓝V,0,0,0
2702,True,high,1,6433304918.0,蓝V,0,0,0
2703,True,high,1,6433304918.0,蓝V,0,0,0
2704,True,high,1,6433304918.0,蓝V,0,0,0
2705,True,high,1,5703921756.0,蓝V,0,0,0
2706,True,high,1,6433304918.0,蓝V,0,0,0
2707,True,high,1,6433304918.0,蓝V,0,0,0
2708,True,high,1,6433304918.0,蓝V,0,0,0
2709,True,high,1,6433304918.0,蓝V,0,0,0
2710,True,high,1,6433304918.0,蓝V,0,0,0
2711,True,high,1,3894431038.0,红V,0,0,0
2712,True,high,1,6433304918.0,蓝V,0,0,0
2713,True,high,1,6433304918.0,蓝V,0,0,0
2714,True,high,1,6433304918.0,蓝V,0,0,0
2715,True,high,1,6433304918.0,蓝V,0,0,0
2716,True,high,1,6433304918.0,蓝V,0,0,0
2717,True,high,1,1286528122.0,蓝V,0,0,0
2718,True,high,1,6433304918.0,蓝V,0,0,0
2719,True,high,1,1402400261.0,金V,0,0,0
2720,True,high,1,1402400261.0,金V,0,0,0
2721,True,high,1,6433304918.0,蓝V,0,0,0
2722,True,high,1,2194035935.0,金V,0,0,0
2723,True,high,1,5703921756.0,蓝V,0,0,0
2724,True,high,1,6105753431.0,蓝V,0,0,0
2725,True,high,1,1639597372.0,红V,0,0,0
2726,True,high,1,6433304918.0,蓝V,0,0,0
2727,True,high,1,2630676371.0,蓝V,0,0,0
2728,True,high,1,5976873363.0,普通用户,0,0,0
2729,True,high,1,6433304918.0,蓝V,0,0,0
2730,True,high,1,6433304918.0,蓝V,0,0,0
2731,True,high,1,6433304918.0,蓝V,0,0,0
2732,True,high,1,3275213384.0,蓝V,0,0,0
2733,True,high,1,1919155483.0,蓝V,0,0,0
2734,True,high,1,6433304918.0,蓝V,0,0,0
2735,True,high,1,6433304918.0,蓝V,0,0,0
2736,True,high,1,1738690784.0,蓝V,0,0,0
2737,True,high,1,6433304918.0,蓝V,0,0,0
2738,True,high,1,6433304918.0,蓝V,0,0,0
2739,True,high,1,6433304918.0,蓝V,0,0,0
2740,True,high,1,6433304918.0,蓝V,0,0,0
2741,True,high,1,6433304918.0,蓝V,0,0,0
2742,True,high,1,6433304918.0,蓝V,0,0,0
2743,True,high,1,6433304918.0,蓝V,0,0,0
2744,True,high,1,6433304918.0,蓝V,0,0,0
2745,False,none,1,5703921756.0,蓝V,0,0,0
2746,True,high,1,6433304918.0,蓝V,0,0,0
2747,True,high,1,1402400261.0,金V,0,0,0
2748,True,high,1,1894295570.0,蓝V,0,0,0
2749,True,high,1,3710258141.0,金V,0,0,0
2750,True,high,1,5976873363.0,普通用户,0,0,0
2751,True,high,1,6433304918.0,蓝V,0,0,0
2752,True,high,1,6433304918.0,蓝V,0,0,0
2753,True,high,1,6433304918.0,蓝V,0,0,0
2754,True,high,1,6433304918.0,蓝V,0,0,0
2755,True,high,1,6433304918.0,蓝V,0,0,0
2756,True,high,1,6433304918.0,蓝V,0,0,0
2757,True,high,1,6433304918.0,蓝V,0,0,0
2758,True,high,1,6433304918.0,蓝V,0,0,0
2759,True,high,1,6433304918.0,蓝V,0,0,0
2760,True,high,1,6433304918.0,蓝V,0,0,0
2761,True,high,1,6433304918.0,蓝V,0,0,0
2762,True,high,1,6433304918.0,蓝V,0,0,0
2763,True,high,1,6433304918.0,蓝V,0,0,0
2764,True,high,1,1402400261.0,金V,0,0,0
2765,True,high,1,6105753431.0,蓝V,0,0,0
2766,True,high,1,1286528122.0,蓝V,0,0,0
2767,True,high,1,6433304918.0,蓝V,0,0,0
2768,True,high,1,1706699904.0,红V,0,0,0
2769,True,high,1,6433304918.0,蓝V,0,0,0
2770,True,high,1,6433304918.0,蓝V,0,0,0
2771,True,high,1,3894431038.0,红V,0,0,0
2772,True,high,1,6433304918.0,蓝V,0,0,0
2773,True,high,1,6433304918.0,蓝V,0,0,0
2774,True,high,1,6433304918.0,蓝V,0,0,0
2775,True,high,1,6433304918.0,蓝V,0,0,0
2776,True,high,1,6433304918.0,蓝V,0,0,0
2777,True,high,1,5633464636.0,蓝V,0,0,0
2778,True,high,1,6433304918.0,蓝V,0,0,0
2779,True,high,1,1870858943.0,蓝V,0,0,0
2780,True,high,1,5976873363.0,普通用户,0,0,0
2781,True,high,1,6433304918.0,蓝V,0,0,0
2782,True,medium,1,1233486457.0,金V,0,0,0
2783,True,high,1,6433304918.0,蓝V,0,0,0
2784,True,high,1,1402400261.0,金V,0,0,0
2785,True,high,1,6433304918.0,蓝V,0,0,0
2786,True,high,1,6433304918.0,蓝V,0,0,0
2787,True,high,1,6433304918.0,蓝V,0,0,0
2788,True,high,1,6433304918.0,蓝V,0,0,0
2789,True,high,1,6433304918.0,蓝V,0,0,0
2790,True,high,1,2607574543.0,黄V,0,0,0
2791,True,high,1,6433304918.0,蓝V,0,0,0
2792,True,high,1,5976873363.0,普通用户,0,0,0
2793,True,high,1,6433304918.0,蓝V,0,0,0
2794,True,high,1,6433304918.0,蓝V,0,0,0
2795,True,high,1,6433304918.0,蓝V,0,0,0
2796,True,high,1,5703921756.0,蓝V,0,0,0
2797,True,high,1,1870858943.0,蓝V,0,0,0
2798,True,high,1,6433304918.0,蓝V,0,0,0
2799,True,high,1,1402400261.0,金V,0,0,0
2800,True,high,1,1402400261.0,金V,0,0,0
2801,True,high,1,6433304918.0,蓝V,0,0,0
2802,True,high,1,6433304918.0,蓝V,0,0,0
2803,True,high,1,6433304918.0,蓝V,0,0,0
2804,True,high,1,6433304918.0,蓝V,0,0,0
2805,True,high,1,1870858943.0,蓝V,0,0,0
2806,False,none,1,6433304918.0,蓝V,0,0,0
2807,True,high,1,7006367380.0,蓝V,0,0,0
2808,True,high,1,6433304918.0,蓝V,0,0,0
2809,True,high,1,6433304918.0,蓝V,0,0,0
2810,True,high,1,1402400261.0,金V,0,0,0
2811,True,high,1,6433304918.0,蓝V,0,0,0
2812,True,high,1,6433304918.0,蓝V,0,0,0
2813,True,high,1,1870858943.0,蓝V,0,0,0
2814,True,high,1,1870858943.0,蓝V,0,0,0
2815,True,high,1,6433304918.0,蓝V,0,0,0
2816,True,high,1,6433304918.0,蓝V,0,0,0
2817,True,high,1,1402400261.0,金V,0,0,0
2818,True,high,1,6433304918.0,蓝V,0,0,0
2819,True,high,1,6433304918.0,蓝V,0,0,0
2820,True,high,1,6433304918.0,蓝V,0,0,0
2821,True,high,1,6433304918.0,蓝V,0,0,0
2822,True,high,1,6433304918.0,蓝V,0,0,0
2823,True,high,1,6433304918.0,蓝V,0,0,0
2824,True,high,1,6433304918.0,蓝V,0,0,0
2825,True,high,1,6433304918.0,蓝V,0,0,0
2826,True,high,1,6433304918.0,蓝V,0,0,0
2827,True,high,1,5976873363.0,普通用户,0,0,0
2828,True,high,1,6433304918.0,蓝V,0,0,0
2829,True,high,1,3816918426.0,黄V,0,0,0
2830,True,high,1,1286528122.0,蓝V,0,0,0
2831,True,high,1,7006367380.0,蓝V,0,0,0
2832,True,high,1,1286528122.0,蓝V,0,0,0
2833,True,high,1,6433304918.0,蓝V,0,0,0
2834,True,high,1,3816918426.0,黄V,0,0,0
2835,True,high,1,3816918426.0,黄V,0,0,0
2836,True,high,1,1464484735.0,普通用户,0,0,0
2837,True,high,1,6433304918.0,蓝V,0,0,0
2838,True,high,1,6105753431.0,蓝V,0,0,0
2839,True,high,1,1286528122.0,蓝V,0,0,0
2840,True,high,1,6433304918.0,蓝V,0,0,0
2841,True,high,1,6433304918.0,蓝V,0,0,0
2842,True,high,1,6433304918.0,蓝V,0,0,0
2843,True,high,1,1286528122.0,蓝V,0,0,0
2844,True,high,1,1286528122.0,蓝V,0,0,0
2845,True,high,1,1660835355.0,普通用户,0,0,0
2846,True,high,1,3816918426.0,黄V,0,0,0
2847,True,high,1,6433304918.0,蓝V,0,0,0
2848,True,high,1,6433304918.0,蓝V,0,0,0
2849,True,high,1,6433304918.0,蓝V,0,0,0
2850,True,high,1,6433304918.0,蓝V,0,0,0
2851,True,high,1,6433304918.0,蓝V,0,0,0
2852,True,high,1,3816918426.0,黄V,0,0,0
2853,True,high,1,6433304918.0,蓝V,0,0,0
2854,True,high,1,6105753431.0,蓝V,0,0,0
2855,True,high,1,1870858943.0,蓝V,0,0,0
2856,True,high,1,6433304918.0,蓝V,0,0,0
2857,True,high,1,6433304918.0,蓝V,0,0,0
2858,True,high,1,1286528122.0,蓝V,0,0,0
2859,True,high,1,6433304918.0,蓝V,0,0,0
2860,True,high,1,3816918426.0,黄V,0,0,0
2861,True,high,1,1870858943.0,蓝V,0,0,0
2862,True,high,1,1870858943.0,蓝V,0,0,0
2863,True,high,1,6433304918.0,蓝V,0,0,0
2864,True,high,1,6433304918.0,蓝V,0,0,0
2865,True,high,2,3816918426.0,黄V,0,0,0
2866,True,high,1,6433304918.0,蓝V,0,0,0
2867,True,high,1,6433304918.0,蓝V,0,0,0
2868,True,high,1,5703921756.0,蓝V,0,0,0
2869,True,high,1,6433304918.0,蓝V,0,0,0
2870,True,high,1,5976873363.0,普通用户,0,0,0
2871,True,high,1,6433304918.0,蓝V,0,0,0
2872,True,high,1,1286528122.0,蓝V,0,0,0
2873,True,high,1,6433304918.0,蓝V,0,0,0
2874,True,high,1,6534398580.0,普通用户,0,0,0
2875,True,high,1,5329434101.0,蓝V,0,0,0
2876,True,high,1,6433304918.0,蓝V,0,0,0
2877,True,high,1,6433304918.0,蓝V,0,0,0
2878,True,high,1,1870858943.0,蓝V,0,0,0
2879,True,high,1,1870858943.0,蓝V,0,0,0
2880,True,high,1,1870858943.0,蓝V,0,0,0
2881,True,high,1,6105753431.0,蓝V,0,0,0
2882,True,high,1,6433304918.0,蓝V,0,0,0
2883,True,high,1,6433304918.0,蓝V,0,0,0
2884,True,high,1,6433304918.0,蓝V,0,0,0
2885,True,high,1,6433304918.0,蓝V,0,0,0
2886,True,high,1,6433304918.0,蓝V,0,0,0
2887,True,high,1,1402400261.0,金V,0,0,0
2888,True,high,1,6433304918.0,蓝V,0,0,0
2889,True,high,1,6433304918.0,蓝V,0,0,0
2890,True,high,1,1870858943.0,蓝V,0,0,0
2891,True,high,1,6433304918.0,蓝V,0,0,0
2892,True,high,1,2427364747.0,蓝V,0,0,0
2893,True,high,1,5976873363.0,普通用户,0,0,0
2894,True,high,1,6433304918.0,蓝V,0,0,0
2895,True,high,1,6433304918.0,蓝V,0,0,0
2896,True,high,1,6433304918.0,蓝V,0,0,0
2897,True,high,1,6433304918.0,蓝V,0,0,0
2898,True,high,1,3816918426.0,黄V,0,0,0
2899,True,high,1,1286528122.0,蓝V,0,0,0
2900,True,high,1,6433304918.0,蓝V,0,0,0
2901,True,high,1,6433304918.0,蓝V,0,0,0
2902,True,high,1,7157387582.0,蓝V,0,0,0
2903,True,high,1,6433304918.0,蓝V,0,0,0
2904,True,high,1,1894295570.0,蓝V,0,0,0
2905,True,high,1,6433304918.0,蓝V,0,0,0
2906,True,high,1,2008779105.0,蓝V,0,0,0
2907,True,high,1,1870858943.0,蓝V,0,0,0
2908,True,high,1,6433304918.0,蓝V,0,0,0
2909,True,high,1,6433304918.0,蓝V,0,0,0
2910,True,medium,1,1233486457.0,金V,0,0,0
2911,True,high,1,1894295570.0,蓝V,0,0,0
2912,True,high,1,6433304918.0,蓝V,0,0,0
2913,True,high,1,1870858943.0,蓝V,0,0,0
2914,True,high,1,1706699904.0,红V,0,0,0
2915,True,high,1,6433304918.0,蓝V,0,0,0
2916,True,high,1,1870858943.0,蓝V,0,0,0
2917,True,high,1,3816918426.0,黄V,0,0,0
2918,False,none,1,1180671550.0,普通用户,0,0,0
2919,True,high,1,2427364747.0,蓝V,0,0,0
2920,True,high,1,6433304918.0,蓝V,0,0,0
2921,True,high,1,1402400261.0,金V,0,0,0
2922,True,high,1,1286528122.0,蓝V,0,0,0
2923,True,high,1,6433304918.0,蓝V,0,0,0
2924,True,high,1,3816918426.0,黄V,0,0,0
2925,True,high,1,3816918426.0,黄V,0,0,0
2926,True,high,1,1402400261.0,金V,0,0,0
2927,True,high,1,6433304918.0,蓝V,0,0,0
2928,True,high,1,5703921756.0,蓝V,0,0,0
2929,True,high,1,3816918426.0,黄V,0,0,0
2930,True,high,1,6433304918.0,蓝V,0,0,0
2931,True,high,1,3816918426.0,黄V,0,0,0
2932,True,high,1,1286528122.0,蓝V,0,0,0
2933,True,high,1,2645626160.0,普通用户,0,0,0
2934,True,high,1,6433304918.0,蓝V,0,0,0
2935,True,high,1,2132879407.0,普通用户,0,0,0
2936,True,high,1,6433304918.0,蓝V,0,0,0
2937,True,high,1,6433304918.0,蓝V,0,0,0
2938,True,high,1,3275213384.0,蓝V,0,0,0
2939,True,high,1,6433304918.0,蓝V,0,0,0
2940,True,high,1,6433304918.0,蓝V,0,0,0
2941,True,high,1,6433304918.0,蓝V,0,0,0
2942,True,high,1,6433304918.0,蓝V,0,0,0
2943,True,high,1,1233486457.0,金V,0,0,0
2944,True,high,1,6433304918.0,蓝V,0,0,0
2945,True,high,1,6433304918.0,蓝V,0,0,0
2946,True,high,1,6433304918.0,蓝V,0,0,0
2947,True,high,1,1402400261.0,金V,0,0,0
2948,True,high,1,1894295570.0,蓝V,0,0,0
2949,True,high,1,6433304918.0,蓝V,0,0,0
2950,True,high,1,6433304918.0,蓝V,0,0,0
2951,True,high,1,6433304918.0,蓝V,0,0,0
2952,True,high,1,6433304918.0,蓝V,0,0,0
2953,True,high,1,6433304918.0,蓝V,0,0,0
2954,True,high,1,6433304918.0,蓝V,0,0,0
2955,True,high,1,6433304918.0,蓝V,0,0,0
2956,True,high,1,1402400261.0,金V,0,0,0
2957,True,high,1,6433304918.0,蓝V,0,0,0
2958,True,high,1,6433304918.0,蓝V,0,0,0
2959,True,medium,1,2194035935.0,金V,0,0,0
2960,True,high,1,3816918426.0,黄V,0,0,0
2961,True,high,1,2279408463.0,蓝V,0,0,0
2962,True,high,1,3197077575.0,金V,0,0,0
2963,True,high,1,2279408463.0,蓝V,0,0,0
2964,True,high,1,2216240737.0,蓝V,0,0,0
2965,True,high,1,2216240737.0,蓝V,0,0,0
2966,True,high,1,5334350534.0,普通用户,0,0,0
2967,True,high,1,5334350534.0,普通用户,0,0,0
2968,True,high,1,2216240737.0,蓝V,0,0,0
2969,True,high,1,1585623215.0,金V,0,0,0
2970,True,high,1,3710258141.0,金V,0,0,0
2971,True,high,1,1200933465.0,红V,0,0,0
2972,True,high,1,5329434101.0,蓝V,0,0,0
2973,True,high,1,2103039551.0,普通用户,0,0,0
2974,True,high,1,2279408463.0,蓝V,0,0,0
2975,True,high,1,2279408463.0,蓝V,0,0,0
2976,True,high,1,2279408463.0,蓝V,0,0,0
2977,True,high,1,2279408463.0,蓝V,0,0,0
2978,True,high,1,2279408463.0,蓝V,0,0,0
2979,True,high,1,5327744144.0,蓝V,0,0,0
2980,True,high,1,2279408463.0,蓝V,0,0,0
2981,True,high,1,2279408463.0,蓝V,0,0,0
2982,True,high,2,2092965653.0,蓝V,0,0,0
2983,True,high,1,3710258141.0,金V,0,0,0
2984,True,high,1,2279408463.0,蓝V,0,0,0
2985,True,high,1,1729014640.0,蓝V,0,0,0
2986,True,high,1,3275213384.0,蓝V,0,0,0
2987,True,low,1,1421177604.0,蓝V,0,0,0
2988,True,high,1,2427364747.0,蓝V,0,0,0
2989,True,high,1,1729014640.0,蓝V,0,0,0
2990,True,high,2,2092965653.0,蓝V,0,0,0
2991,True,high,1,2427364747.0,蓝V,0,0,0
2992,True,high,1,6291102911.0,普通用户,0,0,0
2993,True,high,2,2092965653.0,蓝V,0,0,0
2994,True,high,1,2683703741.0,蓝V,0,0,0
2995,True,high,1,2427364747.0,蓝V,0,0,0
2996,True,high,1,1729014640.0,蓝V,0,0,0
2997,True,high,1,1729014640.0,蓝V,0,0,0
2998,True,high,5,2279408463.0,蓝V,0,0,0
2999,True,high,15,5322650555.0,蓝V,0,0,0
3000,True,high,1,3275213384.0,蓝V,0,0,0
3001,True,high,1,1877686643.0,蓝V,0,0,0
3002,True,high,16,5322650555.0,蓝V,0,0,0
3003,True,high,1,2427364747.0,蓝V,0,0,0
3004,True,high,1,1729014640.0,蓝V,0,0,0
3005,True,high,1,7367946162.0,蓝V,0,0,0
3006,True,high,1,5329434101.0,蓝V,0,0,0
3007,True,high,1,2794083144.0,蓝V,0,0,0
3008,True,high,1,2092965653.0,蓝V,0,0,0
3009,True,high,1,2092965653.0,蓝V,0,0,0
3010,True,high,1,5616718734.0,普通用户,0,0,0
3011,True,high,1,1877686643.0,蓝V,0,0,0
3012,True,high,1,1729014640.0,蓝V,0,0,0
3013,True,high,1,2427364747.0,蓝V,0,0,0
3014,True,high,1,6536754860.0,蓝V,0,0,0
3015,True,high,1,1729014640.0,蓝V,0,0,0
3016,True,high,17,5322650555.0,蓝V,0,0,0
3017,True,high,2,2092965653.0,蓝V,0,0,0
3018,True,high,1,2427364747.0,蓝V,0,0,0
3019,True,high,1,1729014640.0,蓝V,0,0,0
3020,True,high,1,2427364747.0,蓝V,0,0,0
3021,True,high,1,7500828683.0,蓝V,0,0,0
3022,True,high,1,2092965653.0,蓝V,0,0,0
3023,True,high,1,1729014640.0,蓝V,0,0,0
3024,True,high,1,3710258141.0,金V,0,0,0
3025,True,high,1,3809042896.0,蓝V,0,0,0
3026,True,high,1,1877686643.0,蓝V,0,0,0
3027,True,high,1,2092965653.0,蓝V,0,0,0
3028,True,high,2,2092965653.0,蓝V,0,0,0
3029,True,high,1,3275213384.0,蓝V,0,0,0
3030,True,high,2,7768463285.0,蓝V,0,0,0
3031,True,high,1,3275213384.0,蓝V,0,0,0
3032,True,high,1,3275213384.0,蓝V,0,0,0
3033,True,high,2,5993423827.0,红V,0,0,0
3034,True,high,2,2092965653.0,蓝V,0,0,0
3035,True,high,1,5329434101.0,蓝V,0,0,0
3036,True,high,1,7768463285.0,蓝V,0,0,0
3037,True,high,1,1983115787.0,普通用户,0,0,0
3038,True,high,2,2092965653.0,蓝V,0,0,0
3039,True,high,1,1293355404.0,黄V,0,0,0
3040,True,high,2,2092965653.0,蓝V,0,0,0
3041,True,high,1,6655475536.0,蓝V,0,0,0
3042,True,high,1,1699526244.0,普通用户,0,0,0
3043,True,high,1,1401464784.0,普通用户,0,0,0
3044,True,high,1,1401464784.0,普通用户,0,0,0
3045,True,high,1,1401464784.0,普通用户,0,0,0
3046,True,high,1,1401464784.0,普通用户,0,0,0
3047,True,high,1,1401464784.0,普通用户,0,0,0
3048,True,high,1,1401464784.0,普通用户,0,0,0
3049,True,high,1,1401464784.0,普通用户,0,0,0
3050,True,high,1,1401464784.0,普通用户,0,0,0
3051,True,high,1,1401464784.0,普通用户,0,0,0
3052,True,high,1,1401464784.0,普通用户,0,0,0
3053,True,high,1,1401464784.0,普通用户,0,0,0
3054,True,high,1,1401464784.0,普通用户,0,0,0
3055,True,high,1,1401464784.0,普通用户,0,0,0
3056,True,high,1,1401464784.0,普通用户,0,0,0
3057,True,high,1,1401464784.0,普通用户,0,0,0
3058,True,high,1,1401464784.0,普通用户,0,0,0
3059,True,high,1,1401464784.0,普通用户,0,0,0
3060,True,high,1,1401464784.0,普通用户,0,0,0
3061,True,high,1,1401464784.0,普通用户,0,0,0
3062,True,high,1,1401464784.0,普通用户,0,0,0
3063,True,high,1,1401464784.0,普通用户,0,0,0
3064,True,high,1,1401464784.0,普通用户,0,0,0
3065,True,high,1,1401464784.0,普通用户,0,0,0
3066,True,high,1,1401464784.0,普通用户,0,0,0
3067,True,high,1,1401464784.0,普通用户,0,0,0
3068,True,high,1,1401464784.0,普通用户,0,0,0
3069,True,high,1,1401464784.0,普通用户,0,0,0
3070,True,high,1,1401464784.0,普通用户,0,0,0
3071,True,high,1,1401464784.0,普通用户,0,0,0
3072,True,high,1,1401464784.0,普通用户,0,0,0
3073,True,high,1,1401464784.0,普通用户,0,0,0
3074,True,high,1,1401464784.0,普通用户,0,0,0
3075,True,high,1,1401464784.0,普通用户,0,0,0
3076,True,high,1,1401464784.0,普通用户,0,0,0
3077,True,high,1,1401464784.0,普通用户,0,0,0
3078,True,high,1,1401464784.0,普通用户,0,0,0
3079,True,high,1,1401464784.0,普通用户,0,0,0
3080,True,high,1,5662898461.0,蓝V,0,0,0
3081,True,high,1,5662898461.0,蓝V,0,0,0
3082,True,high,1,5662898461.0,蓝V,0,0,0
3083,True,high,1,5662898461.0,蓝V,0,0,0
3084,True,high,1,7072253315.0,蓝V,0,0,0
3085,True,high,1,2008779105.0,蓝V,0,0,0
3086,True,high,1,1678157684.0,普通用户,0,0,0
3087,False,none,1,5953063530.0,普通用户,0,0,0
3088,False,none,1,5953063530.0,普通用户,0,0,0
3089,False,none,1,3710258141.0,金V,0,0,0
3090,True,low,1,5953063530.0,普通用户,0,0,0
3091,True,high,1,7006367380.0,蓝V,0,0,0
3092,True,high,1,6371831933.0,普通用户,0,0,0
3093,True,high,1,7367946162.0,蓝V,0,0,0
3094,True,high,1,2739259273.0,普通用户,0,0,0
3095,True,high,1,6371831933.0,普通用户,0,0,0
3096,True,high,1,6505590374.0,蓝V,0,0,0
3097,True,high,1,5953063530.0,普通用户,0,0,0
3098,True,high,1,6505590374.0,蓝V,0,0,0
3099,True,high,1,6505590374.0,蓝V,0,0,0
3100,True,high,1,6505590374.0,蓝V,0,0,0
3101,True,high,1,6505590374.0,蓝V,0,0,0
3102,True,high,2,7072253315.0,蓝V,0,0,0
3103,True,high,2,7072253315.0,蓝V,0,0,0
3104,True,high,1,6371831933.0,普通用户,0,0,0
3105,True,high,1,6505590374.0,蓝V,0,0,0
3106,True,high,1,6505590374.0,蓝V,0,0,0
3107,True,high,1,5327744144.0,蓝V,0,0,0
3108,True,high,1,6505590374.0,蓝V,0,0,0
3109,True,high,1,5947084909.0,普通用户,0,0,0
3110,True,high,1,5947084909.0,普通用户,0,0,0
3111,True,high,1,5947084909.0,普通用户,0,0,0
3112,True,high,1,6505590374.0,蓝V,0,0,0
3113,True,high,1,6505590374.0,蓝V,0,0,0
3114,True,high,1,6505590374.0,蓝V,0,0,0
3115,True,high,1,6505590374.0,蓝V,0,0,0
3116,True,high,1,5327744144.0,蓝V,0,0,0
3117,True,high,1,3270708414.0,蓝V,0,0,0
3118,True,high,1,7394038218.0,普通用户,0,0,0
3119,True,high,1,6505590374.0,蓝V,0,0,0
3120,True,high,1,6505590374.0,蓝V,0,0,0
3121,True,high,1,6505590374.0,蓝V,0,0,0
3122,True,high,1,5947084909.0,普通用户,0,0,0
3123,True,high,1,6505590374.0,蓝V,0,0,0
3124,True,high,1,6505590374.0,蓝V,0,0,0
3125,True,high,1,2138756037.0,普通用户,0,0,0
3126,True,high,1,6505590374.0,蓝V,0,0,0
3127,True,high,1,5947084909.0,普通用户,0,0,0
3128,True,high,1,6505590374.0,蓝V,0,0,0
3129,True,high,1,6505590374.0,蓝V,0,0,0
3130,True,high,1,6505590374.0,蓝V,0,0,0
3131,True,high,1,5953063530.0,普通用户,0,0,0
3132,True,high,1,6270293881.0,普通用户,0,0,0
3133,True,high,1,7394038218.0,普通用户,0,0,0
3134,True,high,1,5953063530.0,普通用户,0,0,0
3135,True,high,1,5953063530.0,普通用户,0,0,0
3136,True,high,1,1764919567.0,红V,0,0,0
3137,True,high,1,5680326110.0,普通用户,0,0,0
3138,True,high,1,1764919567.0,红V,0,0,0
3139,True,high,1,5648162302.0,红V,0,0,0
3140,True,medium,1,1402400261.0,金V,0,0,0
3141,True,low,1,2008779105.0,蓝V,0,0,0
3142,True,high,1,5648162302.0,红V,0,0,0
3143,True,high,1,1948301550.0,黄V,0,0,0
3144,True,high,1,5648162302.0,红V,0,0,0
3145,True,high,1,5648162302.0,红V,0,0,0
3146,True,high,1,1936025761.0,黄V,0,0,0
3147,True,high,1,5648162302.0,红V,0,0,0
3148,True,high,1,2126427211.0,黄V,0,0,0
3149,True,high,1,2907863005.0,普通用户,0,0,0
3150,True,high,1,5329434101.0,蓝V,0,0,0
3151,True,high,1,1505495073.0,普通用户,0,0,0
3152,True,high,1,2141941431.0,蓝V,0,0,0
3153,True,high,2,2124970203.0,红V,0,0,0
3154,True,high,2,2124970203.0,红V,0,0,0
3155,True,high,2,2124970203.0,红V,0,0,0
3156,True,high,1,3710258141.0,金V,0,0,0
3157,True,high,1,1042973271.0,黄V,0,0,0
3158,True,high,2,2124970203.0,红V,0,0,0
3159,True,high,1,3710258141.0,金V,0,0,0
3160,True,high,1,5341251100.0,蓝V,0,0,0
3161,True,high,2,7729765190.0,金V,0,0,0
3162,True,high,1,3874971622.0,蓝V,0,0,0
3163,True,high,1,1042973271.0,黄V,0,0,0
3164,True,high,2,3710258141.0,金V,0,0,0
3165,True,high,2,7279510579.0,红V,0,0,0
3166,True,high,1,1747774447.0,蓝V,0,0,0
3167,True,high,2,5075216149.0,普通用户,0,0,0
3168,True,high,2,3710258141.0,金V,0,0,0
3169,True,high,1,3710258141.0,金V,0,0,0
3170,True,high,1,5329434101.0,蓝V,0,0,0
3171,True,high,2,1233486457.0,红V,0,0,0
3172,False,none,1,6890507718.0,蓝V,0,0,0
3173,False,none,1,6890507718.0,蓝V,0,0,0
3174,True,high,1,6890507718.0,蓝V,0,0,0
3175,True,high,1,3941337445.0,普通用户,0,0,0
3176,True,high,1,2794083144.0,蓝V,0,0,0
3177,True,high,1,3941337445.0,普通用户,0,0,0
3178,True,high,1,3941337445.0,普通用户,0,0,0
3179,True,high,2,1727858283.0,金V,0,0,0
3180,True,high,3,1727858283.0,金V,0,0,0
3181,True,high,1,1401464784.0,普通用户,0,0,0
3182,True,high,1,1401464784.0,普通用户,0,0,0
3183,False,none,1,3097251601.0,蓝V,0,0,0
3184,False,none,1,3097251601.0,蓝V,0,0,0
3185,False,none,1,3097251601.0,蓝V,0,0,0
3186,False,none,1,3097251601.0,蓝V,0,0,0
3187,False,none,1,3097251601.0,蓝V,0,0,0
3188,False,none,1,3097251601.0,蓝V,0,0,0
3189,False,none,1,3380074594.0,蓝V,0,0,0
3190,False,none,1,3380074594.0,蓝V,0,0,0
3191,True,high,1,3889212468.0,普通用户,0,0,0
3192,True,high,1,6869766331.0,普通用户,0,0,0
3193,True,high,1,5360368096.0,普通用户,0,0,0
3194,False,none,1,3097251601.0,蓝V,0,0,0
3195,True,high,1,2279408463.0,蓝V,0,0,0
3196,True,high,1,2279408463.0,蓝V,0,0,0
3197,True,high,1,2279408463.0,蓝V,0,0,0
3198,True,high,1,2279408463.0,蓝V,0,0,0
3199,True,high,1,2279408463.0,蓝V,0,0,0
3200,True,high,1,2279408463.0,蓝V,0,0,0
3201,True,high,1,3209669611.0,普通用户,0,0,0
3202,True,high,1,2258786135.0,普通用户,0,0,0
3203,False,none,1,3097251601.0,蓝V,0,0,0
3204,True,high,1,2279408463.0,蓝V,0,0,0
3205,True,medium,1,3425020360.0,蓝V,0,0,0
3206,False,none,1,3097251601.0,蓝V,0,0,0
3207,True,high,1,2279408463.0,蓝V,0,0,0
3208,False,none,1,3097251601.0,蓝V,0,0,0
3209,False,none,1,3380074594.0,蓝V,0,0,0
3210,False,none,1,3097251601.0,蓝V,0,0,0
3211,False,none,1,3097251601.0,蓝V,0,0,0
3212,False,none,1,3097251601.0,蓝V,0,0,0
3213,False,none,1,3097251601.0,蓝V,0,0,0
3214,False,none,1,3097251601.0,蓝V,0,0,0
3215,False,none,1,3097251601.0,蓝V,0,0,0
3216,True,low,1,1728482863.0,普通用户,0,0,0
3217,True,high,1,1421177604.0,蓝V,0,0,0
3218,False,none,1,3097251601.0,蓝V,0,0,0
3219,False,none,1,3097251601.0,蓝V,0,0,0
3220,False,none,1,3097251601.0,蓝V,0,0,0
3221,False,none,1,3097251601.0,蓝V,0,0,0
3222,True,high,1,1918726583.0,普通用户,0,0,0
3223,True,high,1,1918726583.0,普通用户,0,0,0
3224,False,none,1,3097251601.0,蓝V,0,0,0
3225,False,none,1,3097251601.0,蓝V,0,0,0
3226,False,none,1,3097251601.0,蓝V,0,0,0
3227,True,high,1,1421177604.0,蓝V,0,0,0
3228,True,high,1,5651875373.0,普通用户,0,0,0
3229,False,none,1,3097251601.0,蓝V,0,0,0
3230,False,none,1,3097251601.0,蓝V,0,0,0
3231,True,high,1,5651875373.0,普通用户,0,0,0
3232,False,none,1,3097251601.0,蓝V,0,0,0
3233,True,high,1,5651875373.0,普通用户,0,0,0
3234,True,high,2,1655747731.0,红V,0,0,0
3235,False,none,1,3097251601.0,蓝V,0,0,0
3236,True,high,1,5631119434.0,红V,0,0,0
3237,False,none,1,3097251601.0,蓝V,0,0,0
3238,False,none,1,3097251601.0,蓝V,0,0,0
3239,True,high,1,1736287852.0,红V,0,0,0
3240,False,none,1,3097251601.0,蓝V,0,0,0
3241,True,high,1,1727858283.0,金V,0,0,0
3242,True,high,1,5651875373.0,普通用户,0,0,0
3243,True,low,1,1815659631.0,普通用户,0,0,0
3244,False,none,1,3097251601.0,蓝V,0,0,0
3245,True,high,1,1727858283.0,金V,0,0,0
3246,True,high,1,1732906091.0,普通用户,0,0,0
3247,False,none,1,3097251601.0,蓝V,0,0,0
3248,False,none,1,3097251601.0,蓝V,0,0,0
3249,True,high,1,1422462123.0,黄V,0,0,0
3250,True,high,1,1870858943.0,蓝V,0,0,0
3251,True,high,1,5651875373.0,普通用户,0,0,0
3252,True,high,1,5651875373.0,普通用户,0,0,0
3253,True,high,1,5651875373.0,普通用户,0,0,0
3254,True,medium,1,5648162302.0,红V,0,0,0
3255,True,medium,1,5648162302.0,红V,0,0,0
3256,True,medium,1,5648162302.0,红V,0,0,0
3257,True,medium,1,5648162302.0,红V,0,0,0
3258,True,high,1,7687956238.0,蓝V,0,0,0
3259,True,high,1,5947084909.0,普通用户,0,0,0
3260,True,low,1,1233486457.0,金V,0,0,0
3261,True,high,1,1945345954.0,普通用户,0,0,0
3262,True,high,1,6925984913.0,普通用户,0,0,0
3263,True,high,1,1764919567.0,红V,0,0,0
3264,True,high,1,2279408463.0,蓝V,0,0,0
3265,True,high,1,5284329303.0,蓝V,0,0,0
3266,True,medium,1,5875989566.0,蓝V,0,0,0
3267,False,none,1,1318331352.0,普通用户,0,0,0
3268,True,high,1,1464484735.0,普通用户,0,0,0
3269,True,high,1,7453239559.0,普通用户,0,0,0
3270,True,high,1,1877686643.0,蓝V,0,0,0
3271,True,high,1,7453239559.0,普通用户,0,0,0
3272,True,high,1,6960931282.0,蓝V,0,0,0
3273,True,high,1,1870858943.0,蓝V,0,0,0
3274,True,high,1,1402400261.0,金V,0,0,0
3275,True,high,1,1706553970.0,黄V,0,0,0
3276,True,high,1,2535161187.0,黄V,0,0,0
3277,True,high,1,1936025761.0,黄V,0,0,0
3278,True,high,1,1402400261.0,金V,0,0,0
3279,True,high,1,2535161187.0,黄V,0,0,0
3280,True,high,1,1402400261.0,金V,0,0,0
3281,True,high,1,1402400261.0,金V,0,0,0
3282,True,high,1,1918726583.0,普通用户,0,0,0
3283,True,high,1,1773116334.0,普通用户,0,0,0
3284,True,high,2,2907863005.0,普通用户,0,0,0
3285,True,high,1,1402400261.0,金V,0,0,0
3286,True,high,1,1402400261.0,金V,0,0,0
3287,True,high,1,1918726583.0,普通用户,0,0,0
3288,True,high,1,7400592858.0,红V,0,0,0
3289,True,high,1,5633464636.0,蓝V,0,0,0
3290,True,high,1,3889212468.0,普通用户,0,0,0
3291,True,high,1,6105753431.0,蓝V,0,0,0
3292,True,high,1,6066417805.0,普通用户,0,0,0
3293,True,high,1,6869766331.0,普通用户,0,0,0
3294,True,high,1,5327744144.0,蓝V,0,0,0
3295,True,high,1,3275213384.0,蓝V,0,0,0
3296,True,high,1,3889212468.0,普通用户,0,0,0
3297,True,high,1,5875989566.0,蓝V,0,0,0
3298,True,high,2,5329434101.0,蓝V,0,0,0
3299,True,high,1,5329434101.0,蓝V,0,0,0
3300,True,high,1,3891896600.0,蓝V,0,0,0
3301,True,high,1,3889212468.0,普通用户,0,0,0
3302,True,high,1,3213294213.0,蓝V,0,0,0
3303,True,high,1,2810904414.0,黄V,0,0,0
3304,True,high,1,1729014640.0,蓝V,0,0,0
3305,True,high,2,1764919567.0,红V,0,0,0
3306,True,high,1,5329434101.0,蓝V,0,0,0
3307,True,high,1,5643760029.0,普通用户,0,0,0
3308,True,high,1,5329434101.0,蓝V,0,0,0
3309,False,none,1,3941316432.0,普通用户,0,0,0
3310,True,high,1,5329434101.0,蓝V,0,0,0
3311,False,none,1,5056754114.0,普通用户,0,0,0
3312,True,high,1,6408534700.0,蓝V,0,0,0
3313,True,high,1,1764919567.0,红V,0,0,0
3314,True,high,1,1235572171.0,蓝V,0,0,0
3315,True,high,1,6105940372.0,普通用户,0,0,0
3316,True,high,1,2346988743.0,普通用户,0,0,0
3317,True,high,1,1812175903.0,金V,0,0,0
3318,True,high,1,6900470169.0,普通用户,0,0,0
3319,True,high,1,6012275150.0,普通用户,0,0,0
3320,True,high,1,7502960625.0,普通用户,0,0,0
3321,True,low,1,2453509265.0,金V,0,0,0
3322,True,medium,1,1970835843.0,黄V,0,0,0
3323,True,high,1,7551333032.0,普通用户,0,0,0
3324,True,high,1,2384554784.0,普通用户,0,0,0
3325,True,medium,1,1970835843.0,黄V,0,0,0
3326,True,high,1,1699526244.0,普通用户,0,0,0
3327,True,low,1,5322650555.0,蓝V,0,0,0
3328,True,medium,1,1970835843.0,黄V,0,0,0
3329,True,medium,1,1970835843.0,黄V,0,0,0
3330,True,low,1,5322650555.0,蓝V,0,0,0
3331,True,high,1,6012275150.0,普通用户,0,0,0
3332,True,high,1,6125815233.0,普通用户,0,0,0
3333,True,high,1,2479435945.0,红V,0,0,0
3334,True,medium,1,6125815233.0,普通用户,0,0,0
3335,True,low,1,5322650555.0,蓝V,0,0,0
3336,True,high,1,1891924883.0,黄V,0,0,0
3337,True,high,1,6125815233.0,普通用户,0,0,0
3338,True,high,1,6125815233.0,普通用户,0,0,0
3339,True,high,1,6034375475.0,普通用户,0,0,0
3340,True,high,1,6034375475.0,普通用户,0,0,0
3341,True,high,1,6034375475.0,普通用户,0,0,0
3342,True,high,1,6034375475.0,普通用户,0,0,0
3343,True,high,1,5803416260.0,黄V,0,0,0
3344,True,high,1,6034375475.0,普通用户,0,0,0
3345,True,high,1,6034375475.0,普通用户,0,0,0
3346,True,high,1,6034375475.0,普通用户,0,0,0
3347,True,high,1,6034375475.0,普通用户,0,0,0
3348,True,high,1,6034375475.0,普通用户,0,0,0
3349,True,high,1,6034375475.0,普通用户,0,0,0
3350,True,high,1,6034375475.0,普通用户,0,0,0
3351,True,high,1,6034375475.0,普通用户,0,0,0
3352,True,high,1,1402400261.0,金V,0,0,0
3353,True,high,1,6125815233.0,普通用户,0,0,0
3354,True,high,1,6960931282.0,蓝V,0,0,0
3355,True,high,1,1402400261.0,金V,0,0,0
3356,True,high,1,6125815233.0,普通用户,0,0,0
3357,True,high,1,6125815233.0,普通用户,0,0,0
3358,True,high,1,1402400261.0,金V,0,0,0
3359,True,high,1,5803416260.0,黄V,0,0,0
3360,True,high,1,5803416260.0,黄V,0,0,0
3361,True,high,1,1402400261.0,金V,0,0,0
3362,True,high,1,6130949041.0,金V,0,0,0
3363,True,low,1,5322650555.0,蓝V,0,0,0
3364,True,low,1,5322650555.0,蓝V,0,0,0
3365,True,high,1,6125815233.0,普通用户,0,0,0
3366,True,low,1,5322650555.0,蓝V,0,0,0
3367,True,high,1,6125815233.0,普通用户,0,0,0
3368,True,high,1,5329434101.0,蓝V,0,0,0
3369,True,low,1,5322650555.0,蓝V,0,0,0
3370,True,high,1,5329434101.0,蓝V,0,0,0
3371,True,high,1,5329434101.0,蓝V,0,0,0
3372,True,high,1,5329434101.0,蓝V,0,0,0
3373,True,high,1,1894295570.0,蓝V,0,0,0
3374,True,high,1,1894295570.0,蓝V,0,0,0
3375,True,high,1,1787199825.0,普通用户,0,0,0
3376,True,high,1,2703634217.0,红V,0,0,0
3377,True,high,4,1235572171.0,蓝V,0,0,0
3378,True,low,1,1727858283.0,金V,0,0,0
3379,False,none,1,1948301550.0,黄V,0,0,0
3380,False,none,1,1727858283.0,金V,0,0,0
3381,True,high,1,5329434101.0,蓝V,0,0,0
3382,True,high,1,3338597882.0,蓝V,0,0,0
3383,False,none,1,3941316432.0,普通用户,0,0,0
3384,True,high,1,5329434101.0,蓝V,0,0,0
3385,True,high,1,5329434101.0,蓝V,0,0,0
3386,True,high,1,1764919567.0,红V,0,0,0
3387,True,high,1,5334350534.0,普通用户,0,0,0
3388,True,high,1,6925984913.0,普通用户,0,0,0
3389,True,high,1,3984029734.0,普通用户,0,0,0
3390,True,high,1,3800117772.0,普通用户,0,0,0
3391,True,high,1,5334350534.0,普通用户,0,0,0
3392,True,high,1,5329434101.0,蓝V,0,0,0
3393,True,high,1,5329434101.0,蓝V,0,0,0
3394,True,high,1,5329434101.0,蓝V,0,0,0
3395,True,high,1,5334350534.0,普通用户,0,0,0
3396,True,high,1,2103039551.0,普通用户,0,0,0
3397,True,high,1,2810904414.0,黄V,0,0,0
3398,True,high,1,1764919567.0,红V,0,0,0
3399,True,high,1,5329434101.0,蓝V,0,0,0
3400,True,high,1,1764919567.0,红V,0,0,0
3401,True,high,1,1764919567.0,红V,0,0,0
3402,True,high,1,1764919567.0,红V,0,0,0
3403,True,high,1,1764919567.0,红V,0,0,0
3404,True,high,1,5329434101.0,蓝V,0,0,0
3405,True,high,1,1764919567.0,红V,0,0,0
3406,True,high,1,5400397694.0,蓝V,0,0,0
3407,True,high,1,1894295570.0,蓝V,0,0,0
3408,True,high,1,1894295570.0,蓝V,0,0,0
3409,True,high,1,5329434101.0,蓝V,0,0,0
3410,True,high,1,1894295570.0,蓝V,0,0,0
3411,True,high,1,5329434101.0,蓝V,0,0,0
3412,True,high,2,2092965653.0,蓝V,0,0,0
3413,True,high,1,3996876140.0,蓝V,0,0,0
3414,True,high,1,5976873363.0,普通用户,0,0,0
3415,True,high,1,1575035940.0,普通用户,0,0,0
3416,True,high,1,1729014640.0,蓝V,0,0,0
3417,True,high,1,1764919567.0,红V,0,0,0
3418,True,high,1,3889212468.0,普通用户,0,0,0
3419,False,none,1,2794083144.0,蓝V,0,0,0
3420,True,high,1,3710258141.0,金V,0,0,0
3421,True,high,1,1894295570.0,蓝V,0,0,0
3422,True,high,1,2794083144.0,蓝V,0,0,0
3423,True,high,1,3889212468.0,普通用户,0,0,0
3424,True,high,1,1730177302.0,蓝V,0,0,0
3425,True,high,2,5581978594.0,蓝V,0,0,0
3426,True,high,1,6433304918.0,蓝V,0,0,0
3427,True,high,1,6433304918.0,蓝V,0,0,0
3428,True,high,1,6433304918.0,蓝V,0,0,0
3429,True,high,1,6433304918.0,蓝V,0,0,0
3430,True,medium,1,6105753431.0,蓝V,0,0,0
3431,True,high,1,6105753431.0,蓝V,0,0,0
3432,True,medium,1,6105753431.0,蓝V,0,0,0
3433,True,high,1,6105753431.0,蓝V,0,0,0
3434,True,high,1,6105753431.0,蓝V,0,0,0
3435,True,high,1,6105753431.0,蓝V,0,0,0
3436,True,high,1,6105753431.0,蓝V,0,0,0
3437,True,high,1,6105753431.0,蓝V,0,0,0
3438,True,high,1,6105753431.0,蓝V,0,0,0
3439,True,high,1,6105753431.0,蓝V,0,0,0
3440,True,high,1,6105753431.0,蓝V,0,0,0
3441,True,high,2,6105753431.0,蓝V,0,0,0
3442,True,high,1,6105753431.0,蓝V,0,0,0
3443,True,high,1,6105753431.0,蓝V,0,0,0
3444,True,high,1,6105753431.0,蓝V,0,0,0
3445,True,high,1,6105753431.0,蓝V,0,0,0
3446,True,high,1,6105753431.0,蓝V,0,0,0
3447,True,high,1,6105753431.0,蓝V,0,0,0
3448,True,high,1,6105753431.0,蓝V,0,0,0
3449,True,high,1,6105753431.0,蓝V,0,0,0
3450,True,high,1,6105753431.0,蓝V,0,0,0
3451,True,high,1,6105753431.0,蓝V,0,0,0
3452,True,high,1,6105753431.0,蓝V,0,0,0
3453,True,high,1,1943129625.0,普通用户,0,0,0
3454,True,high,1,1943129625.0,普通用户,0,0,0
3455,True,high,1,1943129625.0,普通用户,0,0,0
3456,True,high,1,1943129625.0,普通用户,0,0,0
3457,True,high,1,1943129625.0,普通用户,0,0,0
3458,True,high,1,1943129625.0,普通用户,0,0,0
3459,True,medium,1,1970835843.0,黄V,0,0,0
3460,True,high,1,6182606334.0,红V,0,0,0
3461,True,high,1,5703921756.0,蓝V,0,0,0
3462,True,high,1,1918726583.0,普通用户,0,0,0
3463,True,high,1,7394038218.0,普通用户,0,0,0
3464,True,high,1,3889212468.0,普通用户,0,0,0
3465,True,high,1,2857105983.0,蓝V,0,0,0
3466,True,high,1,2857105983.0,蓝V,0,0,0
3467,True,high,1,6869766331.0,普通用户,0,0,0
3468,True,high,1,6111997919.0,普通用户,0,0,0
3469,True,high,1,6960931282.0,蓝V,0,0,0
3470,True,high,1,5662898461.0,蓝V,0,0,0
3471,True,high,1,6960931282.0,蓝V,0,0,0
3472,True,high,3,6869766331.0,普通用户,0,0,0
3473,True,high,3,6869766331.0,普通用户,0,0,0
3474,True,high,1,6869766331.0,普通用户,0,0,0
3475,True,high,2,6869766331.0,普通用户,0,0,0
3476,True,high,1,2279408463.0,蓝V,0,0,0
3477,True,high,1,6960931282.0,蓝V,0,0,0
3478,True,high,1,6960931282.0,蓝V,0,0,0
3479,True,high,1,5329434101.0,蓝V,0,0,0
3480,True,high,1,1764919567.0,红V,0,0,0
3481,True,high,1,6843104261.0,黄V,0,0,0
3482,False,none,1,6749228635.0,普通用户,0,0,0
3483,True,high,1,1655747731.0,红V,0,0,0
3484,True,high,1,2279408463.0,蓝V,0,0,0
3485,True,high,1,6960931282.0,蓝V,0,0,0
3486,True,high,1,1764919567.0,红V,0,0,0
3487,True,high,1,7418766937.0,蓝V,0,0,0
3488,True,high,1,6960931282.0,蓝V,0,0,0
3489,True,high,1,7453239559.0,普通用户,0,0,0
3490,True,high,1,2279408463.0,蓝V,0,0,0
3491,True,high,1,2279408463.0,蓝V,0,0,0
3492,True,high,1,1406419784.0,普通用户,0,0,0
3493,True,high,1,1567057261.0,普通用户,0,0,0
3494,True,high,1,1402400261.0,金V,0,0,0
3495,True,high,1,1402400261.0,金V,0,0,0
3496,True,high,1,1402400261.0,金V,0,0,0
3497,True,high,1,1402400261.0,金V,0,0,0
3498,True,high,1,1402400261.0,金V,0,0,0
3499,True,high,1,1402400261.0,金V,0,0,0
3500,True,high,1,1402400261.0,金V,0,0,0
3501,True,high,1,1402400261.0,金V,0,0,0
3502,True,high,1,1402400261.0,金V,0,0,0
3503,True,high,1,1402400261.0,金V,0,0,0
3504,True,high,1,1402400261.0,金V,0,0,0
3505,True,high,1,1402400261.0,金V,0,0,0
3506,True,high,1,1402400261.0,金V,0,0,0
3507,True,high,1,1402400261.0,金V,0,0,0
3508,True,high,1,1402400261.0,金V,0,0,0
3509,True,high,1,1402400261.0,金V,0,0,0
3510,True,high,1,1402400261.0,金V,0,0,0
3511,True,high,1,1402400261.0,金V,0,0,0
3512,True,high,1,1402400261.0,金V,0,0,0
3513,True,high,1,1402400261.0,金V,0,0,0
3514,True,high,1,1402400261.0,金V,0,0,0
3515,True,high,1,1402400261.0,金V,0,0,0
3516,True,high,1,1402400261.0,金V,0,0,0
3517,True,high,1,1402400261.0,金V,0,0,0
3518,True,high,1,1402400261.0,金V,0,0,0
3519,True,high,1,1402400261.0,金V,0,0,0
3520,True,high,1,1402400261.0,金V,0,0,0
3521,True,high,1,1402400261.0,金V,0,0,0
3522,True,high,1,1402400261.0,金V,0,0,0
3523,True,high,1,1402400261.0,金V,0,0,0
3524,True,high,1,1402400261.0,金V,0,0,0
3525,True,high,1,1402400261.0,金V,0,0,0
3526,True,high,1,1402400261.0,金V,0,0,0
3527,True,high,1,1402400261.0,金V,0,0,0
3528,True,high,1,1402400261.0,金V,0,0,0
3529,True,high,1,1402400261.0,金V,0,0,0
3530,True,high,1,1402400261.0,金V,0,0,0
3531,True,high,1,1402400261.0,金V,0,0,0
3532,True,high,1,1402400261.0,金V,0,0,0
3533,True,high,1,1402400261.0,金V,0,0,0
3534,True,high,1,1402400261.0,金V,0,0,0
3535,True,high,1,1402400261.0,金V,0,0,0
3536,True,high,1,1402400261.0,金V,0,0,0
3537,True,high,1,1402400261.0,金V,0,0,0
3538,True,high,1,1402400261.0,金V,0,0,0
3539,True,high,1,1402400261.0,金V,0,0,0
3540,True,high,1,1402400261.0,金V,0,0,0
3541,True,high,1,1402400261.0,金V,0,0,0
3542,True,high,1,1402400261.0,金V,0,0,0
3543,True,high,1,1402400261.0,金V,0,0,0
3544,True,high,1,1402400261.0,金V,0,0,0
3545,True,high,1,1402400261.0,金V,0,0,0
3546,True,high,1,1402400261.0,金V,0,0,0
3547,True,high,1,1402400261.0,金V,0,0,0
3548,True,high,1,1402400261.0,金V,0,0,0
3549,True,high,1,1402400261.0,金V,0,0,0
3550,True,high,1,1402400261.0,金V,0,0,0
3551,True,high,1,1402400261.0,金V,0,0,0
3552,True,high,1,1402400261.0,金V,0,0,0
3553,True,high,1,1402400261.0,金V,0,0,0
3554,True,high,1,1402400261.0,金V,0,0,0
3555,True,high,1,1402400261.0,金V,0,0,0
3556,True,high,1,1402400261.0,金V,0,0,0
3557,True,high,1,1402400261.0,金V,0,0,0
3558,True,high,1,1402400261.0,金V,0,0,0
3559,True,high,1,1402400261.0,金V,0,0,0
3560,True,high,1,1402400261.0,金V,0,0,0
3561,True,high,1,1402400261.0,金V,0,0,0
3562,True,high,1,1402400261.0,金V,0,0,0
3563,True,high,1,1402400261.0,金V,0,0,0
3564,True,high,1,1402400261.0,金V,0,0,0
3565,True,high,1,1402400261.0,金V,0,0,0
3566,True,high,1,1402400261.0,金V,0,0,0
3567,True,high,1,1402400261.0,金V,0,0,0
3568,True,high,1,1402400261.0,金V,0,0,0
3569,True,high,1,1402400261.0,金V,0,0,0
3570,True,high,1,1402400261.0,金V,0,0,0
3571,True,high,1,1402400261.0,金V,0,0,0
3572,True,high,1,1402400261.0,金V,0,0,0
3573,True,high,1,1402400261.0,金V,0,0,0
3574,True,high,1,1402400261.0,金V,0,0,0
3575,True,high,1,1402400261.0,金V,0,0,0
3576,True,high,1,1402400261.0,金V,0,0,0
3577,True,high,1,1402400261.0,金V,0,0,0
3578,True,high,1,1402400261.0,金V,0,0,0
3579,True,high,1,1402400261.0,金V,0,0,0
3580,True,high,1,1402400261.0,金V,0,0,0
3581,True,high,1,1402400261.0,金V,0,0,0
3582,True,high,1,1402400261.0,金V,0,0,0
3583,True,high,1,1402400261.0,金V,0,0,0
3584,True,high,1,1402400261.0,金V,0,0,0
3585,True,high,1,1402400261.0,金V,0,0,0
3586,True,high,1,1402400261.0,金V,0,0,0
3587,True,high,1,1402400261.0,金V,0,0,0
3588,True,high,1,1402400261.0,金V,0,0,0
3589,True,high,1,1402400261.0,金V,0,0,0
3590,True,high,1,1402400261.0,金V,0,0,0
3591,True,high,1,1402400261.0,金V,0,0,0
3592,True,high,1,1402400261.0,金V,0,0,0
3593,True,high,1,1402400261.0,金V,0,0,0
3594,True,high,1,1402400261.0,金V,0,0,0
3595,True,high,1,1402400261.0,金V,0,0,0
3596,True,high,1,1402400261.0,金V,0,0,0
3597,True,high,1,1402400261.0,金V,0,0,0
3598,True,high,1,1402400261.0,金V,0,0,0
3599,True,high,1,1402400261.0,金V,0,0,0
3600,True,high,1,1402400261.0,金V,0,0,0
3601,True,high,1,1402400261.0,金V,0,0,0
3602,True,high,1,1402400261.0,金V,0,0,0
3603,True,high,1,1402400261.0,金V,0,0,0
3604,True,high,1,1402400261.0,金V,0,0,0
3605,True,high,1,1402400261.0,金V,0,0,0
3606,True,high,1,1402400261.0,金V,0,0,0
3607,True,high,1,1402400261.0,金V,0,0,0
3608,True,high,1,1402400261.0,金V,0,0,0
3609,True,high,1,1402400261.0,金V,0,0,0
3610,True,high,1,1402400261.0,金V,0,0,0
3611,True,high,1,1402400261.0,金V,0,0,0
3612,True,high,1,1402400261.0,金V,0,0,0
3613,True,high,1,1402400261.0,金V,0,0,0
3614,True,high,1,1402400261.0,金V,0,0,0
3615,True,high,1,1402400261.0,金V,0,0,0
3616,True,high,1,1402400261.0,金V,0,0,0
3617,True,high,1,1402400261.0,金V,0,0,0
3618,True,high,1,1402400261.0,金V,0,0,0
3619,True,high,1,1402400261.0,金V,0,0,0
3620,True,high,1,1402400261.0,金V,0,0,0
3621,True,high,1,1402400261.0,金V,0,0,0
3622,True,high,1,1402400261.0,金V,0,0,0
3623,True,high,1,1402400261.0,金V,0,0,0
3624,True,high,1,1402400261.0,金V,0,0,0
3625,True,high,1,1402400261.0,金V,0,0,0
3626,True,high,1,1402400261.0,金V,0,0,0
3627,True,high,1,1402400261.0,金V,0,0,0
3628,True,high,1,1402400261.0,金V,0,0,0
3629,True,high,1,1402400261.0,金V,0,0,0
3630,True,high,1,1402400261.0,金V,0,0,0
3631,True,high,1,1402400261.0,金V,0,0,0
3632,True,high,1,1402400261.0,金V,0,0,0
3633,True,high,1,1402400261.0,金V,0,0,0
3634,True,high,1,1402400261.0,金V,0,0,0
3635,True,high,1,1402400261.0,金V,0,0,0
3636,True,high,1,1402400261.0,金V,0,0,0
3637,True,high,1,1402400261.0,金V,0,0,0
3638,True,high,1,1402400261.0,金V,0,0,0
3639,True,high,1,1402400261.0,金V,0,0,0
3640,True,high,1,1402400261.0,金V,0,0,0
3641,True,high,1,1402400261.0,金V,0,0,0
3642,True,high,1,1402400261.0,金V,0,0,0
3643,True,high,1,1402400261.0,金V,0,0,0
3644,True,high,1,1402400261.0,金V,0,0,0
3645,True,high,1,1402400261.0,金V,0,0,0
3646,True,high,1,1402400261.0,金V,0,0,0
3647,True,high,1,1402400261.0,金V,0,0,0
3648,True,high,1,1402400261.0,金V,0,0,0
3649,True,high,1,1402400261.0,金V,0,0,0
3650,True,high,1,1402400261.0,金V,0,0,0
3651,True,high,1,1402400261.0,金V,0,0,0
3652,True,high,1,2258786135.0,普通用户,0,0,0
3653,True,high,1,2258786135.0,普通用户,0,0,0
3654,True,high,1,1918726583.0,普通用户,0,0,0
3655,True,high,1,6655475536.0,蓝V,0,0,0
3656,True,high,1,7387623596.0,普通用户,0,0,0
3657,True,medium,1,2258786135.0,普通用户,0,0,0
3658,True,medium,1,2258786135.0,普通用户,0,0,0
3659,True,high,2,1764919567.0,红V,0,0,0
3660,True,high,1,5329434101.0,蓝V,0,0,0
3661,True,high,1,3891896600.0,蓝V,0,0,0
3662,True,high,1,5662898461.0,蓝V,0,0,0
3663,True,high,1,5662898461.0,蓝V,0,0,0
3664,True,high,2,6960931282.0,蓝V,0,0,0
3665,True,high,1,2258786135.0,普通用户,0,0,0
3666,True,high,1,1894295570.0,蓝V,0,0,0
3667,True,high,1,6960931282.0,蓝V,0,0,0
3668,True,high,1,6960931282.0,蓝V,0,0,0
3669,True,high,1,1729014640.0,蓝V,0,0,0
3670,True,high,1,2794083144.0,蓝V,0,0,0
3671,True,high,1,2427364747.0,蓝V,0,0,0
3672,True,high,1,1729014640.0,蓝V,0,0,0
3673,True,high,1,6960931282.0,蓝V,0,0,0
3674,True,high,1,1894295570.0,蓝V,0,0,0
3675,True,high,1,1945345954.0,普通用户,0,0,0
3676,True,high,1,2279408463.0,蓝V,0,0,0
3677,True,high,1,5329434101.0,蓝V,0,0,0
3678,True,high,1,5329434101.0,蓝V,0,0,0
3679,True,high,1,1729014640.0,蓝V,0,0,0
3680,True,high,1,5662898461.0,蓝V,0,0,0
3681,True,high,1,5662898461.0,蓝V,0,0,0
3682,True,high,1,6536754860.0,蓝V,0,0,0
3683,True,high,1,5329434101.0,蓝V,0,0,0
3684,True,high,1,6655475536.0,蓝V,0,0,0
3685,True,high,1,2810904414.0,黄V,0,0,0
3686,True,high,1,3275213384.0,蓝V,0,0,0
3687,True,high,1,2427364747.0,蓝V,0,0,0
3688,True,high,1,1918726583.0,普通用户,0,0,0
3689,True,high,1,1729014640.0,蓝V,0,0,0
3690,True,high,1,2427364747.0,蓝V,0,0,0
3691,True,high,1,1729014640.0,蓝V,0,0,0
3692,True,high,1,2427364747.0,蓝V,0,0,0
3693,True,high,1,6106257097.0,蓝V,0,0,0
3694,True,high,1,2279408463.0,蓝V,0,0,0
3695,True,high,1,2279408463.0,蓝V,0,0,0
3696,True,high,1,1729014640.0,蓝V,0,0,0
3697,True,high,1,2427364747.0,蓝V,0,0,0
3698,True,high,1,2427364747.0,蓝V,0,0,0
3699,True,high,1,7453239559.0,普通用户,0,0,0
3700,True,high,1,6536754860.0,蓝V,0,0,0
3701,True,high,1,1729014640.0,蓝V,0,0,0
3702,True,high,1,2427364747.0,蓝V,0,0,0
3703,True,high,1,5329434101.0,蓝V,0,0,0
3704,True,high,1,1729014640.0,蓝V,0,0,0
3705,True,high,1,1235572171.0,蓝V,0,0,0
3706,True,high,1,1729014640.0,蓝V,0,0,0
3707,True,high,1,1729014640.0,蓝V,0,0,0
3708,True,high,1,1235572171.0,蓝V,0,0,0
3709,True,high,1,1917491813.0,黄V,0,0,0
3710,True,high,1,2810904414.0,黄V,0,0,0
3711,True,high,1,2427364747.0,蓝V,0,0,0
3712,True,high,1,1895401411.0,普通用户,0,0,0
3713,True,high,1,1729014640.0,蓝V,0,0,0
3714,True,high,1,1729014640.0,蓝V,0,0,0
3715,True,high,1,2427364747.0,蓝V,0,0,0
3716,True,high,1,2427364747.0,蓝V,0,0,0
3717,True,high,1,2427364747.0,蓝V,0,0,0
3718,True,high,1,1729014640.0,蓝V,0,0,0
3719,True,high,1,1729014640.0,蓝V,0,0,0
3720,True,high,1,2427364747.0,蓝V,0,0,0
3721,True,high,1,1729014640.0,蓝V,0,0,0
3722,True,high,1,1235572171.0,蓝V,0,0,0
3723,True,high,1,1830516311.0,普通用户,0,0,0
3724,True,high,1,6034375475.0,普通用户,0,0,0
3725,True,high,1,1916416185.0,普通用户,0,0,0
3726,True,high,1,1679022231.0,普通用户,0,0,0
3727,True,high,1,1235572171.0,蓝V,0,0,0
3728,True,high,1,1729014640.0,蓝V,0,0,0
3729,True,high,1,1729014640.0,蓝V,0,0,0
3730,True,high,1,1729014640.0,蓝V,0,0,0
3731,True,high,1,7453239559.0,普通用户,0,0,0
3732,True,high,1,2427364747.0,蓝V,0,0,0
3733,True,high,1,2008779105.0,蓝V,0,0,0
3734,True,high,1,2008779105.0,蓝V,0,0,0
3735,True,high,1,2008779105.0,蓝V,0,0,0
3736,True,high,2,2008779105.0,蓝V,0,0,0
3737,True,high,1,2008779105.0,蓝V,0,0,0
3738,True,high,3,2008779105.0,蓝V,0,0,0
3739,True,high,1,2008779105.0,蓝V,0,0,0
3740,True,high,4,2008779105.0,蓝V,0,0,0
3741,True,high,3,2008779105.0,蓝V,0,0,0
3742,True,high,1,2008779105.0,蓝V,0,0,0
3743,True,high,3,2008779105.0,蓝V,0,0,0
3744,True,high,1,2008779105.0,蓝V,0,0,0
3745,True,high,2,2008779105.0,蓝V,0,0,0
3746,True,high,1,2008779105.0,蓝V,0,0,0
3747,True,high,2,6106257097.0,蓝V,0,0,0
3748,True,medium,1,5662898461.0,蓝V,0,0,0
3749,True,medium,1,1970835843.0,黄V,0,0,0
3750,True,high,1,5662898461.0,蓝V,0,0,0
3751,True,high,1,1912085257.0,红V,0,0,0
3752,True,high,12,1912085257.0,红V,0,0,0
3753,True,high,1,1912085257.0,红V,0,0,0
3754,True,high,1,1912085257.0,红V,0,0,0
3755,True,high,1,1912085257.0,红V,0,0,0
3756,True,high,1,1912085257.0,红V,0,0,0
3757,True,high,1,1815659631.0,普通用户,0,0,0
3758,True,high,2,1815659631.0,普通用户,0,0,0
3759,True,high,7,1815659631.0,普通用户,0,0,0
3760,True,high,13,1815659631.0,普通用户,0,0,0
3761,True,high,17,1815659631.0,普通用户,0,0,0
3762,True,high,17,1815659631.0,普通用户,0,0,0
3763,True,high,3,1815659631.0,普通用户,0,0,0
3764,True,high,8,1815659631.0,普通用户,0,0,0
3765,True,medium,13,1815659631.0,普通用户,0,0,0
3766,True,medium,1,1815659631.0,普通用户,0,0,0
3767,True,medium,1,1815659631.0,普通用户,0,0,0
3768,True,high,1,5327744144.0,蓝V,0,0,0
3769,True,high,1,5327744144.0,蓝V,0,0,0
3770,True,high,1,5327744144.0,蓝V,0,0,0
3771,True,high,1,5327744144.0,蓝V,0,0,0
3772,True,high,1,3710258141.0,金V,0,0,0
3773,True,high,3,3710258141.0,金V,0,0,0
3774,True,high,1,3710258141.0,红V,0,0,0
3775,False,none,1,6182606334.0,红V,0,0,0
3776,True,high,1,6182606334.0,红V,0,0,0
3777,True,high,1,7453239559.0,普通用户,0,0,0
3778,True,high,1,7453239559.0,普通用户,0,0,0
3779,True,high,1,7453239559.0,普通用户,0,0,0
3780,True,high,1,7453239559.0,普通用户,0,0,0
3781,True,high,1,7453239559.0,普通用户,0,0,0
3782,True,high,1,7453239559.0,普通用户,0,0,0
3783,True,high,1,7453239559.0,普通用户,0,0,0
3784,True,high,1,7453239559.0,普通用户,0,0,0
3785,True,high,1,7453239559.0,普通用户,0,0,0
3786,True,high,1,7453239559.0,普通用户,0,0,0
3787,True,high,1,7453239559.0,普通用户,0,0,0
3788,True,high,1,7453239559.0,普通用户,0,0,0
3789,True,high,1,7453239559.0,普通用户,0,0,0
3790,True,high,1,7453239559.0,普通用户,0,0,0
3791,True,high,1,2535161187.0,黄V,0,0,0
3792,True,high,1,2535161187.0,黄V,0,0,0
3793,True,high,1,2535161187.0,黄V,0,0,0
3794,True,high,1,2535161187.0,黄V,0,0,0
3795,True,high,1,2102737845.0,普通用户,0,0,0
3796,True,high,1,1729014640.0,蓝V,0,0,0
3797,True,high,1,1729014640.0,蓝V,0,0,0
3798,True,high,1,1729014640.0,蓝V,0,0,0
3799,True,high,1,1729014640.0,蓝V,0,0,0
3800,True,high,1,1729014640.0,蓝V,0,0,0
3801,True,high,1,2427364747.0,蓝V,0,0,0
3802,True,high,1,1729014640.0,蓝V,0,0,0
3803,True,high,1,2427364747.0,蓝V,0,0,0
3804,True,high,1,2427364747.0,蓝V,0,0,0
3805,True,high,1,2427364747.0,蓝V,0,0,0
3806,True,high,1,1729014640.0,蓝V,0,0,0
3807,True,high,1,1729014640.0,蓝V,0,0,0
3808,True,high,1,2427364747.0,蓝V,0,0,0
3809,True,high,1,1729014640.0,蓝V,0,0,0
3810,True,high,1,1729014640.0,蓝V,0,0,0
3811,True,high,1,2427364747.0,蓝V,0,0,0
3812,True,high,1,1729014640.0,蓝V,0,0,0
3813,True,high,1,1729014640.0,蓝V,0,0,0
3814,True,high,1,2427364747.0,蓝V,0,0,0
3815,True,high,1,2427364747.0,蓝V,0,0,0
3816,True,high,1,2427364747.0,蓝V,0,0,0
3817,True,high,1,1729014640.0,蓝V,0,0,0
3818,True,high,1,2427364747.0,蓝V,0,0,0
3819,True,high,1,1729014640.0,蓝V,0,0,0
3820,True,high,1,2427364747.0,蓝V,0,0,0
3821,True,high,1,2427364747.0,蓝V,0,0,0
3822,True,high,1,1729014640.0,蓝V,0,0,0
3823,True,high,1,1729014640.0,蓝V,0,0,0
3824,True,high,1,2427364747.0,蓝V,0,0,0
3825,True,high,1,1729014640.0,蓝V,0,0,0
3826,True,high,1,2427364747.0,蓝V,0,0,0
3827,True,high,1,1729014640.0,蓝V,0,0,0
3828,True,high,1,2427364747.0,蓝V,0,0,0
3829,True,high,1,2427364747.0,蓝V,0,0,0
3830,True,high,1,2427364747.0,蓝V,0,0,0
3831,True,high,1,2427364747.0,蓝V,0,0,0
3832,True,high,1,1729014640.0,蓝V,0,0,0
3833,True,high,1,2427364747.0,蓝V,0,0,0
3834,True,high,1,1729014640.0,蓝V,0,0,0
3835,True,high,1,2427364747.0,蓝V,0,0,0
3836,True,high,1,1729014640.0,蓝V,0,0,0
3837,True,high,1,1729014640.0,蓝V,0,0,0
3838,True,high,1,1729014640.0,蓝V,0,0,0
3839,True,high,1,2427364747.0,蓝V,0,0,0
3840,True,high,1,2427364747.0,蓝V,0,0,0
3841,True,high,1,2427364747.0,蓝V,0,0,0
3842,True,high,1,2427364747.0,蓝V,0,0,0
3843,True,high,1,2427364747.0,蓝V,0,0,0
3844,True,high,1,1729014640.0,蓝V,0,0,0
3845,True,high,1,1729014640.0,蓝V,0,0,0
3846,True,high,1,1729014640.0,蓝V,0,0,0
3847,True,high,1,1729014640.0,蓝V,0,0,0
3848,True,high,1,2427364747.0,蓝V,0,0,0
3849,True,high,1,2427364747.0,蓝V,0,0,0
3850,True,high,1,1729014640.0,蓝V,0,0,0
3851,True,high,1,1729014640.0,蓝V,0,0,0
3852,True,high,1,2427364747.0,蓝V,0,0,0
3853,True,high,1,1729014640.0,蓝V,0,0,0
3854,True,high,1,2427364747.0,蓝V,0,0,0
3855,True,high,1,1729014640.0,蓝V,0,0,0
3856,True,high,1,2427364747.0,蓝V,0,0,0
3857,True,high,1,1729014640.0,蓝V,0,0,0
3858,True,high,1,1729014640.0,蓝V,0,0,0
3859,True,high,1,1729014640.0,蓝V,0,0,0
3860,True,high,1,2427364747.0,蓝V,0,0,0
3861,True,high,1,1729014640.0,蓝V,0,0,0
3862,True,high,1,1729014640.0,蓝V,0,0,0
3863,True,high,1,2427364747.0,蓝V,0,0,0
3864,True,high,1,2427364747.0,蓝V,0,0,0
3865,True,high,1,1729014640.0,蓝V,0,0,0
3866,True,high,1,1729014640.0,蓝V,0,0,0
3867,True,high,1,2427364747.0,蓝V,0,0,0
3868,True,high,1,1729014640.0,蓝V,0,0,0
3869,True,high,1,2427364747.0,蓝V,0,0,0
3870,True,high,1,2427364747.0,蓝V,0,0,0
3871,True,high,1,1729014640.0,蓝V,0,0,0
3872,True,high,1,2427364747.0,蓝V,0,0,0
3873,True,high,1,2427364747.0,蓝V,0,0,0
3874,True,high,1,2427364747.0,蓝V,0,0,0
3875,True,high,1,2427364747.0,蓝V,0,0,0
3876,True,high,1,1729014640.0,蓝V,0,0,0
3877,True,high,1,2427364747.0,蓝V,0,0,0
3878,True,high,1,2427364747.0,蓝V,0,0,0
3879,True,high,1,1729014640.0,蓝V,0,0,0
3880,True,high,1,1729014640.0,蓝V,0,0,0
3881,True,high,1,1729014640.0,蓝V,0,0,0
3882,True,high,1,2427364747.0,蓝V,0,0,0
3883,True,high,1,1729014640.0,蓝V,0,0,0
3884,True,high,1,1729014640.0,蓝V,0,0,0
3885,True,high,1,2427364747.0,蓝V,0,0,0
3886,True,high,1,3051047911.0,蓝V,0,0,0
3887,True,high,1,1729014640.0,蓝V,0,0,0
3888,True,high,1,2427364747.0,蓝V,0,0,0
3889,True,high,1,2427364747.0,蓝V,0,0,0
3890,True,high,1,2427364747.0,蓝V,0,0,0
3891,True,high,1,2427364747.0,蓝V,0,0,0
3892,True,high,1,1729014640.0,蓝V,0,0,0
3893,True,high,1,1729014640.0,蓝V,0,0,0
3894,True,high,1,1729014640.0,蓝V,0,0,0
3895,True,high,1,1729014640.0,蓝V,0,0,0
3896,True,high,1,1729014640.0,蓝V,0,0,0
3897,True,high,1,2427364747.0,蓝V,0,0,0
3898,True,high,1,1729014640.0,蓝V,0,0,0
3899,True,high,1,2427364747.0,蓝V,0,0,0
3900,True,high,1,2427364747.0,蓝V,0,0,0
3901,True,high,1,2427364747.0,蓝V,0,0,0
3902,True,high,1,1729014640.0,蓝V,0,0,0
3903,True,high,1,1729014640.0,蓝V,0,0,0
3904,True,high,1,2427364747.0,蓝V,0,0,0
3905,True,high,1,1729014640.0,蓝V,0,0,0
3906,True,high,1,2427364747.0,蓝V,0,0,0
3907,True,high,1,2427364747.0,蓝V,0,0,0
3908,True,high,1,1729014640.0,蓝V,0,0,0
3909,True,high,1,2427364747.0,蓝V,0,0,0
3910,True,high,1,1729014640.0,蓝V,0,0,0
3911,True,high,1,1729014640.0,蓝V,0,0,0
3912,True,high,1,2427364747.0,蓝V,0,0,0
3913,True,high,1,1729014640.0,蓝V,0,0,0
3914,True,high,1,2427364747.0,蓝V,0,0,0
3915,True,high,1,2427364747.0,蓝V,0,0,0
3916,True,high,1,1729014640.0,蓝V,0,0,0
3917,True,high,1,1729014640.0,蓝V,0,0,0
3918,True,high,1,1729014640.0,蓝V,0,0,0
3919,True,high,1,1729014640.0,蓝V,0,0,0
3920,True,high,1,2427364747.0,蓝V,0,0,0
3921,True,high,1,2427364747.0,蓝V,0,0,0
3922,True,high,1,1729014640.0,蓝V,0,0,0
3923,True,high,1,1729014640.0,蓝V,0,0,0
3924,True,high,1,2427364747.0,蓝V,0,0,0
3925,True,high,1,1729014640.0,蓝V,0,0,0
3926,True,high,1,1729014640.0,蓝V,0,0,0
3927,True,high,1,2427364747.0,蓝V,0,0,0
3928,True,high,1,1729014640.0,蓝V,0,0,0
3929,True,high,1,2427364747.0,蓝V,0,0,0
3930,True,high,1,1729014640.0,蓝V,0,0,0
3931,True,high,1,1729014640.0,蓝V,0,0,0
3932,True,high,1,1729014640.0,蓝V,0,0,0
3933,True,high,1,2427364747.0,蓝V,0,0,0
3934,True,high,1,2427364747.0,蓝V,0,0,0
3935,True,high,1,1729014640.0,蓝V,0,0,0
3936,True,high,1,2427364747.0,蓝V,0,0,0
3937,True,high,1,1729014640.0,蓝V,0,0,0
3938,True,high,1,2427364747.0,蓝V,0,0,0
3939,True,high,1,1729014640.0,蓝V,0,0,0
3940,True,high,1,2427364747.0,蓝V,0,0,0
3941,True,high,1,2427364747.0,蓝V,0,0,0
3942,True,high,1,1729014640.0,蓝V,0,0,0
3943,True,high,1,2427364747.0,蓝V,0,0,0
3944,True,high,1,2427364747.0,蓝V,0,0,0
3945,True,high,1,1729014640.0,蓝V,0,0,0
3946,True,high,1,2427364747.0,蓝V,0,0,0
3947,True,high,1,1729014640.0,蓝V,0,0,0
3948,True,high,1,1729014640.0,蓝V,0,0,0
3949,True,high,1,2427364747.0,蓝V,0,0,0
3950,True,high,1,2427364747.0,蓝V,0,0,0
3951,True,high,1,1729014640.0,蓝V,0,0,0
3952,True,high,1,2427364747.0,蓝V,0,0,0
3953,True,high,1,2427364747.0,蓝V,0,0,0
3954,True,high,1,1729014640.0,蓝V,0,0,0
3955,True,high,1,1729014640.0,蓝V,0,0,0
3956,True,high,1,1729014640.0,蓝V,0,0,0
3957,True,high,1,1729014640.0,蓝V,0,0,0
3958,True,high,1,2427364747.0,蓝V,0,0,0
3959,True,high,1,1729014640.0,蓝V,0,0,0
3960,True,high,1,2427364747.0,蓝V,0,0,0
3961,True,high,1,1729014640.0,蓝V,0,0,0
3962,True,high,1,2427364747.0,蓝V,0,0,0
3963,True,high,1,2427364747.0,蓝V,0,0,0
3964,True,high,1,2427364747.0,蓝V,0,0,0
3965,True,high,1,1729014640.0,蓝V,0,0,0
3966,True,high,1,1729014640.0,蓝V,0,0,0
3967,True,high,1,1729014640.0,蓝V,0,0,0
3968,True,high,1,2427364747.0,蓝V,0,0,0
3969,True,high,1,2427364747.0,蓝V,0,0,0
3970,True,high,1,2427364747.0,蓝V,0,0,0
3971,True,high,1,1729014640.0,蓝V,0,0,0
3972,True,high,1,2427364747.0,蓝V,0,0,0
3973,True,high,1,2427364747.0,蓝V,0,0,0
3974,True,high,1,1729014640.0,蓝V,0,0,0
3975,True,high,1,1729014640.0,蓝V,0,0,0
3976,True,high,1,2427364747.0,蓝V,0,0,0
3977,True,high,1,2427364747.0,蓝V,0,0,0
3978,True,high,1,2427364747.0,蓝V,0,0,0
3979,True,high,1,2427364747.0,蓝V,0,0,0
3980,True,high,1,1729014640.0,蓝V,0,0,0
3981,True,high,1,1729014640.0,蓝V,0,0,0
3982,True,high,1,2427364747.0,蓝V,0,0,0
3983,True,high,1,1729014640.0,蓝V,0,0,0
3984,True,high,1,1729014640.0,蓝V,0,0,0
3985,True,high,1,1729014640.0,蓝V,0,0,0
3986,True,high,1,1729014640.0,蓝V,0,0,0
3987,True,high,1,1729014640.0,蓝V,0,0,0
3988,True,high,1,1729014640.0,蓝V,0,0,0
3989,True,high,1,2427364747.0,蓝V,0,0,0
3990,True,high,1,1729014640.0,蓝V,0,0,0
3991,True,high,1,1729014640.0,蓝V,0,0,0
3992,True,high,1,6034375475.0,普通用户,0,0,0
3993,True,high,1,6034375475.0,普通用户,0,0,0
3994,True,high,1,6034375475.0,普通用户,0,0,0
3995,True,high,1,6034375475.0,普通用户,0,0,0
3996,True,high,1,6034375475.0,普通用户,0,0,0
3997,True,high,1,6034375475.0,普通用户,0,0,0
3998,True,high,1,6034375475.0,普通用户,0,0,0
3999,True,high,1,6034375475.0,普通用户,0,0,0
4000,True,high,1,6034375475.0,普通用户,0,0,0
4001,True,high,1,6034375475.0,普通用户,0,0,0
4002,True,high,1,6034375475.0,普通用户,0,0,0
4003,True,high,1,6034375475.0,普通用户,0,0,0
4004,True,high,1,6034375475.0,普通用户,0,0,0
4005,True,high,1,6034375475.0,普通用户,0,0,0
4006,True,high,1,6034375475.0,普通用户,0,0,0
4007,True,high,1,6034375475.0,普通用户,0,0,0
4008,True,high,1,6034375475.0,普通用户,0,0,0
4009,True,high,1,6034375475.0,普通用户,0,0,0
4010,True,high,1,6034375475.0,普通用户,0,0,0
4011,True,high,1,6034375475.0,普通用户,0,0,0
4012,True,high,1,6034375475.0,普通用户,0,0,0
4013,True,high,1,6034375475.0,普通用户,0,0,0
4014,True,high,1,2657633095.0,蓝V,0,0,0
4015,True,high,1,2657633095.0,蓝V,0,0,0
4016,True,high,1,2657633095.0,蓝V,0,0,0
4017,True,high,1,2657633095.0,蓝V,0,0,0
4018,True,high,1,3889212468.0,普通用户,0,0,0
4019,True,high,1,3889212468.0,普通用户,0,0,0
4020,True,high,1,1464484735.0,普通用户,0,0,0
4021,True,high,1,1731150201.0,普通用户,0,0,0
4022,True,high,1,7482711888.0,蓝V,0,0,0
4023,True,high,1,1683020051.0,普通用户,0,0,0
4024,True,high,1,1699526244.0,普通用户,0,0,0
4025,True,high,1,1699526244.0,普通用户,0,0,0
4026,True,high,1,6526109246.0,普通用户,0,0,0
4027,True,high,2,6974787068.0,红V,0,0,0
4028,True,high,1,6505590374.0,蓝V,0,0,0
4029,True,high,1,6505590374.0,蓝V,0,0,0
4030,True,high,1,6505590374.0,蓝V,0,0,0
4031,True,high,1,6505590374.0,蓝V,0,0,0
4032,True,high,1,6505590374.0,蓝V,0,0,0
4033,True,high,1,1870858943.0,蓝V,0,0,0
4034,True,high,1,1870858943.0,蓝V,0,0,0
4035,True,high,1,1870858943.0,蓝V,0,0,0
4036,True,high,1,1870858943.0,蓝V,0,0,0
4037,True,high,1,1870858943.0,蓝V,0,0,0
4038,True,high,1,1870858943.0,蓝V,0,0,0
4039,True,high,1,1870858943.0,蓝V,0,0,0
4040,True,high,1,1870858943.0,蓝V,0,0,0
4041,True,high,1,2126427211.0,黄V,0,0,0
4042,True,high,1,2126427211.0,黄V,0,0,0
4043,True,high,1,1235572171.0,蓝V,0,0,0
4044,True,high,1,1235572171.0,蓝V,0,0,0
4045,True,high,1,1235572171.0,蓝V,0,0,0
4046,True,high,1,1235572171.0,蓝V,0,0,0
4047,True,high,1,1235572171.0,蓝V,0,0,0
4048,True,high,3,1235572171.0,蓝V,0,0,0
4049,True,high,1,1235572171.0,蓝V,0,0,0
4050,True,high,1,1764919567.0,红V,0,0,0
4051,True,high,1,1764919567.0,红V,0,0,0
4052,True,high,1,1764919567.0,红V,0,0,0
4053,True,high,1,1764919567.0,红V,0,0,0
4054,True,high,1,1764919567.0,红V,0,0,0
4055,True,high,1,1764919567.0,红V,0,0,0
4056,True,high,1,1764919567.0,红V,0,0,0
4057,True,high,1,1764919567.0,红V,0,0,0
4058,True,high,2,1764919567.0,红V,0,0,0
4059,True,high,1,7482711888.0,蓝V,0,0,0
4060,True,high,1,2279408463.0,蓝V,0,0,0
4061,True,high,1,2279408463.0,蓝V,0,0,0
4062,True,high,1,5341251100.0,蓝V,0,0,0
4063,True,high,1,5400397694.0,蓝V,0,0,0
4064,True,high,1,1816909062.0,黄V,0,0,0
4065,True,high,2,5340174229.0,蓝V,0,0,0
4066,True,high,1,6445085777.0,黄V,0,0,0
4067,True,high,1,1878134457.0,蓝V,0,0,0
4068,True,high,1,1877686643.0,蓝V,0,0,0
4069,True,low,1,5322650555.0,蓝V,0,0,0
4070,True,high,1,6655475536.0,蓝V,0,0,0
4071,True,high,1,1878134457.0,蓝V,0,0,0
4072,True,high,1,7004651876.0,红V,0,0,0
4073,True,low,1,5322650555.0,蓝V,0,0,0
4074,True,high,1,2111646471.0,普通用户,0,0,0
4075,True,low,1,1421177604.0,蓝V,0,0,0
4076,True,high,1,1617607293.0,普通用户,0,0,0
4077,True,high,1,1688967920.0,普通用户,0,0,0
4078,True,low,1,5322650555.0,蓝V,0,0,0
4079,True,low,1,5322650555.0,蓝V,0,0,0
4080,True,high,1,7355567953.0,蓝V,0,0,0
4081,True,low,1,5322650555.0,蓝V,0,0,0
4082,False,none,1,2794083144.0,蓝V,0,0,0
4083,True,high,1,1918726583.0,普通用户,0,0,0
4084,True,high,1,7081705969.0,蓝V,0,0,0
4085,True,high,1,3543329232.0,蓝V,0,0,0
4086,True,high,1,3051047911.0,蓝V,0,0,0
4087,True,high,1,1925964485.0,蓝V,0,0,0
4088,True,high,1,5027586722.0,蓝V,0,0,0
4089,True,high,1,7742364697.0,蓝V,0,0,0
4090,True,high,1,6655475536.0,蓝V,0,0,0
4091,True,high,1,5284329303.0,蓝V,0,0,0
4092,True,high,1,1925964485.0,蓝V,0,0,0
4093,True,high,1,5639373396.0,黄V,0,0,0
4094,True,high,1,1918726583.0,普通用户,0,0,0
4095,True,high,2,1925964485.0,蓝V,0,0,0
4096,True,high,1,6655475536.0,蓝V,0,0,0
4097,True,high,1,1257566741.0,普通用户,0,0,0
4098,True,high,1,5863370074.0,普通用户,0,0,0
4099,True,high,1,5633464636.0,蓝V,0,0,0
4100,True,high,1,2527977815.0,蓝V,0,0,0
4101,True,high,1,1665335994.0,普通用户,0,0,0
4102,True,high,1,5027586722.0,蓝V,0,0,0
4103,True,high,3,1784264335.0,普通用户,0,0,0
4104,True,high,1,1877686643.0,蓝V,0,0,0
4105,True,high,1,5863370074.0,普通用户,0,0,0
4106,True,high,1,3891896600.0,蓝V,0,0,0
4107,True,high,1,1895401411.0,普通用户,0,0,0
4108,True,high,1,1918726583.0,普通用户,0,0,0
4109,True,high,1,1918726583.0,普通用户,0,0,0
4110,True,high,1,5863370074.0,普通用户,0,0,0
4111,True,high,1,2683703741.0,蓝V,0,0,0
4112,True,high,1,1925964485.0,蓝V,0,0,0
4113,True,high,1,3941337445.0,普通用户,0,0,0
4114,True,high,1,1970835843.0,黄V,0,0,0
4115,True,high,1,5863370074.0,普通用户,0,0,0
4116,True,high,1,5863370074.0,普通用户,0,0,0
4117,True,high,1,5027586722.0,蓝V,0,0,0
4118,True,high,1,5651875373.0,普通用户,0,0,0
4119,True,medium,1,7861829036.0,普通用户,0,0,0
4120,True,high,1,2318520534.0,普通用户,0,0,0
4121,False,none,1,3178283162.0,红V,0,0,0
4122,True,high,1,2763057714.0,普通用户,0,0,0
4123,True,high,1,1918726583.0,普通用户,0,0,0
4124,True,high,1,1365483565.0,普通用户,0,0,0
4125,True,high,1,5400397694.0,蓝V,0,0,0
4126,True,high,1,2607574543.0,黄V,0,0,0
4127,True,high,1,2062985282.0,红V,0,0,0
4128,True,high,1,1806270090.0,普通用户,0,0,0
4129,True,high,1,5374548129.0,普通用户,0,0,0
4130,True,high,1,5374548129.0,普通用户,0,0,0
4131,True,high,1,1936025761.0,黄V,0,0,0
4132,True,high,1,3275213384.0,蓝V,0,0,0
4133,True,high,1,1936025761.0,黄V,0,0,0
4134,True,high,1,7225256126.0,普通用户,0,0,0
4135,True,high,1,1678157684.0,普通用户,0,0,0
4136,True,high,1,2607574543.0,黄V,0,0,0
4137,True,high,1,5694690999.0,普通用户,0,0,0
4138,True,high,2,6880184237.0,普通用户,0,0,0
4139,True,high,1,1657470871.0,黄V,0,0,0
4140,True,high,1,1645215240.0,金V,0,0,0
4141,True,high,1,3891896600.0,蓝V,0,0,0
4142,True,high,1,3891896600.0,蓝V,0,0,0
4143,True,high,1,3891896600.0,蓝V,0,0,0
4144,True,high,1,3891896600.0,蓝V,0,0,0
4145,True,high,1,1921643645.0,普通用户,0,0,0
4146,True,high,1,2607574543.0,黄V,0,0,0
4147,True,high,1,1918726583.0,普通用户,0,0,0
4148,True,high,1,1956211063.0,普通用户,0,0,0
4149,True,high,3,1810418034.0,红V,0,0,0
4150,True,high,1,6045441276.0,红V,0,0,0
4151,True,high,1,2703634217.0,红V,0,0,0
4152,True,high,1,1627825392.0,金V,0,0,0
4153,True,high,1,1578561911.0,普通用户,0,0,0
4154,True,high,1,3330266210.0,红V,0,0,0
4155,True,high,1,3754432345.0,普通用户,0,0,0
