weibo_id,original_text,user_id,created_at,retweet_count,comment_count,like_count,user_authentication,original_link,decoded_link,is_paper,confidence,source,doi,matched_pattern
0,,3213294213.0,,0,0,0,蓝V,http://www.sciencedirect.com/science/article/pii/S2213138816302211,http://www.sciencedirect.com/science/article/pii/S2213138816302211,True,high,Elsevier,,Elsevier
1,,2810904414.0,,0,0,0,黄V,http://www.nature.com/nbt/journal/v35/n4/full/nbt.3823.html?foxtrotcallback=true,http://www.nature.com/nbt/journal/v35/n4/full/nbt.3823.html?foxtrotcallback=true,True,high,Nature,,Nature
2,,3702002507.0,,0,0,0,普通用户,http://www.equality-of-opportunity.org/assets/documents/race_paper.pdf,http://www.equality-of-opportunity.org/assets/documents/race_paper.pdf,False,none,,,
3,,2034583177.0,,0,0,0,蓝V,https://onlinelibrary.wiley.com/doi/abs/10.1111/jpi.12497,https://onlinelibrary.wiley.com/doi/abs/10.1111/jpi.12497,True,high,DOI,10.1111/jpi.12497,DOI
4,,2810904414.0,,0,0,0,黄V,https://www.nature.com/articles/s41586-018-0046-x,https://www.nature.com/articles/s41586-018-0046-x,True,high,Nature,,Nature
5,,6547188182.0,,0,0,0,普通用户,http://www.ncbi.nlm.nih.gov/pubmed/24343323).,http://www.ncbi.nlm.nih.gov/pubmed/24343323).,True,high,PubMed,,PubMed
6,,5284329303.0,,0,0,0,蓝V,https://doi.org/10.1038/s41591-018-0164-x,https://doi.org/10.1038/s41591-018-0164-x,True,high,DOI,10.1038/s41591-018-0164-x,DOI
7,,5334350534.0,,0,0,0,普通用户,https://www.nature.com/articles/s41467-018-05852-8,https://www.nature.com/articles/s41467-018-05852-8,True,high,Nature,,Nature
8,,3212809433.0,,0,0,0,黄V,https://www.nature.com/articles/s41467-018-05852-8,https://www.nature.com/articles/s41467-018-05852-8,True,high,Nature,,Nature
9,,6890507718.0,,0,0,0,蓝V,http://www.jzus.zju.edu.cn/article.php?doi=10.1631/FITEE.1900195,http://www.jzus.zju.edu.cn/article.php?doi=10.1631/FITEE.1900195,True,high,DOI,10.1631/FITEE.1900195,DOI
10,,1870858943.0,,0,0,0,蓝V,https://static.aminer.cn/misc/pdf/1911.05289.pdf,https://static.aminer.cn/misc/pdf/1911.05289.pdf,True,high,AMiner,,AMiner
11,,2152024140.0,,0,0,0,黄V,https://openreview.net/forum?id=S1esMkHYPr,https://openreview.net/forum?id=S1esMkHYPr,True,high,openreview,,openreview
12,,3659841663.0,,0,0,0,普通用户,https://cseweb.ucsd.edu/~dstefan/pubs/narayan:2020:rlbox.pdf,https://cseweb.ucsd.edu/~dstefan/pubs/narayan:2020:rlbox.pdf,True,medium,学术特征,,/pubs/
13,,6890507718.0,,0,0,0,蓝V,https://digital-library.theiet.org/content/journals/10.1049/iet-csr.2019.0042,https://digital-library.theiet.org/content/journals/10.1049/iet-csr.2019.0042,True,high,DOI,10.1049/iet-csr.2019.0042,DOI
14,,7472274415.0,,0,0,0,普通用户,https://www.hanspub.org/journal/PaperInformation.aspx?paperID=34740,https://www.hanspub.org/journal/PaperInformation.aspx?paperID=34740,True,high,hans,,hans
15,,7463051298.0,,0,0,0,普通用户,https://www.hanspub.org/journal/PaperInformation.aspx?paperID=28401,https://www.hanspub.org/journal/PaperInformation.aspx?paperID=28401,True,high,hans,,hans
16,,3941337445.0,,0,0,0,普通用户,https://doi.org/10.12677/SA.2020.95085,https://doi.org/10.12677/SA.2020.95085,True,high,DOI,10.12677/SA.2020.95085,DOI
17,,1469740544.0,,0,0,0,蓝V,https://www.sciencedirect.com/science/article/pii/S0168192320303142,https://www.sciencedirect.com/science/article/pii/S0168192320303142,True,high,SPRINGER,,SPRINGER
18,,3941337445.0,,0,0,0,普通用户,https://doi.org/10.12677/APP.2020.1010057,https://doi.org/10.12677/APP.2020.1010057,True,high,DOI,10.12677/APP.2020.1010057,DOI
19,,7463051298.0,,0,0,0,普通用户,https://www.hanspub.org/journal/PaperInformation.aspx?paperID=28415,https://www.hanspub.org/journal/PaperInformation.aspx?paperID=28415,True,high,hans,,hans
20,,7463051298.0,,0,0,0,普通用户,https://www.hanspub.org/journal/PaperInformation.aspx?paperID=38643,https://www.hanspub.org/journal/PaperInformation.aspx?paperID=38643,True,high,hans,,hans
21,,7472274415.0,,0,0,0,普通用户,https://www.hanspub.org/journal/PaperInformation.aspx?paperID=32141,https://www.hanspub.org/journal/PaperInformation.aspx?paperID=32141,True,high,hans,,hans
22,,7472274415.0,,0,0,0,普通用户,https://www.hanspub.org/journal/PaperInformation.aspx?paperID=32711,https://www.hanspub.org/journal/PaperInformation.aspx?paperID=32711,True,high,hans,,hans
23,,3941337445.0,,0,0,0,普通用户,https://doi.org/10.12677/MEng.2020.74028,https://doi.org/10.12677/MEng.2020.74028,True,high,DOI,10.12677/MEng.2020.74028,DOI
24,,7463051298.0,,0,0,0,普通用户,https://www.hanspub.org/journal/PaperInformation.aspx?paperID=26849,https://www.hanspub.org/journal/PaperInformation.aspx?paperID=26849,True,high,hans,,hans
25,,7472274415.0,,0,0,0,普通用户,https://www.hanspub.org/journal/PaperInformation.aspx?paperID=34017,https://www.hanspub.org/journal/PaperInformation.aspx?paperID=34017,True,high,hans,,hans
26,,3941337445.0,,0,0,0,普通用户,https://doi.org/10.12677/AEP.2020.106098,https://doi.org/10.12677/AEP.2020.106098,True,high,DOI,10.12677/AEP.2020.106098,DOI
27,,7463051298.0,,0,0,0,普通用户,https://www.hanspub.org/journal/PaperInformation.aspx?paperID=24461,https://www.hanspub.org/journal/PaperInformation.aspx?paperID=24461,True,high,hans,,hans
28,,7463051298.0,,0,0,0,普通用户,https://www.hanspub.org/journal/PaperInformation.aspx?paperID=24461,https://www.hanspub.org/journal/PaperInformation.aspx?paperID=24461,True,high,hans,,hans
29,,7463051298.0,,0,0,0,普通用户,https://www.hanspub.org/journal/PaperInformation.aspx?paperID=39803,https://www.hanspub.org/journal/PaperInformation.aspx?paperID=39803,True,high,hans,,hans
30,,1870858943.0,,0,0,0,蓝V,https://www.aminer.cn/pub/5f7702ed91e011f31b980728/?conf=iclr2021?f=wb,https://www.aminer.cn/pub/5f7702ed91e011f31b980728/?conf=iclr2021?f=wb,True,high,AMiner,,AMiner
31,,7463051298.0,,0,0,0,普通用户,https://doi.org/10.12677/HJCB.2018.84008,https://doi.org/10.12677/HJCB.2018.84008,True,high,DOI,10.12677/HJCB.2018.84008,DOI
32,,1870858943.0,,0,0,0,蓝V,https://www.aminer.cn/pub/5fa9175f91e011e83f7407f4/?conf=iclr2021?f=wb,https://www.aminer.cn/pub/5fa9175f91e011e83f7407f4/?conf=iclr2021?f=wb,True,high,AMiner,,AMiner
33,,7472274415.0,,0,0,0,普通用户,https://www.hanspub.org/journal/PaperInformation.aspx?paperID=40057,https://www.hanspub.org/journal/PaperInformation.aspx?paperID=40057,True,high,hans,,hans
34,,1870858943.0,,0,0,0,蓝V,https://www.aminer.cn/pub/5f7c477591e0117ac2a78a81/?conf=iclr2021?f=wb,https://www.aminer.cn/pub/5f7c477591e0117ac2a78a81/?conf=iclr2021?f=wb,True,high,AMiner,,AMiner
35,,1870858943.0,,0,0,0,蓝V,https://www.aminer.cn/pub/5e67655391e011e0d1791148/?conf=cvpr2021?f=wb,https://www.aminer.cn/pub/5e67655391e011e0d1791148/?conf=cvpr2021?f=wb,True,high,AMiner,,AMiner
36,,1870858943.0,,0,0,0,蓝V,https://www.aminer.cn/pub/5fbcd1b491e01127d58eed47/?conf=iclr2021?f=wb,https://www.aminer.cn/pub/5fbcd1b491e01127d58eed47/?conf=iclr2021?f=wb,True,high,AMiner,,AMiner
37,,7463051298.0,,0,0,0,普通用户,https://doi.org/10.12677/HJCB.2018.84008,https://doi.org/10.12677/HJCB.2018.84008,True,high,DOI,10.12677/HJCB.2018.84008,DOI
38,,1870858943.0,,0,0,0,蓝V,https://www.aminer.cn/pub/60226f7a91e011e70e451340/?conf=www2021?f=wb,https://www.aminer.cn/pub/60226f7a91e011e70e451340/?conf=www2021?f=wb,True,high,AMiner,,AMiner
39,,1870858943.0,,0,0,0,蓝V,https://www.aminer.cn/pub/604f35b991e01127d2b6e8b9/?conf=cvpr2021?f=wb,https://www.aminer.cn/pub/604f35b991e01127d2b6e8b9/?conf=cvpr2021?f=wb,True,high,AMiner,,AMiner
40,,7463051298.0,,0,0,0,普通用户,https://doi.org/10.12677/OJNS.2021.92031,https://doi.org/10.12677/OJNS.2021.92031,True,high,DOI,10.12677/OJNS.2021.92031,DOI
41,,1870858943.0,,0,0,0,蓝V,https://www.aminer.cn/pub/5f7c3b2991e0117ac2a78919/?conf=iclr2021?f=wb,https://www.aminer.cn/pub/5f7c3b2991e0117ac2a78919/?conf=iclr2021?f=wb,True,high,AMiner,,AMiner
42,,6890507718.0,,0,0,0,蓝V,http://www.jzus.zju.edu.cn/article.php?doi=10.1631/jzus.A2000501,http://www.jzus.zju.edu.cn/article.php?doi=10.1631/jzus.A2000501,True,high,DOI,10.1631/jzus.A2000501,DOI
43,,7463051298.0,,0,0,0,普通用户,https://doi.org/10.12677/BR.2021.103041,https://doi.org/10.12677/BR.2021.103041,True,high,DOI,10.12677/BR.2021.103041,DOI
44,,1870858943.0,,0,0,0,蓝V,https://www.aminer.cn/pub/603e03ed91e01129ef28fb7c/?conf=ijcai2021?f=wb,https://www.aminer.cn/pub/603e03ed91e01129ef28fb7c/?conf=ijcai2021?f=wb,True,high,AMiner,,AMiner
45,,6890507718.0,,0,0,0,蓝V,http://www.jzus.zju.edu.cn/article.php?doi=10.1631/FITEE.2000489,http://www.jzus.zju.edu.cn/article.php?doi=10.1631/FITEE.2000489,True,high,DOI,10.1631/FITEE.2000489,DOI
46,,1894295570.0,,0,0,0,蓝V,https://www.scirp.org/journal/paperinformation.aspx?paperid=110998&utm_campaign=weibo&utm_medium=chenling,https://www.scirp.org/journal/paperinformation.aspx?paperid=110998&utm_campaign=weibo&utm_medium=chenling,True,high,SCIRP 美国科研出版社,,SCIRP 美国科研出版社
47,,3941337445.0,,0,0,0,普通用户,https://doi.org/10.12677/HJCE.2021.107078,https://doi.org/10.12677/HJCE.2021.107078,True,high,DOI,10.12677/HJCE.2021.107078,DOI
48,,3941337445.0,,0,0,0,普通用户,https://doi.org/10.12677/ASS.2021.107261,https://doi.org/10.12677/ASS.2021.107261,True,high,DOI,10.12677/ASS.2021.107261,DOI
49,,3659841663.0,,0,0,0,普通用户,https://arxiv.org/abs/2007.15528,https://arxiv.org/abs/2007.15528,True,high,arXiv,,arXiv
50,,3941337445.0,,0,0,0,普通用户,https://doi.org/10.12677/HJCE.2021.107076,https://doi.org/10.12677/HJCE.2021.107076,True,high,DOI,10.12677/HJCE.2021.107076,DOI
51,,1870858943.0,,0,0,0,蓝V,https://www.aminer.cn/pub/6037828e91e011d7c73cd499?f=confwb,https://www.aminer.cn/pub/6037828e91e011d7c73cd499?f=confwb,True,high,AMiner,,AMiner
52,,3659841663.0,,0,0,0,普通用户,https://nesa.zju.edu.cn/download/dty_pdf_cert_rnn.pdf,https://nesa.zju.edu.cn/download/dty_pdf_cert_rnn.pdf,True,high,ZHEJIANG UNIV PRESS,,ZHEJIANG UNIV PRESS
53,,6890507718.0,,0,0,0,蓝V,http://www.jzus.zju.edu.cn/article.php?doi=10.1631/jzus.A1500125,http://www.jzus.zju.edu.cn/article.php?doi=10.1631/jzus.A1500125,True,high,DOI,10.1631/jzus.A1500125,DOI
54,,3941337445.0,,0,0,0,普通用户,https://doi.org/10.12677/AEP.2021.114089,https://doi.org/10.12677/AEP.2021.114089,True,high,DOI,10.12677/AEP.2021.114089,DOI
55,,5976873363.0,,0,0,0,普通用户,https://doi.org/10.1126/sciadv.abe3596,https://doi.org/10.1126/sciadv.abe3596,True,high,DOI,10.1126/sciadv.abe3596,DOI
56,,1729014640.0,,0,0,0,蓝V,https://doi.org/10.1126/sciadv.abe3596,https://doi.org/10.1126/sciadv.abe3596,True,high,DOI,10.1126/sciadv.abe3596,DOI
57,,3710258141.0,,0,0,0,金V,https://www.nature.com/articles/s41586-021-03698-7,https://www.nature.com/articles/s41586-021-03698-7,True,high,Nature,,Nature
57,,3710258141.0,,0,0,0,金V,https://www.nature.com/articles/d41586-021-02116-2,https://www.nature.com/articles/d41586-021-02116-2,True,high,Nature,,Nature
58,,3941337445.0,,0,0,0,普通用户,https://doi.org/10.12677/ORF.2021.113039,https://doi.org/10.12677/ORF.2021.113039,True,high,DOI,10.12677/ORF.2021.113039,DOI
59,,3941337445.0,,0,0,0,普通用户,https://doi.org/10.12677/AAM.2021.108277,https://doi.org/10.12677/AAM.2021.108277,True,high,DOI,10.12677/AAM.2021.108277,DOI
60,,3710258141.0,,0,0,0,金V,https://doi.org/10.1073/pnas.2104442118,https://doi.org/10.1073/pnas.2104442118,True,high,DOI,10.1073/pnas.2104442118,DOI
61,,3941337445.0,,0,0,0,普通用户,https://doi.org/10.12677/FIN.2021.115048,https://doi.org/10.12677/FIN.2021.115048,True,high,DOI,10.12677/FIN.2021.115048,DOI
62,,3941337445.0,,0,0,0,普通用户,https://doi.org/10.12677/AG.2021.1110131,https://doi.org/10.12677/AG.2021.1110131,True,high,DOI,10.12677/AG.2021.1110131,DOI
63,,2794083144.0,,0,0,0,蓝V,https://www.pnas.org/content/118/42/e2113015118,https://www.pnas.org/content/118/42/e2113015118,True,high,pnas,,pnas
64,,3941337445.0,,0,0,0,普通用户,https://doi.org/10.12677/SA.2021.105081,https://doi.org/10.12677/SA.2021.105081,True,high,DOI,10.12677/SA.2021.105081,DOI
65,,3941337445.0,,0,0,0,普通用户,https://doi.org/10.12677/AEP.2021.115109,https://doi.org/10.12677/AEP.2021.115109,True,high,DOI,10.12677/AEP.2021.115109,DOI
66,,5976873363.0,,0,0,0,普通用户,https://doi.org/10.1080/08912963.2020.1782395,https://doi.org/10.1080/08912963.2020.1782395,True,high,DOI,10.1080/08912963.2020.1782395,DOI
67,,1729014640.0,,0,0,0,蓝V,https://doi.org/10.1016/j.apmt.2021.101236,https://doi.org/10.1016/j.apmt.2021.101236,True,high,DOI,10.1016/j.apmt.2021.101236,DOI
68,,2092965653.0,,0,0,0,蓝V,https://doi.org/10.1177/0042098020962418,https://doi.org/10.1177/0042098020962418,True,high,DOI,10.1177/0042098020962418,DOI
69,,3941337445.0,,0,0,0,普通用户,https://doi.org/10.12677/AAM.2021.1011408,https://doi.org/10.12677/AAM.2021.1011408,True,high,DOI,10.12677/AAM.2021.1011408,DOI
70,,2427364747.0,,0,0,0,蓝V,https://doi.org/10.1016/j.apmt.2021.101236,https://doi.org/10.1016/j.apmt.2021.101236,True,high,DOI,10.1016/j.apmt.2021.101236,DOI
71,,3941337445.0,,0,0,0,普通用户,https://doi.org/10.12677/SD.2021.116100,https://doi.org/10.12677/SD.2021.116100,True,high,DOI,10.12677/SD.2021.116100,DOI
72,,1729014640.0,,0,0,0,蓝V,https://doi.org/10.1016/j.apmt.2021.101236,https://doi.org/10.1016/j.apmt.2021.101236,True,high,DOI,10.1016/j.apmt.2021.101236,DOI
73,,1729014640.0,,0,0,0,蓝V,https://doi.org/10.1080/08912963.2020.1782395,https://doi.org/10.1080/08912963.2020.1782395,True,high,DOI,10.1080/08912963.2020.1782395,DOI
74,,3941337445.0,,0,0,0,普通用户,https://doi.org/10.12677/AG.2021.1111136,https://doi.org/10.12677/AG.2021.1111136,True,high,DOI,10.12677/AG.2021.1111136,DOI
75,,2653149452.0,,0,0,0,普通用户,https://doi.org/10.1093/rfs/hhab085,https://doi.org/10.1093/rfs/hhab085,True,high,DOI,10.1093/rfs/hhab085,DOI
76,,3941337445.0,,0,0,0,普通用户,https://doi.org/10.12677/AAM.2021.1011380,https://doi.org/10.12677/AAM.2021.1011380,True,high,DOI,10.12677/AAM.2021.1011380,DOI
77,,1729014640.0,,0,0,0,蓝V,https://www.nature.com/articles/s41467-017-00336-7,https://www.nature.com/articles/s41467-017-00336-7,True,high,Nature,,Nature
78,,3941337445.0,,0,0,0,普通用户,https://doi.org/10.12677/AAM.2021.1012440,https://doi.org/10.12677/AAM.2021.1012440,True,high,DOI,10.12677/AAM.2021.1012440,DOI
79,,2130067184.0,,0,0,0,蓝V,https://journals.aps.org/prl/abstract/10.1103/PhysRevLett.127.251301,https://journals.aps.org/prl/abstract/10.1103/PhysRevLett.127.251301,True,high,DOI,10.1103/PhysRevLett.127.251301,DOI
80,,2794083144.0,,0,0,0,蓝V,https://academic.oup.com/nar/advance-article-abstract/doi/10.1093/nar/gkab1201/6459086,https://academic.oup.com/nar/advance-article-abstract/doi/10.1093/nar/gkab1201/6459086,True,high,DOI,10.1093/nar/gkab1201/6459086,DOI
81,,3941337445.0,,0,0,0,普通用户,https://doi.org/10.12677/ME.2022.101009,https://doi.org/10.12677/ME.2022.101009,True,high,DOI,10.12677/ME.2022.101009,DOI
82,,3941337445.0,,0,0,0,普通用户,https://doi.org/10.12677/GST.2022.101002,https://doi.org/10.12677/GST.2022.101002,True,high,DOI,10.12677/GST.2022.101002,DOI
83,,3941337445.0,,0,0,0,普通用户,https://doi.org/10.12677/MOS.2022.111018,https://doi.org/10.12677/MOS.2022.111018,True,high,DOI,10.12677/MOS.2022.111018,DOI
84,,1729014640.0,,0,0,0,蓝V,https://doi.org/10.1038/s41467-022-27965-x,https://doi.org/10.1038/s41467-022-27965-x,True,high,DOI,10.1038/s41467-022-27965-x,DOI
85,,2427364747.0,,0,0,0,蓝V,https://doi.org/10.1038/s41467-022-27965-x,https://doi.org/10.1038/s41467-022-27965-x,True,high,DOI,10.1038/s41467-022-27965-x,DOI
86,,1729014640.0,,0,0,0,蓝V,https://doi.org/10.1038/s41467-022-27965-x,https://doi.org/10.1038/s41467-022-27965-x,True,high,DOI,10.1038/s41467-022-27965-x,DOI
87,,3941337445.0,,0,0,0,普通用户,https://doi.org/10.12677/AAM.2022.111006,https://doi.org/10.12677/AAM.2022.111006,True,high,DOI,10.12677/AAM.2022.111006,DOI
88,,2427364747.0,,0,0,0,蓝V,https://doi.org/10.1073/pnas.2109912118,https://doi.org/10.1073/pnas.2109912118,True,high,DOI,10.1073/pnas.2109912118,DOI
89,,3941337445.0,,0,0,0,普通用户,https://doi.org/10.12677/SA.2022.111002,https://doi.org/10.12677/SA.2022.111002,True,high,DOI,10.12677/SA.2022.111002,DOI
90,,1729014640.0,,0,0,0,蓝V,https://www.nature.com/articles/s41586-021-04159-x,https://www.nature.com/articles/s41586-021-04159-x,True,high,Nature,,Nature
90,,1729014640.0,,0,0,0,蓝V,https://doi.org/10.1038/s41586-021-03878-5,https://doi.org/10.1038/s41586-021-03878-5,True,high,DOI,10.1038/s41586-021-03878-5,DOI
90,,1729014640.0,,0,0,0,蓝V,https://doi.org/10.1007/s11433-021-1757-5,https://doi.org/10.1007/s11433-021-1757-5,True,high,DOI,10.1007/s11433-021-1757-5,DOI
91,,3941337445.0,,0,0,0,普通用户,https://doi.org/10.12677/AAM.2022.112078,https://doi.org/10.12677/AAM.2022.112078,True,high,DOI,10.12677/AAM.2022.112078,DOI
92,,3941337445.0,,0,0,0,普通用户,https://doi.org/10.12677/ASS.2022.112087,https://doi.org/10.12677/ASS.2022.112087,True,high,DOI,10.12677/ASS.2022.112087,DOI
93,,3941337445.0,,0,0,0,普通用户,https://doi.org/10.12677/AAM.2022.112086,https://doi.org/10.12677/AAM.2022.112086,True,high,DOI,10.12677/AAM.2022.112086,DOI
94,,3941337445.0,,0,0,0,普通用户,https://doi.org/10.12677/GSER.2022.111006,https://doi.org/10.12677/GSER.2022.111006,True,high,DOI,10.12677/GSER.2022.111006,DOI
95,,3941337445.0,,0,0,0,普通用户,https://doi.org/10.12677/CSA.2022.123067,https://doi.org/10.12677/CSA.2022.123067,True,high,DOI,10.12677/CSA.2022.123067,DOI
96,,3941337445.0,,0,0,0,普通用户,https://doi.org/10.12677/IJM.2022.111003,https://doi.org/10.12677/IJM.2022.111003,True,high,DOI,10.12677/IJM.2022.111003,DOI
97,,2427364747.0,,0,0,0,蓝V,https://doi.org/10.1073/pnas.2100151119,https://doi.org/10.1073/pnas.2100151119,True,high,DOI,10.1073/pnas.2100151119,DOI
98,,3941337445.0,,0,0,0,普通用户,https://doi.org/10.12677/OJTT.2022.112007,https://doi.org/10.12677/OJTT.2022.112007,True,high,DOI,10.12677/OJTT.2022.112007,DOI
99,,3941337445.0,,0,0,0,普通用户,https://doi.org/10.12677/MSE.2022.111004,https://doi.org/10.12677/MSE.2022.111004,True,high,DOI,10.12677/MSE.2022.111004,DOI
100,,5633464636.0,,0,0,0,蓝V,http://doi.org/10.1016/j.celrep.2022.110593,http://doi.org/10.1016/j.celrep.2022.110593,True,high,DOI,10.1016/j.celrep.2022.110593,DOI
101,,3941337445.0,,0,0,0,普通用户,https://doi.org/10.12677/MET.2022.112017,https://doi.org/10.12677/MET.2022.112017,True,high,DOI,10.12677/MET.2022.112017,DOI
102,,3941337445.0,,0,0,0,普通用户,https://doi.org/10.12677/CSA.2022.124092,https://doi.org/10.12677/CSA.2022.124092,True,high,DOI,10.12677/CSA.2022.124092,DOI
103,,3941337445.0,,0,0,0,普通用户,https://doi.org/10.12677/OJSWC.2022.101002,https://doi.org/10.12677/OJSWC.2022.101002,True,high,DOI,10.12677/OJSWC.2022.101002,DOI
104,,3848350712.0,,0,0,0,蓝V,https://www.science.org/doi/10.1126/scirobotics.abj6660,https://www.science.org/doi/10.1126/scirobotics.abj6660,True,high,DOI,10.1126/scirobotics.abj6660,DOI
105,,7368530310.0,,0,0,0,蓝V,https://www.frontiersin.org/articles/10.3389/fevo.2022.887172/full,https://www.frontiersin.org/articles/10.3389/fevo.2022.887172/full,True,high,DOI,10.3389/fevo.2022.887172/full,DOI
106,,3941337445.0,,0,0,0,普通用户,https://doi.org/10.12677/TCM.2022.113058,https://doi.org/10.12677/TCM.2022.113058,True,high,DOI,10.12677/TCM.2022.113058,DOI
107,,1642632622.0,,0,0,0,蓝V,https://www.frontiersin.org/articles/10.3389/fevo.2022.887172/full,https://www.frontiersin.org/articles/10.3389/fevo.2022.887172/full,True,high,DOI,10.3389/fevo.2022.887172/full,DOI
108,,3941337445.0,,0,0,0,普通用户,https://doi.org/10.12677/AAM.2022.115291,https://doi.org/10.12677/AAM.2022.115291,True,high,DOI,10.12677/AAM.2022.115291,DOI
109,,3941337445.0,,0,0,0,普通用户,https://doi.org/10.12677/HJCE.2022.114068,https://doi.org/10.12677/HJCE.2022.114068,True,high,DOI,10.12677/HJCE.2022.114068,DOI
110,,1810582730.0,,0,0,0,黄V,https://arxiv.org/pdf/2205.01068.pdf,https://arxiv.org/pdf/2205.01068.pdf,True,high,arXiv,,arXiv
111,,3941337445.0,,0,0,0,普通用户,https://doi.org/10.12677/AEPE.2022.102008,https://doi.org/10.12677/AEPE.2022.102008,True,high,DOI,10.12677/AEPE.2022.102008,DOI
112,,1894295570.0,,0,0,0,蓝V,https://www.scirp.org/journal/paperinformation.aspx?paperid=116967&utm_campaign=weibo&utm_medium=chenling,https://www.scirp.org/journal/paperinformation.aspx?paperid=116967&utm_campaign=weibo&utm_medium=chenling,True,high,SCIRP 美国科研出版社,,SCIRP 美国科研出版社
113,,3941337445.0,,0,0,0,普通用户,https://doi.org/10.12677/MET.2022.112022,https://doi.org/10.12677/MET.2022.112022,True,high,DOI,10.12677/MET.2022.112022,DOI
114,,3254679103.0,,0,0,0,蓝V,https://journals.plos.org/plosone/article?id=10.1371/journal.pone.0266026,https://journals.plos.org/plosone/article?id=10.1371/journal.pone.0266026,True,high,DOI,10.1371/journal.pone.0266026,DOI
115,,3941337445.0,,0,0,0,普通用户,https://doi.org/10.12677/AEP.2022.122044,https://doi.org/10.12677/AEP.2022.122044,True,high,DOI,10.12677/AEP.2022.122044,DOI
116,,3941337445.0,,0,0,0,普通用户,https://doi.org/10.12677/HJDM.2022.123022,https://doi.org/10.12677/HJDM.2022.123022,True,high,DOI,10.12677/HJDM.2022.123022,DOI
117,,3941337445.0,,0,0,0,普通用户,https://doi.org/10.12677/AEP.2022.123065,https://doi.org/10.12677/AEP.2022.123065,True,high,DOI,10.12677/AEP.2022.123065,DOI
118,,3710258141.0,,0,0,0,金V,https://journals.aps.org/prl/abstract/10.1103/PhysRevLett.128.233201,https://journals.aps.org/prl/abstract/10.1103/PhysRevLett.128.233201,True,high,DOI,10.1103/PhysRevLett.128.233201,DOI
118,,3710258141.0,,0,0,0,金V,https://www.nature.com/articles/s41567-021-01392-z,https://www.nature.com/articles/s41567-021-01392-z,True,high,Nature,,Nature
119,,3941337445.0,,0,0,0,普通用户,https://doi.org/10.12677/IJM.2022.112004,https://doi.org/10.12677/IJM.2022.112004,True,high,DOI,10.12677/IJM.2022.112004,DOI
120,,3941337445.0,,0,0,0,普通用户,https://doi.org/10.12677/JSST.2022.102007,https://doi.org/10.12677/JSST.2022.102007,True,high,DOI,10.12677/JSST.2022.102007,DOI
121,,3941337445.0,,0,0,0,普通用户,https://doi.org/10.12677/AG.2022.125066,https://doi.org/10.12677/AG.2022.125066,True,high,DOI,10.12677/AG.2022.125066,DOI
122,,3941337445.0,,0,0,0,普通用户,https://doi.org/10.12677/ORF.2022.122052,https://doi.org/10.12677/ORF.2022.122052,True,high,DOI,10.12677/ORF.2022.122052,DOI
123,,1729014640.0,,0,0,0,蓝V,https://www.nature.com/articles/s41592-022-01540-0,https://www.nature.com/articles/s41592-022-01540-0,True,high,Nature,,Nature
124,,2427364747.0,,0,0,0,蓝V,https://www.nature.com/articles/s41592-022-01540-0,https://www.nature.com/articles/s41592-022-01540-0,True,high,Nature,,Nature
125,,3710258141.0,,0,0,0,金V,https://www.science.org/doi/10.1126/science.abl6277,https://www.science.org/doi/10.1126/science.abl6277,True,high,DOI,10.1126/science.abl6277,DOI
126,,1855567811.0,,0,0,0,蓝V,https://www.sciencedirect.com/science/article/abs/pii/S0341816222000649?via%3Dihub=,https://www.sciencedirect.com/science/article/abs/pii/S0341816222000649?via=ihub=,True,high,Elsevier,,Elsevier
127,,3941337445.0,,0,0,0,普通用户,https://doi.org/10.12677/SG.2022.123011,https://doi.org/10.12677/SG.2022.123011,True,high,DOI,10.12677/SG.2022.123011,DOI
128,,3941337445.0,,0,0,0,普通用户,https://doi.org/10.12677/OJTT.2022.114037,https://doi.org/10.12677/OJTT.2022.114037,True,high,DOI,10.12677/OJTT.2022.114037,DOI
129,,2794083144.0,,0,0,0,蓝V,https://doi.org/10.1038/s41467-022-31201-x,https://doi.org/10.1038/s41467-022-31201-x,True,high,DOI,10.1038/s41467-022-31201-x,DOI
130,,3941337445.0,,0,0,0,普通用户,https://doi.org/10.12677/MET.2022.113030,https://doi.org/10.12677/MET.2022.113030,True,high,DOI,10.12677/MET.2022.113030,DOI
131,,2427364747.0,,0,0,0,蓝V,https://www.nature.com/articles/s41567-022-01706-9,https://www.nature.com/articles/s41567-022-01706-9,True,high,Nature,,Nature
132,,3941337445.0,,0,0,0,普通用户,https://doi.org/10.12677/ORF.2022.123114,https://doi.org/10.12677/ORF.2022.123114,True,high,DOI,10.12677/ORF.2022.123114,DOI
133,,3941337445.0,,0,0,0,普通用户,https://doi.org/10.12677/ACM.2022.1281129,https://doi.org/10.12677/ACM.2022.1281129,True,high,DOI,10.12677/ACM.2022.1281129,DOI
134,,1729014640.0,,0,0,0,蓝V,https://www.nature.com/articles/s41567-022-01706-9,https://www.nature.com/articles/s41567-022-01706-9,True,high,Nature,,Nature
135,,3941337445.0,,0,0,0,普通用户,https://doi.org/10.12677/SG.2022.124012,https://doi.org/10.12677/SG.2022.124012,True,high,DOI,10.12677/SG.2022.124012,DOI
136,,3941337445.0,,0,0,0,普通用户,https://doi.org/10.12677/AIRR.2022.113025,https://doi.org/10.12677/AIRR.2022.113025,True,high,DOI,10.12677/AIRR.2022.113025,DOI
137,,3941337445.0,,0,0,0,普通用户,https://doi.org/10.12677/ASS.2022.118425,https://doi.org/10.12677/ASS.2022.118425,True,high,DOI,10.12677/ASS.2022.118425,DOI
138,,1855567811.0,,0,0,0,蓝V,https://www.sciencedirect.com/science/article/pii/S0022169422010307?dgcid=author,https://www.sciencedirect.com/science/article/pii/S0022169422010307?dgcid=author,True,high,SPRINGER,,SPRINGER
139,,1729014640.0,,0,0,0,蓝V,https://www.science.org/doi/10.1126/science.abn3315,https://www.science.org/doi/10.1126/science.abn3315,True,high,DOI,10.1126/science.abn3315,DOI
140,,6890507718.0,,0,0,0,蓝V,https://link.cnki.net/doi/10.13587/j.cnki.jieem.2022.04.001,https://link.cnki.net/doi/10.13587/j.cnki.jieem.2022.04.001,True,high,DOI,10.13587/j.cnki.jieem.2022.04.001,DOI
141,,2427364747.0,,0,0,0,蓝V,https://www.science.org/doi/10.1126/science.abn3315,https://www.science.org/doi/10.1126/science.abn3315,True,high,DOI,10.1126/science.abn3315,DOI
142,,3941337445.0,,0,0,0,普通用户,https://doi.org/10.12677/MOS.2022.115120,https://doi.org/10.12677/MOS.2022.115120,True,high,DOI,10.12677/MOS.2022.115120,DOI
143,,3941337445.0,,0,0,0,普通用户,https://doi.org/10.12677/AAM.2022.119647,https://doi.org/10.12677/AAM.2022.119647,True,high,DOI,10.12677/AAM.2022.119647,DOI
144,,3941337445.0,,0,0,0,普通用户,https://doi.org/10.12677/AAM.2022.118643,https://doi.org/10.12677/AAM.2022.118643,True,high,DOI,10.12677/AAM.2022.118643,DOI
145,,3941337445.0,,0,0,0,普通用户,https://doi.org/10.12677/MSE.2022.113039,https://doi.org/10.12677/MSE.2022.113039,True,high,DOI,10.12677/MSE.2022.113039,DOI
146,,3941337445.0,,0,0,0,普通用户,https://doi.org/10.12677/SA.2022.114103,https://doi.org/10.12677/SA.2022.114103,True,high,DOI,10.12677/SA.2022.114103,DOI
147,,3941337445.0,,0,0,0,普通用户,https://doi.org/10.12677/AAM.2022.1110774,https://doi.org/10.12677/AAM.2022.1110774,True,high,DOI,10.12677/AAM.2022.1110774,DOI
148,,6890507718.0,,0,0,0,蓝V,https://link.cnki.net/doi/10.13587/j.cnki.jieem.2022.04.001,https://link.cnki.net/doi/10.13587/j.cnki.jieem.2022.04.001,True,high,DOI,10.13587/j.cnki.jieem.2022.04.001,DOI
149,,5976873363.0,,0,0,0,普通用户,https://doi.org/10.1175/JAS-D-22-0065.1,https://doi.org/10.1175/JAS-D-22-0065.1,True,high,DOI,10.1175/JAS-D-22-0065.1,DOI
150,,3941337445.0,,0,0,0,普通用户,https://doi.org/10.12677/OJSWC.2022.103006,https://doi.org/10.12677/OJSWC.2022.103006,True,high,DOI,10.12677/OJSWC.2022.103006,DOI
151,,3710258141.0,,0,0,0,金V,https://www.sciencedirect.com/science/article/abs/pii/S0094576519312457,https://www.sciencedirect.com/science/article/abs/pii/S0094576519312457,True,high,Elsevier,,Elsevier
152,,3941337445.0,,0,0,0,普通用户,https://doi.org/10.12677/AAM.2022.1111833,https://doi.org/10.12677/AAM.2022.1111833,True,high,DOI,10.12677/AAM.2022.1111833,DOI
153,,3941337445.0,,0,0,0,普通用户,https://doi.org/10.12677/AG.2022.1211134,https://doi.org/10.12677/AG.2022.1211134,True,high,DOI,10.12677/AG.2022.1211134,DOI
154,,3941337445.0,,0,0,0,普通用户,https://doi.org/10.12677/AAM.2022.1111811,https://doi.org/10.12677/AAM.2022.1111811,True,high,DOI,10.12677/AAM.2022.1111811,DOI
155,,3941337445.0,,0,0,0,普通用户,https://doi.org/10.12677/AIRR.2022.114037,https://doi.org/10.12677/AIRR.2022.114037,True,high,DOI,10.12677/AIRR.2022.114037,DOI
156,,2427364747.0,,0,0,0,蓝V,https://www.nature.com/articles/s41586-022-05649-2,https://www.nature.com/articles/s41586-022-05649-2,True,high,Nature,,Nature
157,,3941337445.0,,0,0,0,普通用户,https://doi.org/10.12677/AP.2022.1212499,https://doi.org/10.12677/AP.2022.1212499,True,high,DOI,10.12677/AP.2022.1212499,DOI
158,,3941337445.0,,0,0,0,普通用户,https://doi.org/10.12677/CSA.2022.1212269,https://doi.org/10.12677/CSA.2022.1212269,True,high,DOI,10.12677/CSA.2022.1212269,DOI
159,,3941337445.0,,0,0,0,普通用户,https://doi.org/10.12677/PM.2022.1212223,https://doi.org/10.12677/PM.2022.1212223,True,high,DOI,10.12677/PM.2022.1212223,DOI
160,,5341251100.0,,0,0,0,蓝V,https://doi.org/10.1007/s00376-022-2147-6,https://doi.org/10.1007/s00376-022-2147-6,True,high,DOI,10.1007/s00376-022-2147-6,DOI
160,,5341251100.0,,0,0,0,蓝V,http://www.iapjournals.ac.cn/aas/en/article/doi/10.1007/s00376-022-2147-6,http://www.iapjournals.ac.cn/aas/en/article/doi/10.1007/s00376-022-2147-6,True,high,DOI,10.1007/s00376-022-2147-6,DOI
161,,3710258141.0,,0,0,0,金V,https://www.nature.com/articles/s41422-021-00476-y,https://www.nature.com/articles/s41422-021-00476-y,True,high,Nature,,Nature
161,,3710258141.0,,0,0,0,金V,https://www.nature.com/articles/s41422-021-00532-7,https://www.nature.com/articles/s41422-021-00532-7,True,high,Nature,,Nature
161,,3710258141.0,,0,0,0,金V,https://www.nature.com/articles/s41422-020-0389-3,https://www.nature.com/articles/s41422-020-0389-3,True,high,Nature,,Nature
162,,3941337445.0,,0,0,0,普通用户,https://doi.org/10.12677/HJAS.2022.1211164,https://doi.org/10.12677/HJAS.2022.1211164,True,high,DOI,10.12677/HJAS.2022.1211164,DOI
163,,1784264335.0,,0,0,0,普通用户,https://doi.org/10.1016/j.cell.2022.09.018,https://doi.org/10.1016/j.cell.2022.09.018,True,high,DOI,10.1016/j.cell.2022.09.018,DOI
164,,3710258141.0,,0,0,0,金V,https://www.sciencedirect.com/science/article/abs/pii/S0094576519312457,https://www.sciencedirect.com/science/article/abs/pii/S0094576519312457,True,high,Elsevier,,Elsevier
165,,5866398242.0,,0,0,0,普通用户,https://doi.org/10.3390/ijerph192113920,https://doi.org/10.3390/ijerph192113920,True,high,DOI,10.3390/ijerph192113920,DOI
166,,3941337445.0,,0,0,0,普通用户,https://doi.org/10.12677/CCRL.2022.116113,https://doi.org/10.12677/CCRL.2022.116113,True,high,DOI,10.12677/CCRL.2022.116113,DOI
167,,3941337445.0,,0,0,0,普通用户,https://doi.org/10.12677/CSA.2022.1211263,https://doi.org/10.12677/CSA.2022.1211263,True,high,DOI,10.12677/CSA.2022.1211263,DOI
168,,3941337445.0,,0,0,0,普通用户,https://doi.org/10.12677/OJNS.2022.106125,https://doi.org/10.12677/OJNS.2022.106125,True,high,DOI,10.12677/OJNS.2022.106125,DOI
169,,5341251100.0,,0,0,0,蓝V,https://doi.org/10.3390/rs14194990,https://doi.org/10.3390/rs14194990,True,high,DOI,10.3390/rs14194990,DOI
170,,3941337445.0,,0,0,0,普通用户,https://doi.org/10.12677/CCRL.2022.116108,https://doi.org/10.12677/CCRL.2022.116108,True,high,DOI,10.12677/CCRL.2022.116108,DOI
171,,3941337445.0,,0,0,0,普通用户,https://doi.org/10.12677/HJCE.2022.1111139,https://doi.org/10.12677/HJCE.2022.1111139,True,high,DOI,10.12677/HJCE.2022.1111139,DOI
172,,3941337445.0,,0,0,0,普通用户,https://doi.org/10.12677/MOS.2022.116152,https://doi.org/10.12677/MOS.2022.116152,True,high,DOI,10.12677/MOS.2022.116152,DOI
173,,3710258141.0,,0,0,0,金V,https://spj.science.org/doi/10.34133/icomputing.0006,https://spj.science.org/doi/10.34133/icomputing.0006,True,high,DOI,10.34133/icomputing.0006,DOI
174,,3941337445.0,,0,0,0,普通用户,https://doi.org/10.12677/SEA.2022.116151,https://doi.org/10.12677/SEA.2022.116151,True,high,DOI,10.12677/SEA.2022.116151,DOI
175,,3941337445.0,,0,0,0,普通用户,https://doi.org/10.12677/MSE.2022.114083,https://doi.org/10.12677/MSE.2022.114083,True,high,DOI,10.12677/MSE.2022.114083,DOI
176,,3941337445.0,,0,0,0,普通用户,https://doi.org/10.12677/JWRR.2022.116064,https://doi.org/10.12677/JWRR.2022.116064,True,high,DOI,10.12677/JWRR.2022.116064,DOI
177,,3941337445.0,,0,0,0,普通用户,https://doi.org/10.12677/GSER.2022.116063,https://doi.org/10.12677/GSER.2022.116063,True,high,DOI,10.12677/GSER.2022.116063,DOI
178,,3941337445.0,,0,0,0,普通用户,https://doi.org/10.12677/SEA.2022.116139,https://doi.org/10.12677/SEA.2022.116139,True,high,DOI,10.12677/SEA.2022.116139,DOI
179,,3941337445.0,,0,0,0,普通用户,https://doi.org/10.12677/SA.2023.121012,https://doi.org/10.12677/SA.2023.121012,True,high,DOI,10.12677/SA.2023.121012,DOI
180,,3941337445.0,,0,0,0,普通用户,https://doi.org/10.12677/HJCE.2023.122014,https://doi.org/10.12677/HJCE.2023.122014,True,high,DOI,10.12677/HJCE.2023.122014,DOI
181,,2427364747.0,,0,0,0,蓝V,https://doi.org/10.1093/nar/gkad074,https://doi.org/10.1093/nar/gkad074,True,high,DOI,10.1093/nar/gkad074,DOI
182,,1729014640.0,,0,0,0,蓝V,https://www.science.org/doi/10.1126/sciadv.add7082,https://www.science.org/doi/10.1126/sciadv.add7082,True,high,DOI,10.1126/sciadv.add7082,DOI
183,,3941337445.0,,0,0,0,普通用户,https://doi.org/10.12677/SA.2023.121004,https://doi.org/10.12677/SA.2023.121004,True,high,DOI,10.12677/SA.2023.121004,DOI
184,,3941337445.0,,0,0,0,普通用户,https://doi.org/10.12677/HJDM.2023.131009,https://doi.org/10.12677/HJDM.2023.131009,True,high,DOI,10.12677/HJDM.2023.131009,DOI
185,,2427364747.0,,0,0,0,蓝V,https://doi.org/10.1016/j.earscirev.2022.104290,https://doi.org/10.1016/j.earscirev.2022.104290,True,high,DOI,10.1016/j.earscirev.2022.104290,DOI
186,,3941337445.0,,0,0,0,普通用户,https://doi.org/10.12677/DSC.2023.121002,https://doi.org/10.12677/DSC.2023.121002,True,high,DOI,10.12677/DSC.2023.121002,DOI
187,,3941337445.0,,0,0,0,普通用户,https://doi.org/10.12677/CSA.2023.132017,https://doi.org/10.12677/CSA.2023.132017,True,high,DOI,10.12677/CSA.2023.132017,DOI
188,,2131656731.0,,0,0,0,蓝V,https://doi.org/10.1039/D2NH00041E,https://doi.org/10.1039/D2NH00041E,True,high,DOI,10.1039/D2NH00041E,DOI
188,,2131656731.0,,0,0,0,蓝V,https://doi.org/10.1002/smll.202200016,https://doi.org/10.1002/smll.202200016,True,high,DOI,10.1002/smll.202200016,DOI
188,,2131656731.0,,0,0,0,蓝V,https://doi.org/10.1016/j.physa.2022.127733,https://doi.org/10.1016/j.physa.2022.127733,True,high,DOI,10.1016/j.physa.2022.127733,DOI
188,,2131656731.0,,0,0,0,蓝V,https://doi.org/10.1016/j.susc.2021.121919,https://doi.org/10.1016/j.susc.2021.121919,True,high,DOI,10.1016/j.susc.2021.121919,DOI
188,,2131656731.0,,0,0,0,蓝V,https://doi.org/10.1016/j.apsusc.2022.155912,https://doi.org/10.1016/j.apsusc.2022.155912,True,high,DOI,10.1016/j.apsusc.2022.155912,DOI
189,,1729014640.0,,0,0,0,蓝V,https://pubs.geoscienceworld.org/gsa/geology/article-abstract/doi/10.1130/G50835.1/620905/Did-nutrient-rich-oceans-fuel-Earth-s-oxygenationredirectedFrom=fulltext,https://pubs.geoscienceworld.org/gsa/geology/article-abstract/doi/10.1130/G50835.1/620905/Did-nutrient-rich-oceans-fuel-Earth-s-oxygenationredirectedFrom=fulltext,True,high,DOI,10.1130/G50835.1/620905/Did-nutrient-rich-oceans-fuel-Earth-s-oxygenationredirectedFrom=fulltext,DOI
190,,2076116525.0,,0,0,0,蓝V,https://www.tandfonline.com/doi/full/10.1080/07350015.2022.2039159?utm_source=Weibo&utm_medium=social&utm_campaign=JSB34628&utm_term=post,https://www.tandfonline.com/doi/full/10.1080/07350015.2022.2039159?utm_source=Weibo&utm_medium=social&utm_campaign=JSB34628&utm_term=post,True,high,DOI,10.1080/07350015.2022.2039159?utm_source=Weibo&utm_medium=social&utm_campaign=JSB34628&utm_term=post,DOI
191,,5484777364.0,,0,0,0,普通用户,https://doi.org/10.1039/D2LC00507G,https://doi.org/10.1039/D2LC00507G,True,high,DOI,10.1039/D2LC00507G,DOI
192,,3941337445.0,,0,0,0,普通用户,https://doi.org/10.12677/SD.2023.132065,https://doi.org/10.12677/SD.2023.132065,True,high,DOI,10.12677/SD.2023.132065,DOI
193,,5484777364.0,,0,0,0,普通用户,https://med.wanfangdata.com.cn/Paper/Detail?id=PeriodicalPaper_hqzyy201402024,https://med.wanfangdata.com.cn/Paper/Detail?id=PeriodicalPaper_hqzyy201402024,True,high,万方,,万方
194,,3941337445.0,,0,0,0,普通用户,https://doi.org/10.12677/MOS.2023.122110,https://doi.org/10.12677/MOS.2023.122110,True,high,DOI,10.12677/MOS.2023.122110,DOI
195,,3941337445.0,,0,0,0,普通用户,https://doi.org/10.12677/MOS.2023.122097,https://doi.org/10.12677/MOS.2023.122097,True,high,DOI,10.12677/MOS.2023.122097,DOI
196,,3941337445.0,,0,0,0,普通用户,https://doi.org/10.12677/MOS.2023.122063,https://doi.org/10.12677/MOS.2023.122063,True,high,DOI,10.12677/MOS.2023.122063,DOI
197,,3941337445.0,,0,0,0,普通用户,https://doi.org/10.12677/CES.2023.112055,https://doi.org/10.12677/CES.2023.112055,True,high,DOI,10.12677/CES.2023.112055,DOI
198,,3941337445.0,,0,0,0,普通用户,https://doi.org/10.12677/AAM.2023.122077,https://doi.org/10.12677/AAM.2023.122077,True,high,DOI,10.12677/AAM.2023.122077,DOI
199,,3941337445.0,,0,0,0,普通用户,https://doi.org/10.12677/PM.2023.132040,https://doi.org/10.12677/PM.2023.132040,True,high,DOI,10.12677/PM.2023.132040,DOI
200,,3941337445.0,,0,0,0,普通用户,https://doi.org/10.12677/ORF.2023.131041,https://doi.org/10.12677/ORF.2023.131041,True,high,DOI,10.12677/ORF.2023.131041,DOI
201,,3941337445.0,,0,0,0,普通用户,https://doi.org/10.12677/SEA.2023.121015,https://doi.org/10.12677/SEA.2023.121015,True,high,DOI,10.12677/SEA.2023.121015,DOI
202,,2794083144.0,,0,0,0,蓝V,https://www.nature.com/articles/s41392-022-01227-0,https://www.nature.com/articles/s41392-022-01227-0,True,high,Nature,,Nature
203,,3941337445.0,,0,0,0,普通用户,https://doi.org/10.12677/ORF.2023.131034,https://doi.org/10.12677/ORF.2023.131034,True,high,DOI,10.12677/ORF.2023.131034,DOI
204,,2427364747.0,,0,0,0,蓝V,https://www.nature.com/articles/s41586-023-05742-0,https://www.nature.com/articles/s41586-023-05742-0,True,high,Nature,,Nature
204,,2427364747.0,,0,0,0,蓝V,https://www.nature.com/articles/d41586-023-00599-9,https://www.nature.com/articles/d41586-023-00599-9,True,high,Nature,,Nature
205,,3941337445.0,,0,0,0,普通用户,https://doi.org/10.12677/MOS.2023.122080,https://doi.org/10.12677/MOS.2023.122080,True,high,DOI,10.12677/MOS.2023.122080,DOI
206,,2427364747.0,,0,0,0,蓝V,https://doi.org/10.1126/science.ade0805,https://doi.org/10.1126/science.ade0805,True,high,DOI,10.1126/science.ade0805,DOI
207,,3941337445.0,,0,0,0,普通用户,https://doi.org/10.12677/AAM.2023.122066,https://doi.org/10.12677/AAM.2023.122066,True,high,DOI,10.12677/AAM.2023.122066,DOI
208,,3941337445.0,,0,0,0,普通用户,https://doi.org/10.12677/MOS.2023.122100,https://doi.org/10.12677/MOS.2023.122100,True,high,DOI,10.12677/MOS.2023.122100,DOI
209,,3941337445.0,,0,0,0,普通用户,https://doi.org/10.12677/ORF.2023.131036,https://doi.org/10.12677/ORF.2023.131036,True,high,DOI,10.12677/ORF.2023.131036,DOI
210,,7523186814.0,,0,0,0,蓝V,https://arxiv.org/abs/2304.12298,https://arxiv.org/abs/2304.12298,True,high,arXiv,,arXiv
211,,3941337445.0,,0,0,0,普通用户,https://doi.org/10.12677/HJBM.2023.132018,https://doi.org/10.12677/HJBM.2023.132018,True,high,DOI,10.12677/HJBM.2023.132018,DOI
212,,3941337445.0,,0,0,0,普通用户,https://doi.org/10.12677/SEA.2023.122022,https://doi.org/10.12677/SEA.2023.122022,True,high,DOI,10.12677/SEA.2023.122022,DOI
213,,2427364747.0,,0,0,0,蓝V,https://doi.org/10.1016/j.cities.2023.104191,https://doi.org/10.1016/j.cities.2023.104191,True,high,DOI,10.1016/j.cities.2023.104191,DOI
214,,1870858943.0,,0,0,0,蓝V,https://www.aminer.cn/pub/6448967b71ac66d2cbd87df2/patch-based-d-natural-scene-generation-from-a-single-example?f=wb,https://www.aminer.cn/pub/6448967b71ac66d2cbd87df2/patch-based-d-natural-scene-generation-from-a-single-example?f=wb,True,high,AMiner,,AMiner
215,,3941337445.0,,0,0,0,普通用户,https://doi.org/10.12677/MSE.2023.122023,https://doi.org/10.12677/MSE.2023.122023,True,high,DOI,10.12677/MSE.2023.122023,DOI
216,,3941337445.0,,0,0,0,普通用户,https://doi.org/10.12677/HJCE.2023.123033,https://doi.org/10.12677/HJCE.2023.123033,True,high,DOI,10.12677/HJCE.2023.123033,DOI
217,,3941337445.0,,0,0,0,普通用户,https://doi.org/10.12677/IJM.2023.121005,https://doi.org/10.12677/IJM.2023.121005,True,high,DOI,10.12677/IJM.2023.121005,DOI
218,,3941337445.0,,0,0,0,普通用户,https://doi.org/10.12677/CSA.2023.133063,https://doi.org/10.12677/CSA.2023.133063,True,high,DOI,10.12677/CSA.2023.133063,DOI
219,,1870858943.0,,0,0,0,蓝V,https://www.aminer.cn/pub/647572e0d68f896efa7b79ab/raphael-text-to-image-generation-via-large-mixture-of-diffusion-paths?f=wb,https://www.aminer.cn/pub/647572e0d68f896efa7b79ab/raphael-text-to-image-generation-via-large-mixture-of-diffusion-paths?f=wb,True,high,AMiner,,AMiner
220,,3941337445.0,,0,0,0,普通用户,https://doi.org/10.12677/CSA.2023.135098,https://doi.org/10.12677/CSA.2023.135098,True,high,DOI,10.12677/CSA.2023.135098,DOI
221,,3941337445.0,,0,0,0,普通用户,https://doi.org/10.12677/OJTT.2023.123021,https://doi.org/10.12677/OJTT.2023.123021,True,high,DOI,10.12677/OJTT.2023.123021,DOI
222,,3941337445.0,,0,0,0,普通用户,https://doi.org/10.12677/SA.2023.122056,https://doi.org/10.12677/SA.2023.122056,True,high,DOI,10.12677/SA.2023.122056,DOI
223,,3941337445.0,,0,0,0,普通用户,https://doi.org/10.12677/CSA.2023.134088,https://doi.org/10.12677/CSA.2023.134088,True,high,DOI,10.12677/CSA.2023.134088,DOI
224,,3941337445.0,,0,0,0,普通用户,https://doi.org/10.12677/CES.2023.114130,https://doi.org/10.12677/CES.2023.114130,True,high,DOI,10.12677/CES.2023.114130,DOI
225,,3941337445.0,,0,0,0,普通用户,https://doi.org/10.12677/MOS.2023.123185,https://doi.org/10.12677/MOS.2023.123185,True,high,DOI,10.12677/MOS.2023.123185,DOI
226,,3941337445.0,,0,0,0,普通用户,https://doi.org/10.12677/MOS.2023.123215,https://doi.org/10.12677/MOS.2023.123215,True,high,DOI,10.12677/MOS.2023.123215,DOI
227,,3941337445.0,,0,0,0,普通用户,https://doi.org/10.12677/MOS.2023.123167,https://doi.org/10.12677/MOS.2023.123167,True,high,DOI,10.12677/MOS.2023.123167,DOI
228,,1465107390.0,,0,0,0,普通用户,https://arxiv.org/abs/2303.18223,https://arxiv.org/abs/2303.18223,True,high,arXiv,,arXiv
229,,3941337445.0,,0,0,0,普通用户,https://doi.org/10.12677/MM.2023.134052,https://doi.org/10.12677/MM.2023.134052,True,high,DOI,10.12677/MM.2023.134052,DOI
230,,1727858283.0,,0,0,0,金V,https://arxiv.org/abs/2303.18223,https://arxiv.org/abs/2303.18223,True,high,arXiv,,arXiv
231,,1870858943.0,,0,0,0,蓝V,https://www.aminer.cn/pub/645c5e48d68f896efa22cf63/videochat-chat-centric-video-understanding?f=wb,https://www.aminer.cn/pub/645c5e48d68f896efa22cf63/videochat-chat-centric-video-understanding?f=wb,True,high,AMiner,,AMiner
232,,3941337445.0,,0,0,0,普通用户,https://doi.org/10.12677/BGlo.2023.112005,https://doi.org/10.12677/BGlo.2023.112005,True,high,DOI,10.12677/BGlo.2023.112005,DOI
233,,1699526244.0,,0,0,0,普通用户,https://doi.org/10.1038/s41586-023-06308-w,https://doi.org/10.1038/s41586-023-06308-w,True,high,DOI,10.1038/s41586-023-06308-w,DOI
234,,2427364747.0,,0,0,0,蓝V,https://doi.org/10.1038/s41586-023-06308-w,https://doi.org/10.1038/s41586-023-06308-w,True,high,DOI,10.1038/s41586-023-06308-w,DOI
235,,1729014640.0,,0,0,0,蓝V,https://doi.org/10.1038/s41586-023-06308-w,https://doi.org/10.1038/s41586-023-06308-w,True,high,DOI,10.1038/s41586-023-06308-w,DOI
236,,7523186814.0,,0,0,0,蓝V,https://arxiv.org/abs/2306.10012,https://arxiv.org/abs/2306.10012,True,high,arXiv,,arXiv
237,,1870858943.0,,0,0,0,蓝V,https://www.aminer.cn/pub/648fd298d68f896efa163b39/full-parameter-fine-tuning-for-large-language-models-with-limited-resources,https://www.aminer.cn/pub/648fd298d68f896efa163b39/full-parameter-fine-tuning-for-large-language-models-with-limited-resources,True,high,AMiner,,AMiner
238,,7523186814.0,,0,0,0,蓝V,https://arxiv.org/abs/2306.13549,https://arxiv.org/abs/2306.13549,True,high,arXiv,,arXiv
239,,1918726583.0,,0,0,0,普通用户,https://link.cnki.net/doi/10.13822/j.cnki.hxsj.2023.0006,https://link.cnki.net/doi/10.13822/j.cnki.hxsj.2023.0006,True,high,DOI,10.13822/j.cnki.hxsj.2023.0006,DOI
240,,2427364747.0,,0,0,0,蓝V,https://www.nature.com/articles/s41593-023-01358-9,https://www.nature.com/articles/s41593-023-01358-9,True,high,Nature,,Nature
241,,3941337445.0,,0,0,0,普通用户,https://doi.org/10.12677/MOS.2023.123287,https://doi.org/10.12677/MOS.2023.123287,True,high,DOI,10.12677/MOS.2023.123287,DOI
242,,1729014640.0,,0,0,0,蓝V,https://doi.org/10.1103/PhysRevLett.130.190601,https://doi.org/10.1103/PhysRevLett.130.190601,True,high,DOI,10.1103/PhysRevLett.130.190601,DOI
243,,2076116525.0,,0,0,0,蓝V,https://www.tandfonline.com/doi/full/10.1080/09064710.2021.2005820?utm_source=Weibo&utm_medium=social&utm_campaign=JSF36380&utm_term=post,https://www.tandfonline.com/doi/full/10.1080/09064710.2021.2005820?utm_source=Weibo&utm_medium=social&utm_campaign=JSF36380&utm_term=post,True,high,DOI,10.1080/09064710.2021.2005820?utm_source=Weibo&utm_medium=social&utm_campaign=JSF36380&utm_term=post,DOI
244,,3941337445.0,,0,0,0,普通用户,https://doi.org/10.12677/MET.2023.123031,https://doi.org/10.12677/MET.2023.123031,True,high,DOI,10.12677/MET.2023.123031,DOI
245,,3941337445.0,,0,0,0,普通用户,https://doi.org/10.12677/MOS.2023.123279,https://doi.org/10.12677/MOS.2023.123279,True,high,DOI,10.12677/MOS.2023.123279,DOI
246,,1729014640.0,,0,0,0,蓝V,https://www.nature.com/articles/s41586-023-06098-1,https://www.nature.com/articles/s41586-023-06098-1,True,high,Nature,,Nature
247,,1729014640.0,,0,0,0,蓝V,https://www.science.org/doi/10.1126/sciadv.adg0095,https://www.science.org/doi/10.1126/sciadv.adg0095,True,high,DOI,10.1126/sciadv.adg0095,DOI
248,,3941337445.0,,0,0,0,普通用户,https://doi.org/10.12677/MOS.2023.123281,https://doi.org/10.12677/MOS.2023.123281,True,high,DOI,10.12677/MOS.2023.123281,DOI
249,,3941337445.0,,0,0,0,普通用户,https://doi.org/10.12677/FIN.2023.133061,https://doi.org/10.12677/FIN.2023.133061,True,high,DOI,10.12677/FIN.2023.133061,DOI
250,,7523186814.0,,0,0,0,蓝V,https://arxiv.org/abs/2305.13579v1,https://arxiv.org/abs/2305.13579v1,True,high,arXiv,,arXiv
251,,7523186814.0,,0,0,0,蓝V,https://arxiv.org/abs/2306.14824,https://arxiv.org/abs/2306.14824,True,high,arXiv,,arXiv
252,,7523186814.0,,0,0,0,蓝V,https://arxiv.org/abs/2306.14435,https://arxiv.org/abs/2306.14435,True,high,arXiv,,arXiv
253,,3710258141.0,,0,0,0,金V,https://journals.aps.org/prl/abstract/10.1103/PhysRevLett.130.190601,https://journals.aps.org/prl/abstract/10.1103/PhysRevLett.130.190601,True,high,DOI,10.1103/PhysRevLett.130.190601,DOI
254,,5866398242.0,,0,0,0,普通用户,https://doi.org/10.1186/s41021-023-00276-3,https://doi.org/10.1186/s41021-023-00276-3,True,high,DOI,10.1186/s41021-023-00276-3,DOI
255,,3710258141.0,,0,0,0,金V,https://journals.aps.org/rmp/abstract/10.1103/RevModPhys.94.035001,https://journals.aps.org/rmp/abstract/10.1103/RevModPhys.94.035001,True,high,DOI,10.1103/RevModPhys.94.035001,DOI
256,,3941337445.0,,0,0,0,普通用户,https://doi.org/10.12677/HJDM.2023.133025,https://doi.org/10.12677/HJDM.2023.133025,True,high,DOI,10.12677/HJDM.2023.133025,DOI
257,,3941337445.0,,0,0,0,普通用户,https://doi.org/10.12677/MOS.2023.124315,https://doi.org/10.12677/MOS.2023.124315,True,high,DOI,10.12677/MOS.2023.124315,DOI
258,,7523186814.0,,0,0,0,蓝V,https://arxiv.org/abs/2307.05300,https://arxiv.org/abs/2307.05300,True,high,arXiv,,arXiv
259,,7523186814.0,,0,0,0,蓝V,https://arxiv.org/abs/2307.04349,https://arxiv.org/abs/2307.04349,True,high,arXiv,,arXiv
260,,7523186814.0,,0,0,0,蓝V,https://arxiv.org/abs/2307.09288,https://arxiv.org/abs/2307.09288,True,high,arXiv,,arXiv
261,,5866398242.0,,0,0,0,普通用户,https://doi.org/10.1093/molbev/msad151,https://doi.org/10.1093/molbev/msad151,True,high,DOI,10.1093/molbev/msad151,DOI
261,,5866398242.0,,0,0,0,普通用户,https://academic.oup.com/mbe/advance-article/doi/10.1093/molbev/msad151/7219670,https://academic.oup.com/mbe/advance-article/doi/10.1093/molbev/msad151/7219670,True,high,DOI,10.1093/molbev/msad151/7219670,DOI
261,,5866398242.0,,0,0,0,普通用户,https://doi.org/10.1093/dnares/dsad015,https://doi.org/10.1093/dnares/dsad015,True,high,DOI,10.1093/dnares/dsad015,DOI
261,,5866398242.0,,0,0,0,普通用户,https://academic.oup.com/dnaresearch/advance-article/doi/10.1093/dnares/dsad015/7199341,https://academic.oup.com/dnaresearch/advance-article/doi/10.1093/dnares/dsad015/7199341,True,high,DOI,10.1093/dnares/dsad015/7199341,DOI
262,,3710258141.0,,0,0,0,金V,https://journals.aps.org/prl/abstract/10.1103/PhysRevLett.131.050401,https://journals.aps.org/prl/abstract/10.1103/PhysRevLett.131.050401,True,high,DOI,10.1103/PhysRevLett.131.050401,DOI
263,,3941337445.0,,0,0,0,普通用户,https://doi.org/10.12677/HJCE.2023.128131,https://doi.org/10.12677/HJCE.2023.128131,True,high,DOI,10.12677/HJCE.2023.128131,DOI
264,,3941337445.0,,0,0,0,普通用户,https://doi.org/10.12677/CSA.2023.138152,https://doi.org/10.12677/CSA.2023.138152,True,high,DOI,10.12677/CSA.2023.138152,DOI
265,,3941337445.0,,0,0,0,普通用户,https://doi.org/10.12677/CCRL.2023.125086,https://doi.org/10.12677/CCRL.2023.125086,True,high,DOI,10.12677/CCRL.2023.125086,DOI
266,,3941337445.0,,0,0,0,普通用户,https://doi.org/10.12677/JSST.2023.113003,https://doi.org/10.12677/JSST.2023.113003,True,high,DOI,10.12677/JSST.2023.113003,DOI
267,,3941337445.0,,0,0,0,普通用户,https://doi.org/10.12677/ORF.2023.134322,https://doi.org/10.12677/ORF.2023.134322,True,high,DOI,10.12677/ORF.2023.134322,DOI
268,,3941337445.0,,0,0,0,普通用户,https://doi.org/10.12677/AP.2023.138434,https://doi.org/10.12677/AP.2023.138434,True,high,DOI,10.12677/AP.2023.138434,DOI
269,,3941337445.0,,0,0,0,普通用户,https://doi.org/10.12677/SA.2023.124102,https://doi.org/10.12677/SA.2023.124102,True,high,DOI,10.12677/SA.2023.124102,DOI
270,,3941337445.0,,0,0,0,普通用户,https://doi.org/10.12677/ORF.2023.134300,https://doi.org/10.12677/ORF.2023.134300,True,high,DOI,10.12677/ORF.2023.134300,DOI
271,,7731301380.0,,0,0,0,红V,https://www.pnas.org/doi/10.1073/pnas.2307372120,https://www.pnas.org/doi/10.1073/pnas.2307372120,True,high,DOI,10.1073/pnas.2307372120,DOI
272,,3941337445.0,,0,0,0,普通用户,https://doi.org/10.12677/SD.2023.134151,https://doi.org/10.12677/SD.2023.134151,True,high,DOI,10.12677/SD.2023.134151,DOI
273,,6890507718.0,,0,0,0,蓝V,https://www.zjujournals.com/sci/CN/10.3785/j.issn.1008-9497.2023.03.010,https://www.zjujournals.com/sci/CN/10.3785/j.issn.1008-9497.2023.03.010,True,high,DOI,10.3785/j.issn.1008-9497.2023.03.010,DOI
274,,5329434101.0,,0,0,0,蓝V,https://www.nature.com/articles/d41586-023-02477-w?utm_medium=organic_social&utm_source=wechat&utm_campaign=CONR_PF020_ENGM_AP_CNCM_002EB_weeklybrf,https://www.nature.com/articles/d41586-023-02477-w?utm_medium=organic_social&utm_source=wechat&utm_campaign=CONR_PF020_ENGM_AP_CNCM_002EB_weeklybrf,True,high,Nature,,Nature
275,,3941337445.0,,0,0,0,普通用户,https://doi.org/10.12677/FIN.2023.135120,https://doi.org/10.12677/FIN.2023.135120,True,high,DOI,10.12677/FIN.2023.135120,DOI
276,,6433304918.0,,0,0,0,蓝V,https://arxiv.org/pdf/2308.13418v1.pdf,https://arxiv.org/pdf/2308.13418v1.pdf,True,high,arXiv,,arXiv
277,,3941337445.0,,0,0,0,普通用户,https://doi.org/10.12677/AE.2023.1391078,https://doi.org/10.12677/AE.2023.1391078,True,high,DOI,10.12677/AE.2023.1391078,DOI
278,,3941337445.0,,0,0,0,普通用户,https://doi.org/10.12677/MOS.2023.125399,https://doi.org/10.12677/MOS.2023.125399,True,high,DOI,10.12677/MOS.2023.125399,DOI
279,,3941337445.0,,0,0,0,普通用户,https://doi.org/10.12677/OJNS.2023.115102,https://doi.org/10.12677/OJNS.2023.115102,True,high,DOI,10.12677/OJNS.2023.115102,DOI
280,,3941337445.0,,0,0,0,普通用户,https://doi.org/10.12677/CSA.2023.139168,https://doi.org/10.12677/CSA.2023.139168,True,high,DOI,10.12677/CSA.2023.139168,DOI
281,,3941337445.0,,0,0,0,普通用户,https://doi.org/10.12677/CSA.2023.138159,https://doi.org/10.12677/CSA.2023.138159,True,high,DOI,10.12677/CSA.2023.138159,DOI
282,,3941337445.0,,0,0,0,普通用户,https://doi.org/10.12677/SA.2023.124114,https://doi.org/10.12677/SA.2023.124114,True,high,DOI,10.12677/SA.2023.124114,DOI
283,,3941337445.0,,0,0,0,普通用户,https://doi.org/10.12677/MET.2023.124045,https://doi.org/10.12677/MET.2023.124045,True,high,DOI,10.12677/MET.2023.124045,DOI
284,,3941337445.0,,0,0,0,普通用户,https://doi.org/10.12677/SA.2023.124111,https://doi.org/10.12677/SA.2023.124111,True,high,DOI,10.12677/SA.2023.124111,DOI
285,,6433304918.0,,0,0,0,蓝V,https://arxiv.org/pdf/2310.03744.pdf,https://arxiv.org/pdf/2310.03744.pdf,True,high,arXiv,,arXiv
286,,3941337445.0,,0,0,0,普通用户,https://doi.org/10.12677/ORF.2023.135473,https://doi.org/10.12677/ORF.2023.135473,True,high,DOI,10.12677/ORF.2023.135473,DOI
287,,3941337445.0,,0,0,0,普通用户,https://doi.org/10.12677/ORF.2023.135519,https://doi.org/10.12677/ORF.2023.135519,True,high,DOI,10.12677/ORF.2023.135519,DOI
288,,6890507718.0,,0,0,0,蓝V,https://kns.cnki.net/kcms/detail/33.1245.T.20230630.1740.002.html,https://kns.cnki.net/kcms/detail/33.1245.T.20230630.1740.002.html,True,high,CNKI,,CNKI
289,,3941337445.0,,0,0,0,普通用户,https://doi.org/10.12677/AG.2023.139106,https://doi.org/10.12677/AG.2023.139106,True,high,DOI,10.12677/AG.2023.139106,DOI
290,,3941337445.0,,0,0,0,普通用户,https://doi.org/10.12677/JEE.2023.113016,https://doi.org/10.12677/JEE.2023.113016,True,high,DOI,10.12677/JEE.2023.113016,DOI
291,,3941337445.0,,0,0,0,普通用户,https://doi.org/10.12677/AAM.2023.1210417,https://doi.org/10.12677/AAM.2023.1210417,True,high,DOI,10.12677/AAM.2023.1210417,DOI
292,,3971578774.0,,0,0,0,蓝V,https://onlinelibrary.wiley.com/doi/10.1002/anie.202314052,https://onlinelibrary.wiley.com/doi/10.1002/anie.202314052,True,high,DOI,10.1002/anie.202314052,DOI
293,,3941337445.0,,0,0,0,普通用户,https://doi.org/10.12677/MOS.2023.126482,https://doi.org/10.12677/MOS.2023.126482,True,high,DOI,10.12677/MOS.2023.126482,DOI
294,,3941337445.0,,0,0,0,普通用户,https://doi.org/10.12677/OJNS.2023.116110,https://doi.org/10.12677/OJNS.2023.116110,True,high,DOI,10.12677/OJNS.2023.116110,DOI
295,,6890507718.0,,0,0,0,蓝V,https://doi.org/10.1007/s12519-023-00743-5,https://doi.org/10.1007/s12519-023-00743-5,True,high,DOI,10.1007/s12519-023-00743-5,DOI
296,,3941337445.0,,0,0,0,普通用户,https://doi.org/10.12677/SA.2023.125149,https://doi.org/10.12677/SA.2023.125149,True,high,DOI,10.12677/SA.2023.125149,DOI
297,,2092965653.0,,0,0,0,蓝V,https://doi.org/10.1177/00420980231184037,https://doi.org/10.1177/00420980231184037,True,high,DOI,10.1177/00420980231184037,DOI
297,,2092965653.0,,0,0,0,蓝V,https://doi.org/10.1177/00420980231190281,https://doi.org/10.1177/00420980231190281,True,high,DOI,10.1177/00420980231190281,DOI
297,,2092965653.0,,0,0,0,蓝V,https://doi.org/10.1177/00420980231186499,https://doi.org/10.1177/00420980231186499,True,high,DOI,10.1177/00420980231186499,DOI
297,,2092965653.0,,0,0,0,蓝V,https://doi.org/10.1177/00420980231187771,https://doi.org/10.1177/00420980231187771,True,high,DOI,10.1177/00420980231187771,DOI
298,,3941337445.0,,0,0,0,普通用户,https://doi.org/10.12677/ORF.2023.135577,https://doi.org/10.12677/ORF.2023.135577,True,high,DOI,10.12677/ORF.2023.135577,DOI
299,,3941337445.0,,0,0,0,普通用户,https://doi.org/10.12677/MOS.2023.126483,https://doi.org/10.12677/MOS.2023.126483,True,high,DOI,10.12677/MOS.2023.126483,DOI
300,,3941337445.0,,0,0,0,普通用户,https://doi.org/10.12677/ACM.2023.13102328,https://doi.org/10.12677/ACM.2023.13102328,True,high,DOI,10.12677/ACM.2023.13102328,DOI
301,,3941337445.0,,0,0,0,普通用户,https://doi.org/10.12677/SSEM.2023.126055,https://doi.org/10.12677/SSEM.2023.126055,True,high,DOI,10.12677/SSEM.2023.126055,DOI
302,,3941337445.0,,0,0,0,普通用户,https://doi.org/10.12677/SA.2023.126156,https://doi.org/10.12677/SA.2023.126156,True,high,DOI,10.12677/SA.2023.126156,DOI
303,,3941337445.0,,0,0,0,普通用户,https://doi.org/10.12677/AP.2023.1312731,https://doi.org/10.12677/AP.2023.1312731,True,high,DOI,10.12677/AP.2023.1312731,DOI
304,,1402400261.0,,0,0,0,金V,https://arxiv.org/abs/2312.07913,https://arxiv.org/abs/2312.07913,True,high,arXiv,,arXiv
305,,5976873363.0,,0,0,0,普通用户,https://agupubs.onlinelibrary.wiley.com/doi/10.1029/2023GL105178,https://agupubs.onlinelibrary.wiley.com/doi/10.1029/2023GL105178,True,high,DOI,10.1029/2023GL105178,DOI
306,,3941337445.0,,0,0,0,普通用户,https://doi.org/10.12677/MOS.2023.126537,https://doi.org/10.12677/MOS.2023.126537,True,high,DOI,10.12677/MOS.2023.126537,DOI
307,,3941337445.0,,0,0,0,普通用户,https://doi.org/10.12677/JC.2023.114133,https://doi.org/10.12677/JC.2023.114133,True,high,DOI,10.12677/JC.2023.114133,DOI
308,,3941337445.0,,0,0,0,普通用户,https://doi.org/10.12677/PM.2023.1311347,https://doi.org/10.12677/PM.2023.1311347,True,high,DOI,10.12677/PM.2023.1311347,DOI
309,,3941337445.0,,0,0,0,普通用户,https://doi.org/10.12677/SD.2023.136226,https://doi.org/10.12677/SD.2023.136226,True,high,DOI,10.12677/SD.2023.136226,DOI
310,,3941337445.0,,0,0,0,普通用户,https://doi.org/10.12677/MOS.2023.126508,https://doi.org/10.12677/MOS.2023.126508,True,high,DOI,10.12677/MOS.2023.126508,DOI
311,,3941337445.0,,0,0,0,普通用户,https://doi.org/10.12677/HJCE.2023.1212165,https://doi.org/10.12677/HJCE.2023.1212165,True,high,DOI,10.12677/HJCE.2023.1212165,DOI
312,,3941337445.0,,0,0,0,普通用户,https://doi.org/10.12677/CSA.2023.1311208,https://doi.org/10.12677/CSA.2023.1311208,True,high,DOI,10.12677/CSA.2023.1311208,DOI
313,,3941337445.0,,0,0,0,普通用户,https://doi.org/10.12677/PM.2023.1311337,https://doi.org/10.12677/PM.2023.1311337,True,high,DOI,10.12677/PM.2023.1311337,DOI
314,,3941337445.0,,0,0,0,普通用户,https://doi.org/10.12677/ORF.2023.136592,https://doi.org/10.12677/ORF.2023.136592,True,high,DOI,10.12677/ORF.2023.136592,DOI
315,,7523186814.0,,0,0,0,蓝V,https://arxiv.org/abs/2401.16822,https://arxiv.org/abs/2401.16822,True,high,arXiv,,arXiv
316,,7523186814.0,,0,0,0,蓝V,https://arxiv.org/abs/2401.17264,https://arxiv.org/abs/2401.17264,True,high,arXiv,,arXiv
317,,7523186814.0,,0,0,0,蓝V,https://arxiv.org/abs/2401.16553,https://arxiv.org/abs/2401.16553,True,high,arXiv,,arXiv
318,,7523186814.0,,0,0,0,蓝V,https://arxiv.org/abs/2401.13601,https://arxiv.org/abs/2401.13601,True,high,arXiv,,arXiv
319,,7523186814.0,,0,0,0,蓝V,https://arxiv.org/abs/2401.13178,https://arxiv.org/abs/2401.13178,True,high,arXiv,,arXiv
320,,7006367380.0,,0,0,0,蓝V,https://www.nature.com/articles/s41550-023-02192-6,https://www.nature.com/articles/s41550-023-02192-6,True,high,Nature,,Nature
321,,7523186814.0,,0,0,0,蓝V,https://arxiv.org/abs/2401.16788,https://arxiv.org/abs/2401.16788,True,high,arXiv,,arXiv
322,,7523186814.0,,0,0,0,蓝V,https://arxiv.org/abs/2401.15708,https://arxiv.org/abs/2401.15708,True,high,arXiv,,arXiv
323,,7523186814.0,,0,0,0,蓝V,https://arxiv.org/abs/2401.14398,https://arxiv.org/abs/2401.14398,True,high,arXiv,,arXiv
324,,7523186814.0,,0,0,0,蓝V,https://arxiv.org/abs/2401.13974,https://arxiv.org/abs/2401.13974,True,high,arXiv,,arXiv
325,,7523186814.0,,0,0,0,蓝V,https://arxiv.org/abs/2401.13462,https://arxiv.org/abs/2401.13462,True,high,arXiv,,arXiv
326,,7523186814.0,,0,0,0,蓝V,https://arxiv.org/abs/2401.13110,https://arxiv.org/abs/2401.13110,True,high,arXiv,,arXiv
327,,7523186814.0,,0,0,0,蓝V,https://arxiv.org/abs/2401.15688,https://arxiv.org/abs/2401.15688,True,high,arXiv,,arXiv
328,,7523186814.0,,0,0,0,蓝V,https://arxiv.org/abs/2401.14196,https://arxiv.org/abs/2401.14196,True,high,arXiv,,arXiv
329,,7523186814.0,,0,0,0,蓝V,https://arxiv.org/abs/2401.13311,https://arxiv.org/abs/2401.13311,True,high,arXiv,,arXiv
330,,7523186814.0,,0,0,0,蓝V,https://arxiv.org/abs/2401.15071,https://arxiv.org/abs/2401.15071,True,high,arXiv,,arXiv
331,,7523186814.0,,0,0,0,蓝V,https://arxiv.org/abs/2401.14688,https://arxiv.org/abs/2401.14688,True,high,arXiv,,arXiv
332,,7523186814.0,,0,0,0,蓝V,https://arxiv.org/abs/2401.14011,https://arxiv.org/abs/2401.14011,True,high,arXiv,,arXiv
333,,7523186814.0,,0,0,0,蓝V,https://arxiv.org/abs/2401.14066,https://arxiv.org/abs/2401.14066,True,high,arXiv,,arXiv
334,,7523186814.0,,0,0,0,蓝V,https://arxiv.org/abs/2401.13481,https://arxiv.org/abs/2401.13481,True,high,arXiv,,arXiv
335,,7523186814.0,,0,0,0,蓝V,https://arxiv.org/abs/2401.12945,https://arxiv.org/abs/2401.12945,True,high,arXiv,,arXiv
336,,7523186814.0,,0,0,0,蓝V,https://arxiv.org/abs/2401.16182,https://arxiv.org/abs/2401.16182,True,high,arXiv,,arXiv
337,,3941337445.0,,0,0,0,普通用户,https://doi.org/10.12677/MOS.2024.131044,https://doi.org/10.12677/MOS.2024.131044,True,high,DOI,10.12677/MOS.2024.131044,DOI
338,,7523186814.0,,0,0,0,蓝V,https://arxiv.org/abs/2401.13795,https://arxiv.org/abs/2401.13795,True,high,arXiv,,arXiv
339,,7523186814.0,,0,0,0,蓝V,https://arxiv.org/abs/2401.14405,https://arxiv.org/abs/2401.14405,True,high,arXiv,,arXiv
340,,3941337445.0,,0,0,0,普通用户,https://doi.org/10.12677/AAM.2024.131010,https://doi.org/10.12677/AAM.2024.131010,True,high,DOI,10.12677/AAM.2024.131010,DOI
341,,3941337445.0,,0,0,0,普通用户,https://doi.org/10.12677/MOS.2024.131003,https://doi.org/10.12677/MOS.2024.131003,True,high,DOI,10.12677/MOS.2024.131003,DOI
342,,3941337445.0,,0,0,0,普通用户,https://doi.org/10.12677/AAM.2024.131036,https://doi.org/10.12677/AAM.2024.131036,True,high,DOI,10.12677/AAM.2024.131036,DOI
343,,3941337445.0,,0,0,0,普通用户,https://doi.org/10.12677/JSTA.2024.121003,https://doi.org/10.12677/JSTA.2024.121003,True,high,DOI,10.12677/JSTA.2024.121003,DOI
344,,3941337445.0,,0,0,0,普通用户,https://doi.org/10.12677/JISP.2024.131004,https://doi.org/10.12677/JISP.2024.131004,True,high,DOI,10.12677/JISP.2024.131004,DOI
345,,3941337445.0,,0,0,0,普通用户,https://doi.org/10.12677/WJF.2024.131007,https://doi.org/10.12677/WJF.2024.131007,True,high,DOI,10.12677/WJF.2024.131007,DOI
346,,6890507718.0,,0,0,0,蓝V,https://link.springer.com/article/10.1631/jzus.B2200702,https://link.springer.com/article/10.1631/jzus.B2200702,True,high,DOI,10.1631/jzus.B2200702,DOI
347,,6890507718.0,,0,0,0,蓝V,https://doi.org/10.1016/j.aopr.2023.11.001,https://doi.org/10.1016/j.aopr.2023.11.001,True,high,DOI,10.1016/j.aopr.2023.11.001,DOI
348,,3941337445.0,,0,0,0,普通用户,https://doi.org/10.12677/PM.2023.1312381,https://doi.org/10.12677/PM.2023.1312381,True,high,DOI,10.12677/PM.2023.1312381,DOI
349,,7523186814.0,,0,0,0,蓝V,https://arxiv.org/abs/2401.17749,https://arxiv.org/abs/2401.17749,True,high,arXiv,,arXiv
350,,7523186814.0,,0,0,0,蓝V,https://arxiv.org/abs/2401.18084,https://arxiv.org/abs/2401.18084,True,high,arXiv,,arXiv
351,,3941337445.0,,0,0,0,普通用户,https://doi.org/10.12677/AEPE.2024.121002,https://doi.org/10.12677/AEPE.2024.121002,True,high,DOI,10.12677/AEPE.2024.121002,DOI
352,,3710258141.0,,0,0,0,金V,https://www.cell.com/the-innovation/fulltext/S2666-6758(23)00183-2,https://www.cell.com/the-innovation/fulltext/S2666-6758(23)00183-2,True,high,CELL PRESS,,CELL PRESS
352,,3710258141.0,,0,0,0,金V,https://doi.org/10.1016/j.xinn.2023.100555,https://doi.org/10.1016/j.xinn.2023.100555,True,high,DOI,10.1016/j.xinn.2023.100555,DOI
353,,7523186814.0,,0,0,0,蓝V,https://arxiv.org/abs/2401.17574,https://arxiv.org/abs/2401.17574,True,high,arXiv,,arXiv
354,,7523186814.0,,0,0,0,蓝V,https://arxiv.org/abs/2401.18059,https://arxiv.org/abs/2401.18059,True,high,arXiv,,arXiv
355,,3941337445.0,,0,0,0,普通用户,https://doi.org/10.12677/MOS.2024.131063,https://doi.org/10.12677/MOS.2024.131063,True,high,DOI,10.12677/MOS.2024.131063,DOI
356,,3941337445.0,,0,0,0,普通用户,https://doi.org/10.12677/MOS.2024.131072,https://doi.org/10.12677/MOS.2024.131072,True,high,DOI,10.12677/MOS.2024.131072,DOI
357,,3941337445.0,,0,0,0,普通用户,https://doi.org/10.12677/MOS.2024.131066,https://doi.org/10.12677/MOS.2024.131066,True,high,DOI,10.12677/MOS.2024.131066,DOI
358,,3941337445.0,,0,0,0,普通用户,https://doi.org/10.12677/CSA.2024.141012,https://doi.org/10.12677/CSA.2024.141012,True,high,DOI,10.12677/CSA.2024.141012,DOI
359,,2794083144.0,,0,0,0,蓝V,https://www.cell.com/cell-reports-medicine/fulltext/S2666-3791(24)00052-1,https://www.cell.com/cell-reports-medicine/fulltext/S2666-3791(24)00052-1,True,high,CELL PRESS,,CELL PRESS
360,,3941337445.0,,0,0,0,普通用户,https://doi.org/10.12677/AE.2024.143372,https://doi.org/10.12677/AE.2024.143372,True,high,DOI,10.12677/AE.2024.143372,DOI
361,,3941337445.0,,0,0,0,普通用户,https://doi.org/10.12677/ORF.2024.141042,https://doi.org/10.12677/ORF.2024.141042,True,high,DOI,10.12677/ORF.2024.141042,DOI
362,,3941337445.0,,0,0,0,普通用户,https://doi.org/10.12677/AE.2024.143341,https://doi.org/10.12677/AE.2024.143341,True,high,DOI,10.12677/AE.2024.143341,DOI
363,,3941337445.0,,0,0,0,普通用户,https://doi.org/10.12677/ACM.2024.143665,https://doi.org/10.12677/ACM.2024.143665,True,high,DOI,10.12677/ACM.2024.143665,DOI
364,,3941337445.0,,0,0,0,普通用户,https://doi.org/10.12677/fin.2024.142079,https://doi.org/10.12677/fin.2024.142079,True,high,DOI,10.12677/fin.2024.142079,DOI
365,,1402400261.0,,0,0,0,金V,https://arxiv.org/abs/2404.01268,https://arxiv.org/abs/2404.01268,True,high,arXiv,,arXiv
366,,3941337445.0,,0,0,0,普通用户,https://doi.org/10.12677/sa.2024.132038,https://doi.org/10.12677/sa.2024.132038,True,high,DOI,10.12677/sa.2024.132038,DOI
367,,1924502695.0,,0,0,0,蓝V,https://doi.org/10.1002/anie.202402095,https://doi.org/10.1002/anie.202402095,True,high,DOI,10.1002/anie.202402095,DOI
368,,3941337445.0,,0,0,0,普通用户,https://doi.org/10.12677/hjce.2024.134048,https://doi.org/10.12677/hjce.2024.134048,True,high,DOI,10.12677/hjce.2024.134048,DOI
369,,1870858943.0,,0,0,0,蓝V,https://www.aminer.cn/pub/66134f3b13fb2c6cf6d7950f/?f=wb,https://www.aminer.cn/pub/66134f3b13fb2c6cf6d7950f/?f=wb,True,high,AMiner,,AMiner
370,,3941337445.0,,0,0,0,普通用户,https://doi.org/10.12677/sa.2024.132051,https://doi.org/10.12677/sa.2024.132051,True,high,DOI,10.12677/sa.2024.132051,DOI
371,,3941337445.0,,0,0,0,普通用户,https://doi.org/10.12677/sea.2024.132027,https://doi.org/10.12677/sea.2024.132027,True,high,DOI,10.12677/sea.2024.132027,DOI
372,,1286528122.0,,0,0,0,蓝V,https://arxiv.org/abs/2309.17167,https://arxiv.org/abs/2309.17167,True,high,arXiv,,arXiv
372,,1286528122.0,,0,0,0,蓝V,https://arxiv.org/abs/2402.14865,https://arxiv.org/abs/2402.14865,True,high,arXiv,,arXiv
373,,3941337445.0,,0,0,0,普通用户,https://doi.org/10.12677/hjdm.2024.142010,https://doi.org/10.12677/hjdm.2024.142010,True,high,DOI,10.12677/hjdm.2024.142010,DOI
374,,3941337445.0,,0,0,0,普通用户,https://doi.org/10.12677/hjce.2024.134054,https://doi.org/10.12677/hjce.2024.134054,True,high,DOI,10.12677/hjce.2024.134054,DOI
375,,3941337445.0,,0,0,0,普通用户,https://doi.org/10.12677/gser.2024.132044,https://doi.org/10.12677/gser.2024.132044,True,high,DOI,10.12677/gser.2024.132044,DOI
376,,2008779105.0,,0,0,0,蓝V,https://www.computer.org/csdl/magazine/co/2021/01/09321834/1qmbkXCazy8,https://www.computer.org/csdl/magazine/co/2021/01/09321834/1qmbkXCazy8,True,high,IEEE Xplore,,IEEE Xplore
376,,2008779105.0,,0,0,0,蓝V,https://www.computer.org/csdl/magazine/co/2024/01/10380268/1TpyLcK4Lu0,https://www.computer.org/csdl/magazine/co/2024/01/10380268/1TpyLcK4Lu0,True,high,IEEE Xplore,,IEEE Xplore
377,,3941337445.0,,0,0,0,普通用户,https://doi.org/10.12677/ecl.2024.132241,https://doi.org/10.12677/ecl.2024.132241,True,high,DOI,10.12677/ecl.2024.132241,DOI
378,,1699526244.0,,0,0,0,普通用户,https://doi.org/10.1038/s41586-024-07459-0,https://doi.org/10.1038/s41586-024-07459-0,True,high,DOI,10.1038/s41586-024-07459-0,DOI
379,,6890507718.0,,0,0,0,蓝V,https://link.springer.com/article/10.1007/s12519-024-00802-5,https://link.springer.com/article/10.1007/s12519-024-00802-5,True,high,DOI,10.1007/s12519-024-00802-5,DOI
380,,3941337445.0,,0,0,0,普通用户,https://doi.org/10.12677/pm.2024.145175,https://doi.org/10.12677/pm.2024.145175,True,high,DOI,10.12677/pm.2024.145175,DOI
381,,6890507718.0,,0,0,0,蓝V,https://doi.org/10.1007/s42242-023-00255-1,https://doi.org/10.1007/s42242-023-00255-1,True,high,DOI,10.1007/s42242-023-00255-1,DOI
382,,1286528122.0,,0,0,0,蓝V,https://arxiv.org/abs/2312.07246,https://arxiv.org/abs/2312.07246,True,high,arXiv,,arXiv
383,,3941337445.0,,0,0,0,普通用户,https://doi.org/10.12677/AAM.2024.135226,https://doi.org/10.12677/AAM.2024.135226,True,high,DOI,10.12677/AAM.2024.135226,DOI
384,,1618819632.0,,0,0,0,金V,https://arxiv.org/pdf/2104.09864,https://arxiv.org/pdf/2104.09864,True,high,arXiv,,arXiv
384,,1618819632.0,,0,0,0,金V,https://arxiv.org/abs/1706.03762,https://arxiv.org/abs/1706.03762,True,high,arXiv,,arXiv
385,,1870858943.0,,0,0,0,蓝V,https://www.aminer.cn/pub/664aaea501d2a3fbfc78a6d2/?f=wb,https://www.aminer.cn/pub/664aaea501d2a3fbfc78a6d2/?f=wb,True,high,AMiner,,AMiner
386,,3941337445.0,,0,0,0,普通用户,https://doi.org/10.12677/hjce.2024.135076,https://doi.org/10.12677/hjce.2024.135076,True,high,DOI,10.12677/hjce.2024.135076,DOI
387,,3941337445.0,,0,0,0,普通用户,https://doi.org/10.12677/cmp.2024.132004,https://doi.org/10.12677/cmp.2024.132004,True,high,DOI,10.12677/cmp.2024.132004,DOI
388,,3941337445.0,,0,0,0,普通用户,https://doi.org/10.12677/aam.2024.135229,https://doi.org/10.12677/aam.2024.135229,True,high,DOI,10.12677/aam.2024.135229,DOI
389,,3941337445.0,,0,0,0,普通用户,https://doi.org/10.12677/aas.2024.123003,https://doi.org/10.12677/aas.2024.123003,True,high,DOI,10.12677/aas.2024.123003,DOI
390,,1870858943.0,,0,0,0,蓝V,https://www.aminer.cn/pub/6596236b939a5f408292e52a/?f=wb,https://www.aminer.cn/pub/6596236b939a5f408292e52a/?f=wb,True,high,AMiner,,AMiner
391,,1870858943.0,,0,0,0,蓝V,https://www.aminer.cn/pub/65962327939a5f408292be5a/?f=wb,https://www.aminer.cn/pub/65962327939a5f408292be5a/?f=wb,True,high,AMiner,,AMiner
392,,3941337445.0,,0,0,0,普通用户,https://doi.org/10.12677/ijm.2024.132007,https://doi.org/10.12677/ijm.2024.132007,True,high,DOI,10.12677/ijm.2024.132007,DOI
393,,2092965653.0,,0,0,0,蓝V,https://doi.org/10.1177/00420980241227807,https://doi.org/10.1177/00420980241227807,True,high,DOI,10.1177/00420980241227807,DOI
393,,2092965653.0,,0,0,0,蓝V,https://doi.org/10.1177/00420980231221048,https://doi.org/10.1177/00420980231221048,True,high,DOI,10.1177/00420980231221048,DOI
394,,3941337445.0,,0,0,0,普通用户,https://doi.org/10.12677/mm.2024.146153,https://doi.org/10.12677/mm.2024.146153,True,high,DOI,10.12677/mm.2024.146153,DOI
395,,3941337445.0,,0,0,0,普通用户,https://doi.org/10.12677/mm.2024.146154,https://doi.org/10.12677/mm.2024.146154,True,high,DOI,10.12677/mm.2024.146154,DOI
396,,3941337445.0,,0,0,0,普通用户,https://doi.org/10.12677/sa.2024.133080,https://doi.org/10.12677/sa.2024.133080,True,high,DOI,10.12677/sa.2024.133080,DOI
397,,3941337445.0,,0,0,0,普通用户,https://doi.org/10.12677/design.2024.93416,https://doi.org/10.12677/design.2024.93416,True,high,DOI,10.12677/design.2024.93416,DOI
398,,1286528122.0,,0,0,0,蓝V,https://arxiv.org/pdf/2310.09158,https://arxiv.org/pdf/2310.09158,True,high,arXiv,,arXiv
399,,1286528122.0,,0,0,0,蓝V,https://arxiv.org/pdf/2403.05063,https://arxiv.org/pdf/2403.05063,True,high,arXiv,,arXiv
400,,3941337445.0,,0,0,0,普通用户,https://doi.org/10.12677/aam.2024.138356,https://doi.org/10.12677/aam.2024.138356,True,high,DOI,10.12677/aam.2024.138356,DOI
401,,2794083144.0,,0,0,0,蓝V,https://doi.org/10.1016/j.neuron.2024.07.003,https://doi.org/10.1016/j.neuron.2024.07.003,True,high,DOI,10.1016/j.neuron.2024.07.003,DOI
402,,6890507718.0,,0,0,0,蓝V,https://doi.org/10.1631/FITEE.2300459,https://doi.org/10.1631/FITEE.2300459,True,high,DOI,10.1631/FITEE.2300459,DOI
403,,1870858943.0,,0,0,0,蓝V,https://www.aminer.cn/pub/66c2aa2501d2a3fbfc60caee/?f=wb,https://www.aminer.cn/pub/66c2aa2501d2a3fbfc60caee/?f=wb,True,high,AMiner,,AMiner
404,,3941337445.0,,0,0,0,普通用户,https://doi.org/10.12677/ag.2024.149106,https://doi.org/10.12677/ag.2024.149106,True,high,DOI,10.12677/ag.2024.149106,DOI
405,,3941337445.0,,0,0,0,普通用户,https://doi.org/10.12677/mse.2024.135107,https://doi.org/10.12677/mse.2024.135107,True,high,DOI,10.12677/mse.2024.135107,DOI
406,,3941337445.0,,0,0,0,普通用户,https://doi.org/10.12677/ojtt.2024.135037,https://doi.org/10.12677/ojtt.2024.135037,True,high,DOI,10.12677/ojtt.2024.135037,DOI
407,,1286528122.0,,0,0,0,蓝V,https://www.ecva.net/papers/eccv_2024/papers_ECCV/papers/09622.pdf,https://www.ecva.net/papers/eccv_2024/papers_ECCV/papers/09622.pdf,False,none,,,
408,,3941337445.0,,0,0,0,普通用户,https://doi.org/10.12677/mm.2024.1410306,https://doi.org/10.12677/mm.2024.1410306,True,high,DOI,10.12677/mm.2024.1410306,DOI
409,,1912085257.0,,0,0,0,红V,https://arxiv.org/abs/2406.15786,https://arxiv.org/abs/2406.15786,True,high,arXiv,,arXiv
410,,3941337445.0,,0,0,0,普通用户,https://doi.org/10.12677/acm.2024.1492605,https://doi.org/10.12677/acm.2024.1492605,True,high,DOI,10.12677/acm.2024.1492605,DOI
411,,3941337445.0,,0,0,0,普通用户,https://doi.org/10.12677/ojtt.2024.136041,https://doi.org/10.12677/ojtt.2024.136041,True,high,DOI,10.12677/ojtt.2024.136041,DOI
412,,3941337445.0,,0,0,0,普通用户,https://doi.org/10.12677/aam.2024.1310441,https://doi.org/10.12677/aam.2024.1310441,True,high,DOI,10.12677/aam.2024.1310441,DOI
413,,6890507718.0,,0,0,0,蓝V,https://www.zjujournals.com/eng/CN/10.3785/j.issn.1008-973X.2024.09.001,https://www.zjujournals.com/eng/CN/10.3785/j.issn.1008-973X.2024.09.001,True,high,DOI,10.3785/j.issn.1008-973X.2024.09.001,DOI
414,,3941337445.0,,0,0,0,普通用户,https://doi.org/10.12677/ap.2024.1411783,https://doi.org/10.12677/ap.2024.1411783,True,high,DOI,10.12677/ap.2024.1411783,DOI
415,,3710258141.0,,0,0,0,金V,http://science.org/doi/10.1126/science.adp6034,http://science.org/doi/10.1126/science.adp6034,True,high,DOI,10.1126/science.adp6034,DOI
415,,3710258141.0,,0,0,0,金V,https://www.nature.com/articles/s41586-024-08179-1,https://www.nature.com/articles/s41586-024-08179-1,True,high,Nature,,Nature
415,,3710258141.0,,0,0,0,金V,https://www.nature.com/articles/s41586-024-08197-z,https://www.nature.com/articles/s41586-024-08197-z,True,high,Nature,,Nature
416,,6890507718.0,,0,0,0,蓝V,https://www.zjujournals.com/sci/CN/10.3785/j.issn.1008-9497.2024.04.010,https://www.zjujournals.com/sci/CN/10.3785/j.issn.1008-9497.2024.04.010,True,high,DOI,10.3785/j.issn.1008-9497.2024.04.010,DOI
417,,3941337445.0,,0,0,0,普通用户,https://doi.org/10.12677/airr.2024.134076,https://doi.org/10.12677/airr.2024.134076,True,high,DOI,10.12677/airr.2024.134076,DOI
418,,3941337445.0,,0,0,0,普通用户,https://doi.org/10.12677/ecl.2024.1341566,https://doi.org/10.12677/ecl.2024.1341566,True,high,DOI,10.12677/ecl.2024.1341566,DOI
419,,3941337445.0,,0,0,0,普通用户,https://doi.org/10.12677/sa.2024.136214,https://doi.org/10.12677/sa.2024.136214,True,high,DOI,10.12677/sa.2024.136214,DOI
420,,3941337445.0,,0,0,0,普通用户,https://doi.org/10.12677/sa.2024.136218,https://doi.org/10.12677/sa.2024.136218,True,high,DOI,10.12677/sa.2024.136218,DOI
421,,3941337445.0,,0,0,0,普通用户,https://doi.org/10.12677/ms.2024.1412183,https://doi.org/10.12677/ms.2024.1412183,True,high,DOI,10.12677/ms.2024.1412183,DOI
422,,6890507718.0,,0,0,0,蓝V,https://doi.org/10.1631/FITEE.2300548,https://doi.org/10.1631/FITEE.2300548,True,high,DOI,10.1631/FITEE.2300548,DOI
423,,3941337445.0,,0,0,0,普通用户,https://doi.org/10.12677/app.2024.1412082,https://doi.org/10.12677/app.2024.1412082,True,high,DOI,10.12677/app.2024.1412082,DOI
424,,3941337445.0,,0,0,0,普通用户,https://doi.org/10.12677/mm.2024.1412364,https://doi.org/10.12677/mm.2024.1412364,True,high,DOI,10.12677/mm.2024.1412364,DOI
425,,6324766931.0,,0,0,0,黄V,https://doi.org/10.1038/s41586-024-07689-2,https://doi.org/10.1038/s41586-024-07689-2,True,high,DOI,10.1038/s41586-024-07689-2,DOI
426,,3996876140.0,,0,0,0,蓝V,http://arxiv.org/abs/1608.00318,http://arxiv.org/abs/1608.00318,True,high,arXiv,,arXiv
427,,2678093863.0,,0,0,0,普通用户,https://arxiv.org/abs/1703.00573,https://arxiv.org/abs/1703.00573,True,high,arXiv,,arXiv
428,,3213294213.0,,0,0,0,蓝V,http://www.sciencedirect.com/science/article/pii/S0167739X14000636,http://www.sciencedirect.com/science/article/pii/S0167739X14000636,True,high,Elsevier,,Elsevier
429,,5329434101.0,,0,0,0,蓝V,http://rdcu.be/CBnH?WT.mc_id=Weibo_Nature_20171219_CONT,http://rdcu.be/CBnH?WT.mc_id=Weibo_Nature_20171219_CONT,True,high,Nature,,Nature
430,,5329434101.0,,0,0,0,蓝V,http://rdcu.be/CU1K?WT.mc_id=Weibo_Nature_20171221_CONT,http://rdcu.be/CU1K?WT.mc_id=Weibo_Nature_20171221_CONT,True,high,Nature,,Nature
431,,3213294213.0,,0,0,0,蓝V,http://www.sciencedirect.com/science/article/pii/S2214391216300769,http://www.sciencedirect.com/science/article/pii/S2214391216300769,True,high,Elsevier,,Elsevier
432,,5329434101.0,,0,0,0,蓝V,http://rdcu.be/yd9v?WT.mc_id=Weibo_Nature_20171109_CONT,http://rdcu.be/yd9v?WT.mc_id=Weibo_Nature_20171109_CONT,True,high,Nature,,Nature
433,,1768409523.0,,0,0,0,蓝V,https://pubs.acs.org/doi/10.1021/jacs.7b08881,https://pubs.acs.org/doi/10.1021/jacs.7b08881,True,high,DOI,10.1021/jacs.7b08881,DOI
434,,5875989566.0,,0,0,0,蓝V,http://psycnet.apa.org/fulltext/2017-47675-001.pdf,http://psycnet.apa.org/fulltext/2017-47675-001.pdf,True,high,CANADIAN PSYCHOLOGICAL ASSOC,,CANADIAN PSYCHOLOGICAL ASSOC
435,,2678093863.0,,0,0,0,普通用户,https://arxiv.org/pdf/1707.07328.pdf,https://arxiv.org/pdf/1707.07328.pdf,True,high,arXiv,,arXiv
436,,2678093863.0,,0,0,0,普通用户,http://aclweb.org/anthology/P17-1007,http://aclweb.org/anthology/P17-1007,True,high,ACL,,ACL
437,,5329434101.0,,0,0,0,蓝V,http://rdcu.be/Fwls?WT.mc_id=Weibo_Nature_20180126_CONT,http://rdcu.be/Fwls?WT.mc_id=Weibo_Nature_20180126_CONT,True,high,Nature,,Nature
438,,5329434101.0,,0,0,0,蓝V,https://rdcu.be/LWVP,https://rdcu.be/LWVP,True,high,Nature,,Nature
439,,1615055180.0,,0,0,0,黄V,https://arxiv.org/pdf/1802.02930,https://arxiv.org/pdf/1802.02930,True,high,arXiv,,arXiv
440,,1615055180.0,,0,0,0,黄V,https://www.sciencedirect.com/science/article/pii/S0747563215000199,https://www.sciencedirect.com/science/article/pii/S0747563215000199,True,high,SPRINGER,,SPRINGER
441,,5329434101.0,,0,0,0,蓝V,https://www.nature.com/articles/s41586-018-0030-5?utm_source=weibo&utm_medium=social&utm_content=s41586-018-0030-5,https://www.nature.com/articles/s41586-018-0030-5?utm_source=weibo&utm_medium=social&utm_content=s41586-018-0030-5,True,high,Nature,,Nature
442,,5329434101.0,,0,0,0,蓝V,https://rdcu.be/Lizn,https://rdcu.be/Lizn,True,high,Nature,,Nature
442,,5329434101.0,,0,0,0,蓝V,https://rdcu.be/Lizg,https://rdcu.be/Lizg,True,high,Nature,,Nature
443,,1812175903.0,,0,0,0,金V,http://www.pnas.org/content/early/2018/03/20/1712629115,http://www.pnas.org/content/early/2018/03/20/1712629115,True,high,pnas,,pnas
444,,5329434101.0,,0,0,0,蓝V,https://www.nature.com/articles/s41598-018-19481-0?utm_source=weibo&utm_medium=social&utm_term=s41598-018-19481-0,https://www.nature.com/articles/s41598-018-19481-0?utm_source=weibo&utm_medium=social&utm_term=s41598-018-19481-0,True,high,Nature,,Nature
445,,5329434101.0,,0,0,0,蓝V,http://rdcu.be/GQhT,http://rdcu.be/GQhT,True,high,Nature,,Nature
446,,1812175903.0,,0,0,0,金V,http://stm.sciencemag.org/content/9/407/eaag2288,http://stm.sciencemag.org/content/9/407/eaag2288,True,high,Science,,Science
447,,3213294213.0,,0,0,0,蓝V,http://www.sciencedirect.com/science/article/pii/S0167739X12001744,http://www.sciencedirect.com/science/article/pii/S0167739X12001744,True,high,Elsevier,,Elsevier
448,,1870858943.0,,0,0,0,蓝V,https://arxiv.org/abs/1805.04655,https://arxiv.org/abs/1805.04655,True,high,arXiv,,arXiv
449,,1870858943.0,,0,0,0,蓝V,https://arxiv.org/abs/1810.04805,https://arxiv.org/abs/1810.04805,True,high,arXiv,,arXiv
449,,1870858943.0,,0,0,0,蓝V,https://arxiv.org/abs/1808.06601,https://arxiv.org/abs/1808.06601,True,high,arXiv,,arXiv
450,,5953063530.0,,0,0,0,普通用户,http://www.dqkxqk.ac.cn/dqkx/dqkx/ch/html/20180309.htm,http://www.dqkxqk.ac.cn/dqkx/dqkx/ch/html/20180309.htm,False,none,,,
451,,5329434101.0,,0,0,0,蓝V,https://www.nature.com/articles/s41586-018-0776-9?utm_source=weibo&utm_medium=social&utm_term=s41586-018-0776-9,https://www.nature.com/articles/s41586-018-0776-9?utm_source=weibo&utm_medium=social&utm_term=s41586-018-0776-9,True,high,Nature,,Nature
451,,5329434101.0,,0,0,0,蓝V,https://www.nature.com/articles/d41586-018-07638-w?utm_source=weibo&utm_medium=social&utm_term=d41586-018-07638-w,https://www.nature.com/articles/d41586-018-07638-w?utm_source=weibo&utm_medium=social&utm_term=d41586-018-07638-w,True,high,Nature,,Nature
452,,6614989372.0,,0,0,0,普通用户,https://arxiv.org/pdf/1811.08759.pdf,https://arxiv.org/pdf/1811.08759.pdf,True,high,arXiv,,arXiv
453,,6614989372.0,,0,0,0,普通用户,https://arxiv.org/abs/1810.11978,https://arxiv.org/abs/1810.11978,True,high,arXiv,,arXiv
454,,1854722641.0,,0,0,0,蓝V,https://onlinelibrary.wiley.com/doi/abs/10.1002/ange.201810878,https://onlinelibrary.wiley.com/doi/abs/10.1002/ange.201810878,True,high,DOI,10.1002/ange.201810878,DOI
455,,6684374689.0,,0,0,0,蓝V,http://www.ecologica.cn/stxb/ch/reader/view_abstract.aspx?file_no=stxb201610122065&flag=1,http://www.ecologica.cn/stxb/ch/reader/view_abstract.aspx?file_no=stxb201610122065&flag=1,True,high,生态学报,,生态学报
456,,1815659631.0,,0,0,0,普通用户,https://arxiv.org/abs/1811.04082,https://arxiv.org/abs/1811.04082,True,high,arXiv,,arXiv
457,,2949617444.0,,0,0,0,蓝V,https://doi.org/10.1093/nsr/nwy096,https://doi.org/10.1093/nsr/nwy096,True,high,DOI,10.1093/nsr/nwy096,DOI
458,,6684374689.0,,0,0,0,蓝V,http://www.ecologica.cn/stxb/ch/reader/view_abstract.aspx?file_no=stxb201704240738&flag=1,http://www.ecologica.cn/stxb/ch/reader/view_abstract.aspx?file_no=stxb201704240738&flag=1,True,high,生态学报,,生态学报
459,,2683703741.0,,0,0,0,蓝V,https://doi.org/10.1038/s41589-018-0150-0,https://doi.org/10.1038/s41589-018-0150-0,True,high,DOI,10.1038/s41589-018-0150-0,DOI
460,,1870858943.0,,0,0,0,蓝V,https://www.aminer.cn/archive/semi-supervised-classification-with-graph-convolutional-networks/58437722ac44360f1082efeb,https://www.aminer.cn/archive/semi-supervised-classification-with-graph-convolutional-networks/58437722ac44360f1082efeb,True,low,弱学术关键词,,archive
461,,1235572171.0,,0,0,0,蓝V,https://www.nature.com/articles/s41398-018-0243-2,https://www.nature.com/articles/s41398-018-0243-2,True,high,Nature,,Nature
462,,5329434101.0,,0,0,0,蓝V,https://www.nature.com/articles/s41467-018-06645-9?utm_source=weibo&utm_medium=social&utm_term=s41467-018-06645-9,https://www.nature.com/articles/s41467-018-06645-9?utm_source=weibo&utm_medium=social&utm_term=s41467-018-06645-9,True,high,Nature,,Nature
463,,3800117772.0,,0,0,0,普通用户,https://arxiv.org/ftp/arxiv/papers/1810/1810.01965.pdf,https://arxiv.org/ftp/arxiv/papers/1810/1810.01965.pdf,True,high,arXiv,,arXiv
463,,3800117772.0,,0,0,0,普通用户,https://www.nature.com/articles/s41586-018-0438-y,https://www.nature.com/articles/s41586-018-0438-y,True,high,Nature,,Nature
464,,5329434101.0,,0,0,0,蓝V,https://www.nature.com/articles/s41586-018-0594-0?utm_source=weibo&utm_medium=social&utm_term=s41586-018-0594-0,https://www.nature.com/articles/s41586-018-0594-0?utm_source=weibo&utm_medium=social&utm_term=s41586-018-0594-0,True,high,Nature,,Nature
465,,2279408463.0,,0,0,0,蓝V,https://link.springer.com/article/10.1007/s10346-015-0557-6?wt_mc=SocialMedia.Weibo.8.CON328.EarthJ_a03_wb&utm_medium=socialmedia&utm_source=weibo&utm_content=earthj_a03_wb&utm_campaign=8_syo1607_earthj_a03_wb,https://link.springer.com/article/10.1007/s10346-015-0557-6?wt_mc=SocialMedia.Weibo.8.CON328.EarthJ_a03_wb&utm_medium=socialmedia&utm_source=weibo&utm_content=earthj_a03_wb&utm_campaign=8_syo1607_earthj_a03_wb,True,high,DOI,10.1007/s10346-015-0557-6?wt_mc=SocialMedia.Weibo.8.CON328.EarthJ_a03_wb&utm_medium=socialmedia&utm_source=weibo&utm_content=earthj_a03_wb&utm_campaign=8_syo1607_earthj_a03_wb,DOI
466,,1870858943.0,,0,0,0,蓝V,https://arxiv.org/abs/1809.05504,https://arxiv.org/abs/1809.05504,True,high,arXiv,,arXiv
467,,5329434101.0,,0,0,0,蓝V,https://www.nature.com/articles/s41586-018-0476-5?utm_source=weibo&utm_medium=social&utm_term=s41586-018-0476-5,https://www.nature.com/articles/s41586-018-0476-5?utm_source=weibo&utm_medium=social&utm_term=s41586-018-0476-5,True,high,Nature,,Nature
468,,2216240737.0,,0,0,0,蓝V,https://genomebiology.biomedcentral.com/articles/10.1186/s13059-018-1525-y?utm_source=Weibo&utm_medium=Social_media_advertisingSocial_media_organic&utm_content=CelZha-MixedBrand-OAB-Multidisciplinary-China&utm_campaign=OAB_AWA_CelloZH_WeiboPost_Unpaid,https://genomebiology.biomedcentral.com/articles/10.1186/s13059-018-1525-y?utm_source=Weibo&utm_medium=Social_media_advertisingSocial_media_organic&utm_content=CelZha-MixedBrand-OAB-Multidisciplinary-China&utm_campaign=OAB_AWA_CelloZH_WeiboPost_Unpaid,True,high,DOI,10.1186/s13059-018-1525-y?utm_source=Weibo&utm_medium=Social_media_advertisingSocial_media_organic&utm_content=CelZha-MixedBrand-OAB-Multidisciplinary-China&utm_campaign=OAB_AWA_CelloZH_WeiboPost_Unpaid,DOI
469,,5329434101.0,,0,0,0,蓝V,https://www.nature.com/articles/s41586-018-0468-5?utm_source=weibo&utm_medium=social&utm_term=s41586-018-0468-5,https://www.nature.com/articles/s41586-018-0468-5?utm_source=weibo&utm_medium=social&utm_term=s41586-018-0468-5,True,high,Nature,,Nature
470,,1235572171.0,,0,0,0,蓝V,https://www.cell.com/cell-metabolism/fulltext/S1550-4131(18)30454-6,https://www.cell.com/cell-metabolism/fulltext/S1550-4131(18)30454-6,True,high,CELL PRESS,,CELL PRESS
471,,5329434101.0,,0,0,0,蓝V,https://www.nature.com/articles/s41567-018-0204-y?utm_source=weibo&utm_medium=social&utm_term=s41567-018-0204-y,https://www.nature.com/articles/s41567-018-0204-y?utm_source=weibo&utm_medium=social&utm_term=s41567-018-0204-y,True,high,Nature,,Nature
472,,5976873363.0,,0,0,0,普通用户,https://injepijournal.biomedcentral.com/articles/10.1186/s40621-018-0174-7?utm_source=other&utm_medium=other&utm_content=null&utm_campaign=BSCN_2_DD_Article_Scinet,https://injepijournal.biomedcentral.com/articles/10.1186/s40621-018-0174-7?utm_source=other&utm_medium=other&utm_content=null&utm_campaign=BSCN_2_DD_Article_Scinet,True,high,DOI,10.1186/s40621-018-0174-7?utm_source=other&utm_medium=other&utm_content=null&utm_campaign=BSCN_2_DD_Article_Scinet,DOI
473,,3710258141.0,,0,0,0,金V,http://iopscience.iop.org/article/10.1088/1741-4326/aa5ea0/meta,http://iopscience.iop.org/article/10.1088/1741-4326/aa5ea0/meta,True,high,DOI,10.1088/1741-4326/aa5ea0/meta,DOI
474,,5329434101.0,,0,0,0,蓝V,https://www.nature.com/articles/s41467-019-08721-0?utm_source=weibo&utm_medium=social&utm_term=s41467-019-08721-0,https://www.nature.com/articles/s41467-019-08721-0?utm_source=weibo&utm_medium=social&utm_term=s41467-019-08721-0,True,high,Nature,,Nature
474,,5329434101.0,,0,0,0,蓝V,https://www.nature.com/articles/s41467-019-08750-9?utm_source=weibo&utm_medium=social&utm_term=s41467-019-08750-9,https://www.nature.com/articles/s41467-019-08750-9?utm_source=weibo&utm_medium=social&utm_term=s41467-019-08750-9,True,high,Nature,,Nature
475,,5356414944.0,,0,0,0,蓝V,https://stm.sciencemag.org/content/11/488/eaav8375,https://stm.sciencemag.org/content/11/488/eaav8375,True,high,Science,,Science
476,,6704969204.0,,0,0,0,蓝V,https://doi.org/10.1093/nsr/nwz002,https://doi.org/10.1093/nsr/nwz002,True,high,DOI,10.1093/nsr/nwz002,DOI
476,,6704969204.0,,0,0,0,蓝V,https://doi.org/10.1093/nsr/nwz003,https://doi.org/10.1093/nsr/nwz003,True,high,DOI,10.1093/nsr/nwz003,DOI
477,,1870858943.0,,0,0,0,蓝V,https://arxiv.org/pdf/1904.01828.pdf,https://arxiv.org/pdf/1904.01828.pdf,True,high,arXiv,,arXiv
478,,6593893685.0,,0,0,0,黄V,http://www.fnyjlc.com/CN/abstract/abstract712.shtml,http://www.fnyjlc.com/CN/abstract/abstract712.shtml,True,medium,学术特征,,/abstract/
479,,1812175903.0,,0,0,0,金V,https://academic.oup.com/nsr/advance-article/doi/10.1093/nsr/nwz043/5420749,https://academic.oup.com/nsr/advance-article/doi/10.1093/nsr/nwz043/5420749,True,high,DOI,10.1093/nsr/nwz043/5420749,DOI
480,,3996731343.0,,0,0,0,普通用户,https://arxiv.org/abs/1612.00593,https://arxiv.org/abs/1612.00593,True,high,arXiv,,arXiv
481,,5582414021.0,,0,0,0,蓝V,https://ieeexplore.ieee.org/document/8344501,https://ieeexplore.ieee.org/document/8344501,True,high,IEEE Xplore,,IEEE Xplore
482,,1235572171.0,,0,0,0,蓝V,https://www.nature.com/articles/s41550-019-0768-1,https://www.nature.com/articles/s41550-019-0768-1,True,high,Nature,,Nature
483,,6614989372.0,,0,0,0,普通用户,https://science.sciencemag.org/content/364/6439/eaav9436,https://science.sciencemag.org/content/364/6439/eaav9436,True,high,Science,,Science
484,,3710258141.0,,0,0,0,金V,https://www.nature.com/articles/s41586-019-1248-6,https://www.nature.com/articles/s41586-019-1248-6,True,high,Nature,,Nature
485,,5501415626.0,,0,0,0,蓝V,https://arxiv.org/abs/1511.07122v3,https://arxiv.org/abs/1511.07122v3,True,high,arXiv,,arXiv
486,,5501415626.0,,0,0,0,蓝V,https://arxiv.org/abs/1512.03385,https://arxiv.org/abs/1512.03385,True,high,arXiv,,arXiv
487,,5501415626.0,,0,0,0,蓝V,https://arxiv.org/abs/1610.02357,https://arxiv.org/abs/1610.02357,True,high,arXiv,,arXiv
488,,5501415626.0,,0,0,0,蓝V,https://openreview.net/pdf?id=HkghWScuoQ,https://openreview.net/pdf?id=HkghWScuoQ,True,high,openreview,,openreview
489,,5501415626.0,,0,0,0,蓝V,https://arxiv.org/pdf/1412.6980v8.pdf,https://arxiv.org/pdf/1412.6980v8.pdf,True,high,arXiv,,arXiv
490,,3213294213.0,,0,0,0,蓝V,https://www.sciencedirect.com/science/article/pii/S1352231018308847,https://www.sciencedirect.com/science/article/pii/S1352231018308847,True,high,SPRINGER,,SPRINGER
491,,5501415626.0,,0,0,0,蓝V,https://arxiv.org/abs/1706.03762,https://arxiv.org/abs/1706.03762,True,high,arXiv,,arXiv
492,,2345219597.0,,0,0,0,蓝V,https://journals.aps.org/prl/abstract/10.1103/PhysRevLett.123.050502,https://journals.aps.org/prl/abstract/10.1103/PhysRevLett.123.050502,True,high,DOI,10.1103/PhysRevLett.123.050502,DOI
493,,6684374689.0,,0,0,0,蓝V,http://www.ecologica.cn/stxb/ch/reader/view_abstract.aspx?file_no=stxb201812292847&flag=1,http://www.ecologica.cn/stxb/ch/reader/view_abstract.aspx?file_no=stxb201812292847&flag=1,True,high,生态学报,,生态学报
494,,3996731343.0,,0,0,0,普通用户,https://www.nature.com/articles/s41591-019-0508-1,https://www.nature.com/articles/s41591-019-0508-1,True,high,Nature,,Nature
494,,3996731343.0,,0,0,0,普通用户,https://arxiv.org/abs/1606.05718,https://arxiv.org/abs/1606.05718,True,high,arXiv,,arXiv
495,,5501415626.0,,0,0,0,蓝V,https://arxiv.org/abs/1608.06993,https://arxiv.org/abs/1608.06993,True,high,arXiv,,arXiv
496,,3710258141.0,,0,0,0,金V,https://journals.aps.org/prl/abstract/10.1103/PhysRevLett.123.061302,https://journals.aps.org/prl/abstract/10.1103/PhysRevLett.123.061302,True,high,DOI,10.1103/PhysRevLett.123.061302,DOI
497,,5329434101.0,,0,0,0,蓝V,https://www.nature.com/articles/s41467-019-11665-0?utm_source=weibo&utm_medium=social&utm_term=s41467-019-11665-0,https://www.nature.com/articles/s41467-019-11665-0?utm_source=weibo&utm_medium=social&utm_term=s41467-019-11665-0,True,high,Nature,,Nature
498,,5329434101.0,,0,0,0,蓝V,https://www.nature.com/articles/s41558-019-0555-0?utm_source=weibo&utm_medium=social&utm_term=s41558-019-0555-0,https://www.nature.com/articles/s41558-019-0555-0?utm_source=weibo&utm_medium=social&utm_term=s41558-019-0555-0,True,high,Nature,,Nature
499,,3889212468.0,,0,0,0,普通用户,https://doi.org/10.1038/s41586-019-1559-7,https://doi.org/10.1038/s41586-019-1559-7,True,high,DOI,10.1038/s41586-019-1559-7,DOI
500,,5501415626.0,,0,0,0,蓝V,https://openreview.net/pdf?id=HkghWScuoQ,https://openreview.net/pdf?id=HkghWScuoQ,True,high,openreview,,openreview
501,,5501415626.0,,0,0,0,蓝V,https://arxiv.org/pdf/1412.6980v8.pdf,https://arxiv.org/pdf/1412.6980v8.pdf,True,high,arXiv,,arXiv
502,,5629095345.0,,0,0,0,蓝V,https://arxiv.org/abs/1511.07122v3,https://arxiv.org/abs/1511.07122v3,True,high,arXiv,,arXiv
503,,5629095345.0,,0,0,0,蓝V,https://arxiv.org/abs/1610.02357,https://arxiv.org/abs/1610.02357,True,high,arXiv,,arXiv
504,,5629095345.0,,0,0,0,蓝V,https://arxiv.org/pdf/1610.02391.pdf,https://arxiv.org/pdf/1610.02391.pdf,True,high,arXiv,,arXiv
505,,1870858943.0,,0,0,0,蓝V,https://arxiv.org/pdf/1905.07129.pdf,https://arxiv.org/pdf/1905.07129.pdf,True,high,arXiv,,arXiv
506,,7006367380.0,,0,0,0,蓝V,https://www.pnas.org/content/early/2019/10/01/1911321116,https://www.pnas.org/content/early/2019/10/01/1911321116,True,high,pnas,,pnas
507,,2345219597.0,,0,0,0,蓝V,https://www.pnas.org/content/early/2019/09/11/1909849116,https://www.pnas.org/content/early/2019/09/11/1909849116,True,high,pnas,,pnas
508,,6347862377.0,,0,0,0,普通用户,https://leon.bottou.org/publications/pdf/jmlr-2013.pdf,https://leon.bottou.org/publications/pdf/jmlr-2013.pdf,True,medium,学术特征,,/publications/
509,,1764919567.0,,0,0,0,红V,https://arxiv.org/abs/1910.01646,https://arxiv.org/abs/1910.01646,True,high,arXiv,,arXiv
510,,6586581066.0,,0,0,0,黄V,https://www.nature.com/articles/s41467-019-12412-1,https://www.nature.com/articles/s41467-019-12412-1,True,high,Nature,,Nature
511,,2736122815.0,,0,0,0,蓝V,https://www.sciencedirect.com/science/article/pii/S2213231719311425,https://www.sciencedirect.com/science/article/pii/S2213231719311425,True,high,SPRINGER,,SPRINGER
512,,6086578527.0,,0,0,0,蓝V,https://arxiv.org/abs/1911.04252,https://arxiv.org/abs/1911.04252,True,high,arXiv,,arXiv
513,,3097251601.0,,0,0,0,蓝V,https://ieeexplore.ieee.org/document/8881840,https://ieeexplore.ieee.org/document/8881840,True,high,IEEE Xplore,,IEEE Xplore
514,,6684374689.0,,0,0,0,蓝V,http://www.ecologica.cn/stxb/ch/reader/view_abstract.aspx?file_no=stxb201808291847&flag=1,http://www.ecologica.cn/stxb/ch/reader/view_abstract.aspx?file_no=stxb201808291847&flag=1,True,high,生态学报,,生态学报
515,,2345219597.0,,0,0,0,蓝V,https://www.nature.com/articles/s41586-019-1734-x,https://www.nature.com/articles/s41586-019-1734-x,True,high,Nature,,Nature
516,,3996876140.0,,0,0,0,蓝V,https://arxiv.org/abs/1911.04252,https://arxiv.org/abs/1911.04252,True,high,arXiv,,arXiv
517,,3996876140.0,,0,0,0,蓝V,https://arxiv.org/pdf/1911.00172.pdf,https://arxiv.org/pdf/1911.00172.pdf,True,high,arXiv,,arXiv
518,,3097251601.0,,0,0,0,蓝V,https://epubs.siam.org/doi/10.1137/18M1205339,https://epubs.siam.org/doi/10.1137/18M1205339,True,high,DOI,10.1137/18M1205339,DOI
519,,1730177302.0,,0,0,0,蓝V,https://www.nature.com/articles/s41467-019-13481-y,https://www.nature.com/articles/s41467-019-13481-y,True,high,Nature,,Nature
520,,1764919567.0,,0,0,0,红V,https://arxiv.org/abs/1912.03301,https://arxiv.org/abs/1912.03301,True,high,arXiv,,arXiv
521,,3097251601.0,,0,0,0,蓝V,https://papers.ssrn.com/sol3/papers.cfm?abstract_id=3368402,https://papers.ssrn.com/sol3/papers.cfm?abstract_id=3368402,True,high,SSRN,,SSRN
522,,2345219597.0,,0,0,0,蓝V,https://www.cell.com/cell-host-microbe/fulltext/S1931-3128(19)30476-7?_returnURL=https%3A%2F%2Flinkinghub.elsevier.com%2Fretrieve%2Fpii%2FS1931312819304767%3Fshowall%3Dtrue,https://www.cell.com/cell-host-microbe/fulltext/S1931-3128(19)30476-7?_returnURL=https://linkinghub.elsevier.com/retrieve/pii/S1931312819304767?showall=true,True,high,Elsevier,,Elsevier
523,,5329434101.0,,0,0,0,蓝V,https://nature.com/articles/s41586-019-1807-x?utm_source=weibo&utm_medium=social&utm_term=s41586-019-1807-x,https://nature.com/articles/s41586-019-1807-x?utm_source=weibo&utm_medium=social&utm_term=s41586-019-1807-x,True,high,Nature,,Nature
523,,5329434101.0,,0,0,0,蓝V,https://nature.com/articles/s41586-019-1811-1?utm_source=weibo&utm_medium=social&utm_term=s41586-019-1811-1,https://nature.com/articles/s41586-019-1811-1?utm_source=weibo&utm_medium=social&utm_term=s41586-019-1811-1,True,high,Nature,,Nature
523,,5329434101.0,,0,0,0,蓝V,https://nature.com/articles/s41586-019-1813-z?utm_source=weibo&utm_medium=social&utm_term=s41586-019-1813-z,https://nature.com/articles/s41586-019-1813-z?utm_source=weibo&utm_medium=social&utm_term=s41586-019-1813-z,True,high,Nature,,Nature
523,,5329434101.0,,0,0,0,蓝V,https://nature.com/articles/s41586-019-1818-7?utm_source=weibo&utm_medium=social&utm_term=s41586-019-1818-7,https://nature.com/articles/s41586-019-1818-7?utm_source=weibo&utm_medium=social&utm_term=s41586-019-1818-7,True,high,Nature,,Nature
524,,5228633483.0,,0,0,0,蓝V,https://ideas.repec.org/p/hku/wpaper/201633.html,https://ideas.repec.org/p/hku/wpaper/201633.html,True,high,IDEAS,,IDEAS
525,,6684374689.0,,0,0,0,蓝V,http://www.ecologica.cn/stxb/ch/reader/view_abstract.aspx?file_no=stxb201909121903&flag=1,http://www.ecologica.cn/stxb/ch/reader/view_abstract.aspx?file_no=stxb201909121903&flag=1,True,high,生态学报,,生态学报
526,,1990821721.0,,0,0,0,金V,https://www.medrxiv.org/content/10.1101/2020.01.23.20018549v1.full.pdf,https://www.medrxiv.org/content/10.1101/2020.01.23.20018549v1.full.pdf,True,high,DOI,10.1101/2020.01.23.20018549v1.full.pdf,DOI
527,,3097251601.0,,0,0,0,蓝V,https://www.usenix.org/conference/nsdi20/presentation/zhang-peng,https://www.usenix.org/conference/nsdi20/presentation/zhang-peng,True,medium,学术特征,,/conference/
528,,3097251601.0,,0,0,0,蓝V,https://journals.plos.org/plosone/article?id=10.1371/journal.pone.0225953,https://journals.plos.org/plosone/article?id=10.1371/journal.pone.0225953,True,high,DOI,10.1371/journal.pone.0225953,DOI
529,,1730177302.0,,0,0,0,蓝V,https://advances.sciencemag.org/content/6/1/eaay6350,https://advances.sciencemag.org/content/6/1/eaay6350,True,high,Science,,Science
530,,1945345954.0,,0,0,0,普通用户,https://onlinelibrary.wiley.com/doi/abs/10.1002/adfm.201909285,https://onlinelibrary.wiley.com/doi/abs/10.1002/adfm.201909285,True,high,DOI,10.1002/adfm.201909285,DOI
531,,2279408463.0,,0,0,0,蓝V,https://link.springer.com/article/10.1007/s42979-019-0056-2?utm_source=weibo&utm_medium=social&utm_content=organic&utm_campaign=SRCN_1_LL01_CN_CNIJ_SNCS,https://link.springer.com/article/10.1007/s42979-019-0056-2?utm_source=weibo&utm_medium=social&utm_content=organic&utm_campaign=SRCN_1_LL01_CN_CNIJ_SNCS,True,high,DOI,10.1007/s42979-019-0056-2?utm_source=weibo&utm_medium=social&utm_content=organic&utm_campaign=SRCN_1_LL01_CN_CNIJ_SNCS,DOI
532,,3097251601.0,,0,0,0,蓝V,http://dx.doi.org/10.1145/3381014,http://dx.doi.org/10.1145/3381014,True,high,DOI,10.1145/3381014,DOI
533,,1665808371.0,,0,0,0,红V,https://www.nature.com/articles/s41467-019-13940-6,https://www.nature.com/articles/s41467-019-13940-6,True,high,Nature,,Nature
534,,5329434101.0,,0,0,0,蓝V,https://nature.com/articles/s41893-020-0488-7?utm_source=weibo&utm_medium=social&utm_term=s41893-020-0488-7,https://nature.com/articles/s41893-020-0488-7?utm_source=weibo&utm_medium=social&utm_term=s41893-020-0488-7,True,high,Nature,,Nature
535,,7303936026.0,,0,0,0,普通用户,https://doi.org/10.1001/jamapsychiatry.2020.0164,https://doi.org/10.1001/jamapsychiatry.2020.0164,True,high,DOI,10.1001/jamapsychiatry.2020.0164,DOI
536,,3097251601.0,,0,0,0,蓝V,https://www.nature.com/articles/s41598-020-58912-9,https://www.nature.com/articles/s41598-020-58912-9,True,high,Nature,,Nature
537,,1877686643.0,,0,0,0,蓝V,https://onlinelibrary.wiley.com/doi/10.1111/jebm.12376,https://onlinelibrary.wiley.com/doi/10.1111/jebm.12376,True,high,DOI,10.1111/jebm.12376,DOI
538,,5107569889.0,,0,0,0,蓝V,https://www.nature.com/articles/s41586-020-2284-y?utm_source=weibo&utm_medium=social&utm_term=s41586-020-2284-y,https://www.nature.com/articles/s41586-020-2284-y?utm_source=weibo&utm_medium=social&utm_term=s41586-020-2284-y,True,high,Nature,,Nature
539,,2126427211.0,,0,0,0,黄V,https://www.aminer.cn/pub/5e5e18d593d709897ce33b3c,https://www.aminer.cn/pub/5e5e18d593d709897ce33b3c,True,high,AMiner,,AMiner
539,,2126427211.0,,0,0,0,黄V,https://www.aminer.cn/pub/5e5e18a293d709897ce21df9,https://www.aminer.cn/pub/5e5e18a293d709897ce21df9,True,high,AMiner,,AMiner
540,,1730177302.0,,0,0,0,蓝V,https://doi.org/10.1016/j.cub.2020.03.060,https://doi.org/10.1016/j.cub.2020.03.060,True,high,DOI,10.1016/j.cub.2020.03.060,DOI
541,,2149904042.0,,0,0,0,普通用户,http://ssrn.com/abstract=3585376,http://ssrn.com/abstract=3585376,True,low,弱学术关键词,,abstract
542,,5514691132.0,,0,0,0,普通用户,https://arxiv.org/abs/2005.13178,https://arxiv.org/abs/2005.13178,True,high,arXiv,,arXiv
543,,5514691132.0,,0,0,0,普通用户,https://arxiv.org/abs/2005.12739,https://arxiv.org/abs/2005.12739,True,high,arXiv,,arXiv
544,,1730177302.0,,0,0,0,蓝V,https://doi.org/10.1126/science.aaz7435,https://doi.org/10.1126/science.aaz7435,True,high,DOI,10.1126/science.aaz7435,DOI
545,,5599962053.0,,0,0,0,普通用户,http://arxiv.org/abs/2006.15457,http://arxiv.org/abs/2006.15457,True,high,arXiv,,arXiv
546,,5599962053.0,,0,0,0,普通用户,http://arxiv.org/abs/2006.15538,http://arxiv.org/abs/2006.15538,True,high,arXiv,,arXiv
547,,5599962053.0,,0,0,0,普通用户,http://arxiv.org/abs/2006.15190,http://arxiv.org/abs/2006.15190,True,high,arXiv,,arXiv
548,,5329434101.0,,0,0,0,蓝V,https://www.nature.com/articles/s41558-020-0815-z?utm_source=weibo&utm_medium=social&utm_term=s41558-020-0815-z,https://www.nature.com/articles/s41558-020-0815-z?utm_source=weibo&utm_medium=social&utm_term=s41558-020-0815-z,True,high,Nature,,Nature
549,,5599962053.0,,0,0,0,普通用户,http://arxiv.org/abs/2006.15517,http://arxiv.org/abs/2006.15517,True,high,arXiv,,arXiv
550,,5599962053.0,,0,0,0,普通用户,http://arxiv.org/abs/2006.12557,http://arxiv.org/abs/2006.12557,True,high,arXiv,,arXiv
551,,5599962053.0,,0,0,0,普通用户,http://arxiv.org/abs/2006.12852,http://arxiv.org/abs/2006.12852,True,high,arXiv,,arXiv
552,,5599962053.0,,0,0,0,普通用户,http://arxiv.org/abs/2006.11453,http://arxiv.org/abs/2006.11453,True,high,arXiv,,arXiv
553,,5599962053.0,,0,0,0,普通用户,http://arxiv.org/abs/2006.11529,http://arxiv.org/abs/2006.11529,True,high,arXiv,,arXiv
554,,5599962053.0,,0,0,0,普通用户,http://arxiv.org/abs/2006.12220,http://arxiv.org/abs/2006.12220,True,high,arXiv,,arXiv
555,,5599962053.0,,0,0,0,普通用户,http://arxiv.org/abs/2006.11376,http://arxiv.org/abs/2006.11376,True,high,arXiv,,arXiv
556,,5599962053.0,,0,0,0,普通用户,http://arxiv.org/abs/2006.11807,http://arxiv.org/abs/2006.11807,True,high,arXiv,,arXiv
557,,1235572171.0,,0,0,0,蓝V,https://www.pnas.org/content/early/2020/06/17/2002722117,https://www.pnas.org/content/early/2020/06/17/2002722117,True,high,pnas,,pnas
558,,5599962053.0,,0,0,0,普通用户,http://arxiv.org/abs/2006.11227,http://arxiv.org/abs/2006.11227,True,high,arXiv,,arXiv
559,,5599962053.0,,0,0,0,普通用户,https://www.arxiv-vanity.com/papers/2007.15560,https://www.arxiv-vanity.com/papers/2007.15560,True,high,arXiv,,arXiv
559,,5599962053.0,,0,0,0,普通用户,http://arxiv.org/abs/2007.15560,http://arxiv.org/abs/2007.15560,True,high,arXiv,,arXiv
560,,5599962053.0,,0,0,0,普通用户,https://www.arxiv-vanity.com/papers/2007.15610,https://www.arxiv-vanity.com/papers/2007.15610,True,high,arXiv,,arXiv
560,,5599962053.0,,0,0,0,普通用户,http://arxiv.org/abs/2007.15610,http://arxiv.org/abs/2007.15610,True,high,arXiv,,arXiv
561,,5599962053.0,,0,0,0,普通用户,http://arxiv.org/abs/2007.15036,http://arxiv.org/abs/2007.15036,True,high,arXiv,,arXiv
562,,5599962053.0,,0,0,0,普通用户,https://www.arxiv-vanity.com/papers/2007.15107,https://www.arxiv-vanity.com/papers/2007.15107,True,high,arXiv,,arXiv
562,,5599962053.0,,0,0,0,普通用户,http://arxiv.org/abs/2007.15107,http://arxiv.org/abs/2007.15107,True,high,arXiv,,arXiv
563,,1945345954.0,,0,0,0,普通用户,https://onlinelibrary.wiley.com/doi/full/10.1002/adfm.202004144,https://onlinelibrary.wiley.com/doi/full/10.1002/adfm.202004144,True,high,DOI,10.1002/adfm.202004144,DOI
564,,5599962053.0,,0,0,0,普通用户,https://www.arxiv-vanity.com/papers/2007.14487,https://www.arxiv-vanity.com/papers/2007.14487,True,high,arXiv,,arXiv
564,,5599962053.0,,0,0,0,普通用户,http://arxiv.org/abs/2007.14487,http://arxiv.org/abs/2007.14487,True,high,arXiv,,arXiv
565,,5599962053.0,,0,0,0,普通用户,https://www.arxiv-vanity.com/papers/2007.14958,https://www.arxiv-vanity.com/papers/2007.14958,True,high,arXiv,,arXiv
565,,5599962053.0,,0,0,0,普通用户,http://arxiv.org/abs/2007.14958,http://arxiv.org/abs/2007.14958,True,high,arXiv,,arXiv
566,,5599962053.0,,0,0,0,普通用户,https://www.arxiv-vanity.com/papers/2007.12750,https://www.arxiv-vanity.com/papers/2007.12750,True,high,arXiv,,arXiv
566,,5599962053.0,,0,0,0,普通用户,http://arxiv.org/abs/2007.12750,http://arxiv.org/abs/2007.12750,True,high,arXiv,,arXiv
567,,5599962053.0,,0,0,0,普通用户,https://www.arxiv-vanity.com/papers/2007.13249,https://www.arxiv-vanity.com/papers/2007.13249,True,high,arXiv,,arXiv
567,,5599962053.0,,0,0,0,普通用户,http://arxiv.org/abs/2007.13249,http://arxiv.org/abs/2007.13249,True,high,arXiv,,arXiv
568,,1730177302.0,,0,0,0,蓝V,https://doi.org/10.1016/j.cub.2020.06.045,https://doi.org/10.1016/j.cub.2020.06.045,True,high,DOI,10.1016/j.cub.2020.06.045,DOI
569,,5599962053.0,,0,0,0,普通用户,https://www.arxiv-vanity.com/papers/2007.12368,https://www.arxiv-vanity.com/papers/2007.12368,True,high,arXiv,,arXiv
569,,5599962053.0,,0,0,0,普通用户,http://arxiv.org/abs/2007.12368,http://arxiv.org/abs/2007.12368,True,high,arXiv,,arXiv
570,,5599962053.0,,0,0,0,普通用户,https://www.arxiv-vanity.com/papers/2007.12287,https://www.arxiv-vanity.com/papers/2007.12287,True,high,arXiv,,arXiv
570,,5599962053.0,,0,0,0,普通用户,http://arxiv.org/abs/2007.12287,http://arxiv.org/abs/2007.12287,True,high,arXiv,,arXiv
571,,5599962053.0,,0,0,0,普通用户,https://www.arxiv-vanity.com/papers/2007.12303,https://www.arxiv-vanity.com/papers/2007.12303,True,high,arXiv,,arXiv
571,,5599962053.0,,0,0,0,普通用户,http://arxiv.org/abs/2007.12303,http://arxiv.org/abs/2007.12303,True,high,arXiv,,arXiv
572,,5599962053.0,,0,0,0,普通用户,https://www.arxiv-vanity.com/papers/2007.12248,https://www.arxiv-vanity.com/papers/2007.12248,True,high,arXiv,,arXiv
572,,5599962053.0,,0,0,0,普通用户,http://arxiv.org/abs/2007.12248,http://arxiv.org/abs/2007.12248,True,high,arXiv,,arXiv
573,,5599962053.0,,0,0,0,普通用户,https://www.arxiv-vanity.com/papers/2007.12131,https://www.arxiv-vanity.com/papers/2007.12131,True,high,arXiv,,arXiv
573,,5599962053.0,,0,0,0,普通用户,http://arxiv.org/abs/2007.12131,http://arxiv.org/abs/2007.12131,True,high,arXiv,,arXiv
574,,1730177302.0,,0,0,0,蓝V,https://essd.copernicus.org/articles/12/1625/2020/essd-12-1625-2020.html,https://essd.copernicus.org/articles/12/1625/2020/essd-12-1625-2020.html,True,high,Copernicus/EGU,,Copernicus/EGU
575,,5599962053.0,,0,0,0,普通用户,https://www.arxiv-vanity.com/papers/2007.11323,https://www.arxiv-vanity.com/papers/2007.11323,True,high,arXiv,,arXiv
575,,5599962053.0,,0,0,0,普通用户,http://arxiv.org/abs/2007.11323,http://arxiv.org/abs/2007.11323,True,high,arXiv,,arXiv
576,,5599962053.0,,0,0,0,普通用户,https://www.arxiv-vanity.com/papers/2007.10479,https://www.arxiv-vanity.com/papers/2007.10479,True,high,arXiv,,arXiv
576,,5599962053.0,,0,0,0,普通用户,http://arxiv.org/abs/2007.10479,http://arxiv.org/abs/2007.10479,True,high,arXiv,,arXiv
577,,5599962053.0,,0,0,0,普通用户,https://www.arxiv-vanity.com/papers/2007.09470,https://www.arxiv-vanity.com/papers/2007.09470,True,high,arXiv,,arXiv
577,,5599962053.0,,0,0,0,普通用户,http://arxiv.org/abs/2007.09470,http://arxiv.org/abs/2007.09470,True,high,arXiv,,arXiv
578,,5599962053.0,,0,0,0,普通用户,https://www.arxiv-vanity.com/papers/2007.10143,https://www.arxiv-vanity.com/papers/2007.10143,True,high,arXiv,,arXiv
578,,5599962053.0,,0,0,0,普通用户,http://arxiv.org/abs/2007.10143,http://arxiv.org/abs/2007.10143,True,high,arXiv,,arXiv
579,,5599962053.0,,0,0,0,普通用户,https://www.arxiv-vanity.com/papers/2007.08897,https://www.arxiv-vanity.com/papers/2007.08897,True,high,arXiv,,arXiv
579,,5599962053.0,,0,0,0,普通用户,http://arxiv.org/abs/2007.08897,http://arxiv.org/abs/2007.08897,True,high,arXiv,,arXiv
580,,5599962053.0,,0,0,0,普通用户,http://arxiv.org/abs/2008.12680,http://arxiv.org/abs/2008.12680,True,high,arXiv,,arXiv
580,,5599962053.0,,0,0,0,普通用户,https://www.arxiv-vanity.com/papers/2008.12680,https://www.arxiv-vanity.com/papers/2008.12680,True,high,arXiv,,arXiv
581,,1730177302.0,,0,0,0,蓝V,https://academic.oup.com/petrology/article/60/12/2281/5736144,https://academic.oup.com/petrology/article/60/12/2281/5736144,True,high,Oxford Academic,,Oxford Academic
582,,5599962053.0,,0,0,0,普通用户,http://arxiv.org/abs/2008.12052,http://arxiv.org/abs/2008.12052,True,high,arXiv,,arXiv
582,,5599962053.0,,0,0,0,普通用户,https://www.arxiv-vanity.com/papers/2008.12052,https://www.arxiv-vanity.com/papers/2008.12052,True,high,arXiv,,arXiv
583,,5599962053.0,,0,0,0,普通用户,http://arxiv.org/abs/2008.11946,http://arxiv.org/abs/2008.11946,True,high,arXiv,,arXiv
583,,5599962053.0,,0,0,0,普通用户,https://www.arxiv-vanity.com/papers/2008.11946,https://www.arxiv-vanity.com/papers/2008.11946,True,high,arXiv,,arXiv
584,,5599962053.0,,0,0,0,普通用户,http://arxiv.org/abs/2008.11932,http://arxiv.org/abs/2008.11932,True,high,arXiv,,arXiv
584,,5599962053.0,,0,0,0,普通用户,https://www.arxiv-vanity.com/papers/2008.11932,https://www.arxiv-vanity.com/papers/2008.11932,True,high,arXiv,,arXiv
585,,5599962053.0,,0,0,0,普通用户,http://arxiv.org/abs/2008.11772,http://arxiv.org/abs/2008.11772,True,high,arXiv,,arXiv
585,,5599962053.0,,0,0,0,普通用户,https://www.arxiv-vanity.com/papers/2008.11772,https://www.arxiv-vanity.com/papers/2008.11772,True,high,arXiv,,arXiv
586,,5599962053.0,,0,0,0,普通用户,http://arxiv.org/abs/2008.10652,http://arxiv.org/abs/2008.10652,True,high,arXiv,,arXiv
586,,5599962053.0,,0,0,0,普通用户,https://www.arxiv-vanity.com/papers/2008.10652,https://www.arxiv-vanity.com/papers/2008.10652,True,high,arXiv,,arXiv
587,,5599962053.0,,0,0,0,普通用户,http://arxiv.org/abs/2008.10592,http://arxiv.org/abs/2008.10592,True,high,arXiv,,arXiv
587,,5599962053.0,,0,0,0,普通用户,https://www.arxiv-vanity.com/papers/2008.10592,https://www.arxiv-vanity.com/papers/2008.10592,True,high,arXiv,,arXiv
588,,5599962053.0,,0,0,0,普通用户,http://arxiv.org/abs/2008.09880,http://arxiv.org/abs/2008.09880,True,high,arXiv,,arXiv
588,,5599962053.0,,0,0,0,普通用户,https://www.arxiv-vanity.com/papers/2008.09880,https://www.arxiv-vanity.com/papers/2008.09880,True,high,arXiv,,arXiv
589,,5599962053.0,,0,0,0,普通用户,http://arxiv.org/abs/2008.09866,http://arxiv.org/abs/2008.09866,True,high,arXiv,,arXiv
589,,5599962053.0,,0,0,0,普通用户,https://www.arxiv-vanity.com/papers/2008.09866,https://www.arxiv-vanity.com/papers/2008.09866,True,high,arXiv,,arXiv
590,,6451404278.0,,0,0,0,蓝V,https://www.biorxiv.org/content/10.1101/2020.06.25.171611v2.full,https://www.biorxiv.org/content/10.1101/2020.06.25.171611v2.full,True,high,DOI,10.1101/2020.06.25.171611v2.full,DOI
591,,1235572171.0,,0,0,0,蓝V,https://www.biorxiv.org/content/10.1101/2020.06.25.171611v2.full,https://www.biorxiv.org/content/10.1101/2020.06.25.171611v2.full,True,high,DOI,10.1101/2020.06.25.171611v2.full,DOI
592,,5599962053.0,,0,0,0,普通用户,http://arxiv.org/abs/2008.09229,http://arxiv.org/abs/2008.09229,True,high,arXiv,,arXiv
592,,5599962053.0,,0,0,0,普通用户,https://www.arxiv-vanity.com/papers/2008.09229,https://www.arxiv-vanity.com/papers/2008.09229,True,high,arXiv,,arXiv
593,,5599962053.0,,0,0,0,普通用户,http://arxiv.org/abs/2008.09088,http://arxiv.org/abs/2008.09088,True,high,arXiv,,arXiv
593,,5599962053.0,,0,0,0,普通用户,https://www.arxiv-vanity.com/papers/2008.09088,https://www.arxiv-vanity.com/papers/2008.09088,True,high,arXiv,,arXiv
594,,6684374689.0,,0,0,0,蓝V,http://www.ecologica.cn/stxb/ch/reader/view_abstract.aspx?file_no=stxb201904060671&flag=1,http://www.ecologica.cn/stxb/ch/reader/view_abstract.aspx?file_no=stxb201904060671&flag=1,True,high,生态学报,,生态学报
595,,5599962053.0,,0,0,0,普通用户,http://arxiv.org/abs/2009.13077,http://arxiv.org/abs/2009.13077,True,high,arXiv,,arXiv
595,,5599962053.0,,0,0,0,普通用户,https://www.arxiv-vanity.com/papers/2009.13077,https://www.arxiv-vanity.com/papers/2009.13077,True,high,arXiv,,arXiv
596,,5599962053.0,,0,0,0,普通用户,http://arxiv.org/abs/2009.12829,http://arxiv.org/abs/2009.12829,True,high,arXiv,,arXiv
596,,5599962053.0,,0,0,0,普通用户,https://www.arxiv-vanity.com/papers/2009.12829,https://www.arxiv-vanity.com/papers/2009.12829,True,high,arXiv,,arXiv
597,,5599962053.0,,0,0,0,普通用户,http://arxiv.org/abs/2009.12419,http://arxiv.org/abs/2009.12419,True,high,arXiv,,arXiv
597,,5599962053.0,,0,0,0,普通用户,https://www.arxiv-vanity.com/papers/2009.12419,https://www.arxiv-vanity.com/papers/2009.12419,True,high,arXiv,,arXiv
598,,5599962053.0,,0,0,0,普通用户,http://arxiv.org/abs/2009.12875,http://arxiv.org/abs/2009.12875,True,high,arXiv,,arXiv
598,,5599962053.0,,0,0,0,普通用户,https://www.arxiv-vanity.com/papers/2009.12875,https://www.arxiv-vanity.com/papers/2009.12875,True,high,arXiv,,arXiv
599,,5599962053.0,,0,0,0,普通用户,http://arxiv.org/abs/2009.12466,http://arxiv.org/abs/2009.12466,True,high,arXiv,,arXiv
599,,5599962053.0,,0,0,0,普通用户,https://www.arxiv-vanity.com/papers/2009.12466,https://www.arxiv-vanity.com/papers/2009.12466,True,high,arXiv,,arXiv
600,,5599962053.0,,0,0,0,普通用户,http://arxiv.org/abs/2009.12437,http://arxiv.org/abs/2009.12437,True,high,arXiv,,arXiv
600,,5599962053.0,,0,0,0,普通用户,https://www.arxiv-vanity.com/papers/2009.12437,https://www.arxiv-vanity.com/papers/2009.12437,True,high,arXiv,,arXiv
601,,1729014640.0,,0,0,0,蓝V,https://doi.org/10.1126/science.abb6460,https://doi.org/10.1126/science.abb6460,True,high,DOI,10.1126/science.abb6460,DOI
602,,5599962053.0,,0,0,0,普通用户,http://arxiv.org/abs/2009.12053,http://arxiv.org/abs/2009.12053,True,high,arXiv,,arXiv
602,,5599962053.0,,0,0,0,普通用户,https://www.arxiv-vanity.com/papers/2009.12053,https://www.arxiv-vanity.com/papers/2009.12053,True,high,arXiv,,arXiv
603,,1729014640.0,,0,0,0,蓝V,https://doi.org/10.1038/s41586-020-2761-3,https://doi.org/10.1038/s41586-020-2761-3,True,high,DOI,10.1038/s41586-020-2761-3,DOI
604,,5599962053.0,,0,0,0,普通用户,http://arxiv.org/abs/2009.11551,http://arxiv.org/abs/2009.11551,True,high,arXiv,,arXiv
604,,5599962053.0,,0,0,0,普通用户,https://www.arxiv-vanity.com/papers/2009.11551,https://www.arxiv-vanity.com/papers/2009.11551,True,high,arXiv,,arXiv
605,,1729014640.0,,0,0,0,蓝V,https://doi.org/10.1016/j.stem.2020.08.014,https://doi.org/10.1016/j.stem.2020.08.014,True,high,DOI,10.1016/j.stem.2020.08.014,DOI
606,,5329434101.0,,0,0,0,蓝V,https://www.nature.com/articles/s41586-020-2761-3?utm_source=weibo&utm_medium=social&utm_term=s41586-020-2761-3,https://www.nature.com/articles/s41586-020-2761-3?utm_source=weibo&utm_medium=social&utm_term=s41586-020-2761-3,True,high,Nature,,Nature
607,,1730177302.0,,0,0,0,蓝V,https://onlinelibrary.wiley.com/doi/10.1002/anie.202011474,https://onlinelibrary.wiley.com/doi/10.1002/anie.202011474,True,high,DOI,10.1002/anie.202011474,DOI
608,,5599962053.0,,0,0,0,普通用户,http://arxiv.org/abs/2009.10549,http://arxiv.org/abs/2009.10549,True,high,arXiv,,arXiv
608,,5599962053.0,,0,0,0,普通用户,https://www.arxiv-vanity.com/papers/2009.10549,https://www.arxiv-vanity.com/papers/2009.10549,True,high,arXiv,,arXiv
609,,5599962053.0,,0,0,0,普通用户,http://arxiv.org/abs/2009.10058,http://arxiv.org/abs/2009.10058,True,high,arXiv,,arXiv
609,,5599962053.0,,0,0,0,普通用户,https://www.arxiv-vanity.com/papers/2009.10058,https://www.arxiv-vanity.com/papers/2009.10058,True,high,arXiv,,arXiv
610,,5599962053.0,,0,0,0,普通用户,http://arxiv.org/abs/2009.10013,http://arxiv.org/abs/2009.10013,True,high,arXiv,,arXiv
610,,5599962053.0,,0,0,0,普通用户,https://www.arxiv-vanity.com/papers/2009.10013,https://www.arxiv-vanity.com/papers/2009.10013,True,high,arXiv,,arXiv
611,,5599962053.0,,0,0,0,普通用户,http://arxiv.org/abs/2009.09343,http://arxiv.org/abs/2009.09343,True,high,arXiv,,arXiv
611,,5599962053.0,,0,0,0,普通用户,https://www.arxiv-vanity.com/papers/2009.09343,https://www.arxiv-vanity.com/papers/2009.09343,True,high,arXiv,,arXiv
612,,5599962053.0,,0,0,0,普通用户,http://arxiv.org/abs/2009.09496,http://arxiv.org/abs/2009.09496,True,high,arXiv,,arXiv
612,,5599962053.0,,0,0,0,普通用户,https://www.arxiv-vanity.com/papers/2009.09496,https://www.arxiv-vanity.com/papers/2009.09496,True,high,arXiv,,arXiv
613,,5599962053.0,,0,0,0,普通用户,http://arxiv.org/abs/2009.08825,http://arxiv.org/abs/2009.08825,True,high,arXiv,,arXiv
613,,5599962053.0,,0,0,0,普通用户,https://www.arxiv-vanity.com/papers/2009.08825,https://www.arxiv-vanity.com/papers/2009.08825,True,high,arXiv,,arXiv
614,,5599962053.0,,0,0,0,普通用户,http://arxiv.org/abs/2009.08891,http://arxiv.org/abs/2009.08891,True,high,arXiv,,arXiv
614,,5599962053.0,,0,0,0,普通用户,https://www.arxiv-vanity.com/papers/2009.08891,https://www.arxiv-vanity.com/papers/2009.08891,True,high,arXiv,,arXiv
615,,1730177302.0,,0,0,0,蓝V,https://iopscience.iop.org/article/10.3847/2041-8213/abb096,https://iopscience.iop.org/article/10.3847/2041-8213/abb096,True,high,DOI,10.3847/2041-8213/abb096,DOI
616,,1729014640.0,,0,0,0,蓝V,https://doi.org/10.1126/sciadv.aba3760,https://doi.org/10.1126/sciadv.aba3760,True,high,DOI,10.1126/sciadv.aba3760,DOI
617,,5599962053.0,,0,0,0,普通用户,http://arxiv.org/abs/2010.15158,http://arxiv.org/abs/2010.15158,True,high,arXiv,,arXiv
617,,5599962053.0,,0,0,0,普通用户,https://www.arxiv-vanity.com/papers/2010.15158,https://www.arxiv-vanity.com/papers/2010.15158,True,high,arXiv,,arXiv
618,,1870858943.0,,0,0,0,蓝V,https://www.aminer.cn/pub/5ea16b2b91e011fa08b8f719?conf=emnlp2020?f=wb,https://www.aminer.cn/pub/5ea16b2b91e011fa08b8f719?conf=emnlp2020?f=wb,True,high,AMiner,,AMiner
619,,5599962053.0,,0,0,0,普通用户,http://arxiv.org/abs/2010.13676,http://arxiv.org/abs/2010.13676,True,high,arXiv,,arXiv
619,,5599962053.0,,0,0,0,普通用户,https://www.arxiv-vanity.com/papers/2010.13676,https://www.arxiv-vanity.com/papers/2010.13676,True,high,arXiv,,arXiv
620,,3097251601.0,,0,0,0,蓝V,https://www.sciencedirect.com/science/article/abs/pii/S0743731520303117?via%3Dihub,https://www.sciencedirect.com/science/article/abs/pii/S0743731520303117?via=ihub,True,high,Elsevier,,Elsevier
621,,5599962053.0,,0,0,0,普通用户,http://arxiv.org/abs/2010.12011,http://arxiv.org/abs/2010.12011,True,high,arXiv,,arXiv
621,,5599962053.0,,0,0,0,普通用户,https://www.arxiv-vanity.com/papers/2010.12011,https://www.arxiv-vanity.com/papers/2010.12011,True,high,arXiv,,arXiv
622,,5599962053.0,,0,0,0,普通用户,http://arxiv.org/abs/2010.11661,http://arxiv.org/abs/2010.11661,True,high,arXiv,,arXiv
622,,5599962053.0,,0,0,0,普通用户,https://www.arxiv-vanity.com/papers/2010.11661,https://www.arxiv-vanity.com/papers/2010.11661,True,high,arXiv,,arXiv
623,,5599962053.0,,0,0,0,普通用户,http://arxiv.org/abs/2010.11475,http://arxiv.org/abs/2010.11475,True,high,arXiv,,arXiv
623,,5599962053.0,,0,0,0,普通用户,https://www.arxiv-vanity.com/papers/2010.11475,https://www.arxiv-vanity.com/papers/2010.11475,True,high,arXiv,,arXiv
624,,5599962053.0,,0,0,0,普通用户,http://arxiv.org/abs/2010.11423,http://arxiv.org/abs/2010.11423,True,high,arXiv,,arXiv
624,,5599962053.0,,0,0,0,普通用户,https://www.arxiv-vanity.com/papers/2010.11423,https://www.arxiv-vanity.com/papers/2010.11423,True,high,arXiv,,arXiv
625,,5599962053.0,,0,0,0,普通用户,http://arxiv.org/abs/2010.11398,http://arxiv.org/abs/2010.11398,True,high,arXiv,,arXiv
625,,5599962053.0,,0,0,0,普通用户,https://www.arxiv-vanity.com/papers/2010.11398,https://www.arxiv-vanity.com/papers/2010.11398,True,high,arXiv,,arXiv
626,,5599962053.0,,0,0,0,普通用户,http://arxiv.org/abs/2010.10593,http://arxiv.org/abs/2010.10593,True,high,arXiv,,arXiv
626,,5599962053.0,,0,0,0,普通用户,https://www.arxiv-vanity.com/papers/2010.10593,https://www.arxiv-vanity.com/papers/2010.10593,True,high,arXiv,,arXiv
627,,1764919567.0,,0,0,0,红V,https://arxiv.org/abs/2010.10506,https://arxiv.org/abs/2010.10506,True,high,arXiv,,arXiv
627,,1764919567.0,,0,0,0,红V,https://www.sciencedirect.com/science/article/pii/S0021999115007561?via%3Dihub,https://www.sciencedirect.com/science/article/pii/S0021999115007561?via=ihub,True,high,SPRINGER,,SPRINGER
628,,5599962053.0,,0,0,0,普通用户,http://arxiv.org/abs/2011.12954,http://arxiv.org/abs/2011.12954,True,high,arXiv,,arXiv
628,,5599962053.0,,0,0,0,普通用户,https://www.arxiv-vanity.com/papers/2011.12954,https://www.arxiv-vanity.com/papers/2011.12954,True,high,arXiv,,arXiv
629,,5599962053.0,,0,0,0,普通用户,http://arxiv.org/abs/2011.12836,http://arxiv.org/abs/2011.12836,True,high,arXiv,,arXiv
629,,5599962053.0,,0,0,0,普通用户,https://www.arxiv-vanity.com/papers/2011.12836,https://www.arxiv-vanity.com/papers/2011.12836,True,high,arXiv,,arXiv
630,,1729014640.0,,0,0,0,蓝V,https://doi.org/10.1016/j.cub.2020.10.078,https://doi.org/10.1016/j.cub.2020.10.078,True,high,DOI,10.1016/j.cub.2020.10.078,DOI
631,,5599962053.0,,0,0,0,普通用户,http://arxiv.org/abs/2011.12836,http://arxiv.org/abs/2011.12836,True,high,arXiv,,arXiv
631,,5599962053.0,,0,0,0,普通用户,https://www.arxiv-vanity.com/papers/2011.12836,https://www.arxiv-vanity.com/papers/2011.12836,True,high,arXiv,,arXiv
632,,5599962053.0,,0,0,0,普通用户,http://arxiv.org/abs/2011.11036,http://arxiv.org/abs/2011.11036,True,high,arXiv,,arXiv
632,,5599962053.0,,0,0,0,普通用户,https://www.arxiv-vanity.com/papers/2011.11036,https://www.arxiv-vanity.com/papers/2011.11036,True,high,arXiv,,arXiv
633,,5599962053.0,,0,0,0,普通用户,http://arxiv.org/abs/2011.11344,http://arxiv.org/abs/2011.11344,True,high,arXiv,,arXiv
633,,5599962053.0,,0,0,0,普通用户,https://www.arxiv-vanity.com/papers/2011.11344,https://www.arxiv-vanity.com/papers/2011.11344,True,high,arXiv,,arXiv
634,,1729014640.0,,0,0,0,蓝V,https://doi.org/10.1016/j.isci.2020.101791,https://doi.org/10.1016/j.isci.2020.101791,True,high,DOI,10.1016/j.isci.2020.101791,DOI
635,,5599962053.0,,0,0,0,普通用户,http://arxiv.org/abs/2011.10290,http://arxiv.org/abs/2011.10290,True,high,arXiv,,arXiv
635,,5599962053.0,,0,0,0,普通用户,https://www.arxiv-vanity.com/papers/2011.10290,https://www.arxiv-vanity.com/papers/2011.10290,True,high,arXiv,,arXiv
636,,5599962053.0,,0,0,0,普通用户,http://arxiv.org/abs/2011.10077,http://arxiv.org/abs/2011.10077,True,high,arXiv,,arXiv
636,,5599962053.0,,0,0,0,普通用户,https://www.arxiv-vanity.com/papers/2011.10077,https://www.arxiv-vanity.com/papers/2011.10077,True,high,arXiv,,arXiv
637,,3710258141.0,,0,0,0,金V,https://doi.org/10.1016/j.xinn.2020.100053,https://doi.org/10.1016/j.xinn.2020.100053,True,high,DOI,10.1016/j.xinn.2020.100053,DOI
638,,5599962053.0,,0,0,0,普通用户,http://arxiv.org/abs/2011.08916,http://arxiv.org/abs/2011.08916,True,high,arXiv,,arXiv
638,,5599962053.0,,0,0,0,普通用户,https://www.arxiv-vanity.com/papers/2011.08916,https://www.arxiv-vanity.com/papers/2011.08916,True,high,arXiv,,arXiv
639,,1729014640.0,,0,0,0,蓝V,https://doi.org/10.3847/1538-4365/abbb2d,https://doi.org/10.3847/1538-4365/abbb2d,True,high,DOI,10.3847/1538-4365/abbb2d,DOI
640,,5599962053.0,,0,0,0,普通用户,http://arxiv.org/abs/2011.08261,http://arxiv.org/abs/2011.08261,True,high,arXiv,,arXiv
640,,5599962053.0,,0,0,0,普通用户,https://www.arxiv-vanity.com/papers/2011.08261,https://www.arxiv-vanity.com/papers/2011.08261,True,high,arXiv,,arXiv
641,,1870858943.0,,0,0,0,蓝V,https://www.aminer.cn/pub/5fd8b1d691e0119b22c1f3f1/?conf=aaai2021?f=wb,https://www.aminer.cn/pub/5fd8b1d691e0119b22c1f3f1/?conf=aaai2021?f=wb,True,high,AMiner,,AMiner
642,,1870858943.0,,0,0,0,蓝V,https://www.aminer.cn/pub/5ef96b048806af6ef277212d/?conf=ijcai2020?f=wb,https://www.aminer.cn/pub/5ef96b048806af6ef277212d/?conf=ijcai2020?f=wb,True,high,AMiner,,AMiner
643,,1870858943.0,,0,0,0,蓝V,https://www.aminer.cn/pub/5fc4d78691e011abfa2fb02c?conf=aaai2021?f=wb,https://www.aminer.cn/pub/5fc4d78691e011abfa2fb02c?conf=aaai2021?f=wb,True,high,AMiner,,AMiner
644,,1729014640.0,,0,0,0,蓝V,https://doi.org/10.1038/s41893-020-00656-5,https://doi.org/10.1038/s41893-020-00656-5,True,high,DOI,10.1038/s41893-020-00656-5,DOI
645,,1729014640.0,,0,0,0,蓝V,https://doi.org/10.1021/acs.est.0c04941,https://doi.org/10.1021/acs.est.0c04941,True,high,DOI,10.1021/acs.est.0c04941,DOI
646,,1729014640.0,,0,0,0,蓝V,https://doi.org/10.1093/nsr/nwaa292,https://doi.org/10.1093/nsr/nwaa292,True,high,DOI,10.1093/nsr/nwaa292,DOI
647,,1729014640.0,,0,0,0,蓝V,https://www.sciencedirect.com/science/article/abs/pii/S0304383520306273,https://www.sciencedirect.com/science/article/abs/pii/S0304383520306273,True,high,Elsevier,,Elsevier
648,,1729014640.0,,0,0,0,蓝V,https://www.cell.com/biophysj/fulltext/S0006-3495(20)30825-0,https://www.cell.com/biophysj/fulltext/S0006-3495(20)30825-0,True,high,CELL PRESS,,CELL PRESS
649,,1894295570.0,,0,0,0,蓝V,https://www.scirp.org/journal/paperinformation.aspx?paperid=104599&utm_campaign=weibo&utm_medium=chenling,https://www.scirp.org/journal/paperinformation.aspx?paperid=104599&utm_campaign=weibo&utm_medium=chenling,True,high,SCIRP 美国科研出版社,,SCIRP 美国科研出版社
650,,6526109246.0,,0,0,0,普通用户,https://science.sciencemag.org/content/366/6464/447,https://science.sciencemag.org/content/366/6464/447,True,high,Science,,Science
651,,5329434101.0,,0,0,0,蓝V,https://www.nature.com/articles/s43587-020-00003-5?utm_source=weibo&utm_medium=social&utm_term=s43587-020-00003-5,https://www.nature.com/articles/s43587-020-00003-5?utm_source=weibo&utm_medium=social&utm_term=s43587-020-00003-5,True,high,Nature,,Nature
652,,2427364747.0,,0,0,0,蓝V,http://dx.doi.org/10.3390/geosciences10110428,http://dx.doi.org/10.3390/geosciences10110428,True,high,DOI,10.3390/geosciences10110428,DOI
653,,3097251601.0,,0,0,0,蓝V,https://www.nature.com/articles/s41928-020-00510-8,https://www.nature.com/articles/s41928-020-00510-8,True,high,Nature,,Nature
654,,5953063530.0,,0,0,0,普通用户,http://www.iapjournals.ac.cn/dqkx/cn/article/doi/10.3878/j.issn.1006-9895.2010.20107,http://www.iapjournals.ac.cn/dqkx/cn/article/doi/10.3878/j.issn.1006-9895.2010.20107,True,high,DOI,10.3878/j.issn.1006-9895.2010.20107,DOI
655,,2427364747.0,,0,0,0,蓝V,https://doi.org/10.1016/j.cell.2021.01.001,https://doi.org/10.1016/j.cell.2021.01.001,True,high,DOI,10.1016/j.cell.2021.01.001,DOI
656,,6320096202.0,,0,0,0,普通用户,https://onlinelibrary.wiley.com/doi/10.1002/ece3.7088,https://onlinelibrary.wiley.com/doi/10.1002/ece3.7088,True,high,DOI,10.1002/ece3.7088,DOI
657,,1729014640.0,,0,0,0,蓝V,https://doi.org/10.3847/2041-8213/abd318,https://doi.org/10.3847/2041-8213/abd318,True,high,DOI,10.3847/2041-8213/abd318,DOI
658,,5976873363.0,,0,0,0,普通用户,https://science.sciencemag.org/cgi/doi/10.1126/science.abg0879,https://science.sciencemag.org/cgi/doi/10.1126/science.abg0879,True,high,DOI,10.1126/science.abg0879,DOI
659,,5599962053.0,,0,0,0,普通用户,http://arxiv.org/abs/2101.12050,http://arxiv.org/abs/2101.12050,True,high,arXiv,,arXiv
660,,1729014640.0,,0,0,0,蓝V,http://dx.doi.org/10.1126/science.abc1944,http://dx.doi.org/10.1126/science.abc1944,True,high,DOI,10.1126/science.abc1944,DOI
661,,5599962053.0,,0,0,0,普通用户,http://arxiv.org/abs/2101.10450,http://arxiv.org/abs/2101.10450,True,high,arXiv,,arXiv
662,,5599962053.0,,0,0,0,普通用户,http://arxiv.org/abs/2101.10674,http://arxiv.org/abs/2101.10674,True,high,arXiv,,arXiv
663,,1730177302.0,,0,0,0,蓝V,https://doi.org/10.1016/j.agwat.2020.106461,https://doi.org/10.1016/j.agwat.2020.106461,True,high,DOI,10.1016/j.agwat.2020.106461,DOI
664,,5599962053.0,,0,0,0,普通用户,http://arxiv.org/abs/2101.09617,http://arxiv.org/abs/2101.09617,True,high,arXiv,,arXiv
665,,5599962053.0,,0,0,0,普通用户,http://arxiv.org/abs/2101.08052,http://arxiv.org/abs/2101.08052,True,high,arXiv,,arXiv
666,,1870858943.0,,0,0,0,蓝V,https://www.aminer.cn/pub/5fcf52ce91e011f4c80bac83/?conf=aaai2021?f=wb,https://www.aminer.cn/pub/5fcf52ce91e011f4c80bac83/?conf=aaai2021?f=wb,True,high,AMiner,,AMiner
667,,1729014640.0,,0,0,0,蓝V,https://science.sciencemag.org/cgi/doi/10.1126/science.abg0879,https://science.sciencemag.org/cgi/doi/10.1126/science.abg0879,True,high,DOI,10.1126/science.abg0879,DOI
668,,2427364747.0,,0,0,0,蓝V,http://dx.doi.org/10.1126/science.abc1944,http://dx.doi.org/10.1126/science.abc1944,True,high,DOI,10.1126/science.abc1944,DOI
669,,1729014640.0,,0,0,0,蓝V,https://doi.org/10.1016/j.cell.2021.01.001,https://doi.org/10.1016/j.cell.2021.01.001,True,high,DOI,10.1016/j.cell.2021.01.001,DOI
670,,5599962053.0,,0,0,0,普通用户,http://arxiv.org/abs/2101.08993,http://arxiv.org/abs/2101.08993,True,high,arXiv,,arXiv
671,,2427364747.0,,0,0,0,蓝V,https://doi.org/10.1038/s41591-020-01198-1,https://doi.org/10.1038/s41591-020-01198-1,True,high,DOI,10.1038/s41591-020-01198-1,DOI
672,,1729014640.0,,0,0,0,蓝V,https://doi.org/10.1016/j.cub.2020.12.039,https://doi.org/10.1016/j.cub.2020.12.039,True,high,DOI,10.1016/j.cub.2020.12.039,DOI
673,,6684374689.0,,0,0,0,蓝V,http://www.ecologica.cn/stxb/ch/reader/view_abstract.aspx?file_no=stxb201909241996&flag=1,http://www.ecologica.cn/stxb/ch/reader/view_abstract.aspx?file_no=stxb201909241996&flag=1,True,high,生态学报,,生态学报
674,,5599962053.0,,0,0,0,普通用户,http://arxiv.org/abs/2101.05608,http://arxiv.org/abs/2101.05608,True,high,arXiv,,arXiv
675,,1870858943.0,,0,0,0,蓝V,https://www.aminer.cn/pub/5ee9f15291e01152af022c6a/?conf=aaai2021?f=wb,https://www.aminer.cn/pub/5ee9f15291e01152af022c6a/?conf=aaai2021?f=wb,True,high,AMiner,,AMiner
676,,2427364747.0,,0,0,0,蓝V,https://science.sciencemag.org/cgi/doi/10.1126/science.abg0879,https://science.sciencemag.org/cgi/doi/10.1126/science.abg0879,True,high,DOI,10.1126/science.abg0879,DOI
677,,1870858943.0,,0,0,0,蓝V,https://www.aminer.cn/pub/5fca0ff891e011654d99e762/?conf=aaai2021?f=wb,https://www.aminer.cn/pub/5fca0ff891e011654d99e762/?conf=aaai2021?f=wb,True,high,AMiner,,AMiner
678,,1764919567.0,,0,0,0,红V,https://arxiv.org/abs/2101.06254,https://arxiv.org/abs/2101.06254,True,high,arXiv,,arXiv
679,,1729014640.0,,0,0,0,蓝V,https://doi.org/10.1126/science.abd7331,https://doi.org/10.1126/science.abd7331,True,high,DOI,10.1126/science.abd7331,DOI
679,,1729014640.0,,0,0,0,蓝V,https://doi.org/10.1126/science.abf6894,https://doi.org/10.1126/science.abf6894,True,high,DOI,10.1126/science.abf6894,DOI
680,,5599962053.0,,0,0,0,普通用户,http://arxiv.org/abs/2101.05996,http://arxiv.org/abs/2101.05996,True,high,arXiv,,arXiv
681,,3889212468.0,,0,0,0,普通用户,https://doi.org/10.1002/essoar.10504658.1,https://doi.org/10.1002/essoar.10504658.1,True,high,DOI,10.1002/essoar.10504658.1,DOI
682,,5599962053.0,,0,0,0,普通用户,http://arxiv.org/abs/2101.04287,http://arxiv.org/abs/2101.04287,True,high,arXiv,,arXiv
683,,5599962053.0,,0,0,0,普通用户,http://arxiv.org/abs/2101.02268,http://arxiv.org/abs/2101.02268,True,high,arXiv,,arXiv
684,,2427364747.0,,0,0,0,蓝V,https://doi.org/10.1002/essoar.10504658.1,https://doi.org/10.1002/essoar.10504658.1,True,high,DOI,10.1002/essoar.10504658.1,DOI
685,,1729014640.0,,0,0,0,蓝V,https://doi.org/10.1038/s42003-020-01561-5,https://doi.org/10.1038/s42003-020-01561-5,True,high,DOI,10.1038/s42003-020-01561-5,DOI
686,,5976873363.0,,0,0,0,普通用户,https://doi.org/10.1007/s00222-021-01035-3,https://doi.org/10.1007/s00222-021-01035-3,True,high,DOI,10.1007/s00222-021-01035-3,DOI
687,,5599962053.0,,0,0,0,普通用户,http://arxiv.org/abs/2102.12555,http://arxiv.org/abs/2102.12555,True,high,arXiv,,arXiv
688,,5976873363.0,,0,0,0,普通用户,https://doi.org/10.1038/s41586-021-03224-9,https://doi.org/10.1038/s41586-021-03224-9,True,high,DOI,10.1038/s41586-021-03224-9,DOI
689,,5599962053.0,,0,0,0,普通用户,http://arxiv.org/abs/2102.09137,http://arxiv.org/abs/2102.09137,True,high,arXiv,,arXiv
690,,2279408463.0,,0,0,0,蓝V,https://link.springer.com/article/10.1007/s42979-020-00209-9?utm_source=weibo&utm_medium=social&utm_content=organic&utm_campaign=SRCN_4_ll01_cn_cnij_SNCS,https://link.springer.com/article/10.1007/s42979-020-00209-9?utm_source=weibo&utm_medium=social&utm_content=organic&utm_campaign=SRCN_4_ll01_cn_cnij_SNCS,True,high,DOI,10.1007/s42979-020-00209-9?utm_source=weibo&utm_medium=social&utm_content=organic&utm_campaign=SRCN_4_ll01_cn_cnij_SNCS,DOI
691,,2427364747.0,,0,0,0,蓝V,https://doi.org/10.1093/mnras/staa3986,https://doi.org/10.1093/mnras/staa3986,True,high,DOI,10.1093/mnras/staa3986,DOI
692,,5599962053.0,,0,0,0,普通用户,http://arxiv.org/abs/2102.11519,http://arxiv.org/abs/2102.11519,True,high,arXiv,,arXiv
693,,5599962053.0,,0,0,0,普通用户,http://arxiv.org/abs/2102.11158,http://arxiv.org/abs/2102.11158,True,high,arXiv,,arXiv
694,,2427364747.0,,0,0,0,蓝V,https://doi.org/10.1126/science.abb3363,https://doi.org/10.1126/science.abb3363,True,high,DOI,10.1126/science.abb3363,DOI
695,,1764919567.0,,0,0,0,红V,https://arxiv.org/abs/2102.04486,https://arxiv.org/abs/2102.04486,True,high,arXiv,,arXiv
696,,5329434101.0,,0,0,0,蓝V,https://www.nature.com/articles/s41586-021-03260-5?utm_source=weibo&utm_medium=social&utm_term=s41586-021-03260-5,https://www.nature.com/articles/s41586-021-03260-5?utm_source=weibo&utm_medium=social&utm_term=s41586-021-03260-5,True,high,Nature,,Nature
696,,5329434101.0,,0,0,0,蓝V,https://www.nature.com/articles/s41586-021-03277-w?utm_source=weibo&utm_medium=social&utm_term=s41586-021-03277-w,https://www.nature.com/articles/s41586-021-03277-w?utm_source=weibo&utm_medium=social&utm_term=s41586-021-03277-w,True,high,Nature,,Nature
697,,5599962053.0,,0,0,0,普通用户,http://arxiv.org/abs/2102.10365,http://arxiv.org/abs/2102.10365,True,high,arXiv,,arXiv
698,,5599962053.0,,0,0,0,普通用户,http://arxiv.org/abs/2102.10593,http://arxiv.org/abs/2102.10593,True,high,arXiv,,arXiv
699,,3710258141.0,,0,0,0,金V,https://www.nature.com/articles/s41586-020-2252-6,https://www.nature.com/articles/s41586-020-2252-6,True,high,Nature,,Nature
699,,3710258141.0,,0,0,0,金V,https://www.nature.com/articles/nature26142,https://www.nature.com/articles/nature26142,True,high,Nature,,Nature
700,,5976873363.0,,0,0,0,普通用户,https://doi.org/10.1038/s41467-020-20465-w,https://doi.org/10.1038/s41467-020-20465-w,True,high,DOI,10.1038/s41467-020-20465-w,DOI
701,,1730177302.0,,0,0,0,蓝V,https://doi.org/10.1101/gr.266429.120,https://doi.org/10.1101/gr.266429.120,True,high,DOI,10.1101/gr.266429.120,DOI
702,,3097251601.0,,0,0,0,蓝V,https://www.nature.com/articles/s43588-020-00022-7,https://www.nature.com/articles/s43588-020-00022-7,True,high,Nature,,Nature
703,,2427364747.0,,0,0,0,蓝V,https://doi.org/10.1016/j.neuron.2021.01.014,https://doi.org/10.1016/j.neuron.2021.01.014,True,high,DOI,10.1016/j.neuron.2021.01.014,DOI
704,,1729014640.0,,0,0,0,蓝V,https://doi.org/10.1016/j.molcel.2021.01.003,https://doi.org/10.1016/j.molcel.2021.01.003,True,high,DOI,10.1016/j.molcel.2021.01.003,DOI
705,,1729014640.0,,0,0,0,蓝V,https://doi.org/10.1038/s41396-020-00891-w,https://doi.org/10.1038/s41396-020-00891-w,True,high,DOI,10.1038/s41396-020-00891-w,DOI
706,,1730177302.0,,0,0,0,蓝V,https://doi.org/10.1029/2020JD033928,https://doi.org/10.1029/2020JD033928,True,high,DOI,10.1029/2020JD033928,DOI
707,,5599962053.0,,0,0,0,普通用户,http://arxiv.org/abs/2102.01987,http://arxiv.org/abs/2102.01987,True,high,arXiv,,arXiv
708,,5599962053.0,,0,0,0,普通用户,http://arxiv.org/abs/2102.01886,http://arxiv.org/abs/2102.01886,True,high,arXiv,,arXiv
709,,6245734497.0,,0,0,0,普通用户,https://science.sciencemag.org/cgi/doi/10.1126/science.abg0879,https://science.sciencemag.org/cgi/doi/10.1126/science.abg0879,True,high,DOI,10.1126/science.abg0879,DOI
710,,5599962053.0,,0,0,0,普通用户,http://arxiv.org/abs/2102.02885,http://arxiv.org/abs/2102.02885,True,high,arXiv,,arXiv
711,,5599962053.0,,0,0,0,普通用户,http://arxiv.org/abs/2102.02754,http://arxiv.org/abs/2102.02754,True,high,arXiv,,arXiv
712,,1729014640.0,,0,0,0,蓝V,https://doi.org/10.1016/j.cub.2020.12.041,https://doi.org/10.1016/j.cub.2020.12.041,True,high,DOI,10.1016/j.cub.2020.12.041,DOI
713,,1870858943.0,,0,0,0,蓝V,https://www.aminer.cn/pub/5fd9f33091e0111ad2b255f2/?conf=aaai2021?f=wb,https://www.aminer.cn/pub/5fd9f33091e0111ad2b255f2/?conf=aaai2021?f=wb,True,high,AMiner,,AMiner
714,,5976873363.0,,0,0,0,普通用户,https://doi.org/10.1016/j.rse.2021.112365,https://doi.org/10.1016/j.rse.2021.112365,True,high,DOI,10.1016/j.rse.2021.112365,DOI
715,,2085920047.0,,0,0,0,蓝V,http://rail.ally.net.cn/html/2020/art_1126/240.html,http://rail.ally.net.cn/html/2020/art_1126/240.html,False,none,,,
716,,1729014640.0,,0,0,0,蓝V,https://doi.org/10.1073/pnas.2019749118,https://doi.org/10.1073/pnas.2019749118,True,high,DOI,10.1073/pnas.2019749118,DOI
717,,7472274415.0,,0,0,0,普通用户,https://www.hanspub.org/journal/PaperInformation.aspx?paperID=41231,https://www.hanspub.org/journal/PaperInformation.aspx?paperID=41231,True,high,hans,,hans
718,,1699305164.0,,0,0,0,普通用户,https://arxiv.org/pdf/2102.04906v2.pdf,https://arxiv.org/pdf/2102.04906v2.pdf,True,high,arXiv,,arXiv
719,,5356414944.0,,0,0,0,蓝V,https://www.nature.com/articles/s41593-021-00802-y,https://www.nature.com/articles/s41593-021-00802-y,True,high,Nature,,Nature
720,,5599962053.0,,0,0,0,普通用户,http://arxiv.org/abs/2103.07350,http://arxiv.org/abs/2103.07350,True,high,arXiv,,arXiv
721,,5514691132.0,,0,0,0,普通用户,https://arxiv.org/abs/2103.10043,https://arxiv.org/abs/2103.10043,True,high,arXiv,,arXiv
722,,7472274415.0,,0,0,0,普通用户,https://www.hanspub.org/journal/PaperInformation.aspx?paperID=40056,https://www.hanspub.org/journal/PaperInformation.aspx?paperID=40056,True,high,hans,,hans
723,,5514691132.0,,0,0,0,普通用户,https://arxiv.org/abs/2103.05271,https://arxiv.org/abs/2103.05271,True,high,arXiv,,arXiv
724,,5329434101.0,,0,0,0,蓝V,https://www.nature.com/articles/s41586-021-03250-7?utm_source=weibo&utm_medium=social&utm_term=s41586-021-03250-7,https://www.nature.com/articles/s41586-021-03250-7?utm_source=weibo&utm_medium=social&utm_term=s41586-021-03250-7,True,high,Nature,,Nature
725,,3710258141.0,,0,0,0,金V,https://www.nature.com/articles/s41467-021-21670-x,https://www.nature.com/articles/s41467-021-21670-x,True,high,Nature,,Nature
726,,7472274415.0,,0,0,0,普通用户,https://www.hanspub.org/journal/PaperInformation.aspx?paperID=40738,https://www.hanspub.org/journal/PaperInformation.aspx?paperID=40738,True,high,hans,,hans
727,,5599962053.0,,0,0,0,普通用户,http://arxiv.org/abs/2103.03328,http://arxiv.org/abs/2103.03328,True,high,arXiv,,arXiv
728,,5599962053.0,,0,0,0,普通用户,http://arxiv.org/abs/2103.03483,http://arxiv.org/abs/2103.03483,True,high,arXiv,,arXiv
729,,2427364747.0,,0,0,0,蓝V,https://www.nature.com/articles/s43017-020-00137-5,https://www.nature.com/articles/s43017-020-00137-5,True,high,Nature,,Nature
730,,7472274415.0,,0,0,0,普通用户,https://www.hanspub.org/journal/PaperInformation.aspx?paperID=40483,https://www.hanspub.org/journal/PaperInformation.aspx?paperID=40483,True,high,hans,,hans
731,,2794083144.0,,0,0,0,蓝V,https://doi.org/10.1177%2F2041731420986796,https://doi.org/10.1177/2041731420986796,True,high,DOI,10.1177/2041731420986796,DOI
732,,6684374689.0,,0,0,0,蓝V,http://www.ecologica.cn/stxb/ch/reader/view_abstract.aspx?file_no=stxb202003230649&flag=1,http://www.ecologica.cn/stxb/ch/reader/view_abstract.aspx?file_no=stxb202003230649&flag=1,True,high,生态学报,,生态学报
733,,1729014640.0,,0,0,0,蓝V,https://doi.org/10.1016/j.cub.2021.02.009,https://doi.org/10.1016/j.cub.2021.02.009,True,high,DOI,10.1016/j.cub.2021.02.009,DOI
734,,5329434101.0,,0,0,0,蓝V,https://www.nature.com/articles/s41561-021-00693-5?utm_source=weibo&utm_medium=social&utm_term=s41561-021-00693-5,https://www.nature.com/articles/s41561-021-00693-5?utm_source=weibo&utm_medium=social&utm_term=s41561-021-00693-5,True,high,Nature,,Nature
735,,5329434101.0,,0,0,0,蓝V,https://www.nature.com/articles/s41559-021-01391-6?utm_source=weibo&utm_medium=social&utm_term=s41559-021-01391-6,https://www.nature.com/articles/s41559-021-01391-6?utm_source=weibo&utm_medium=social&utm_term=s41559-021-01391-6,True,high,Nature,,Nature
736,,5976873363.0,,0,0,0,普通用户,http://dx.doi.org/10.1016/j.matt.2021.04.005,http://dx.doi.org/10.1016/j.matt.2021.04.005,True,high,DOI,10.1016/j.matt.2021.04.005,DOI
737,,6684374689.0,,0,0,0,蓝V,http://www.ecologica.cn/stxb/ch/reader/view_abstract.aspx?file_no=stxb202005281384&flag=1,http://www.ecologica.cn/stxb/ch/reader/view_abstract.aspx?file_no=stxb202005281384&flag=1,True,high,生态学报,,生态学报
738,,6684374689.0,,0,0,0,蓝V,http://www.ecologica.cn/stxb/ch/reader/view_abstract.aspx?file_no=stxb201903180507&flag=1,http://www.ecologica.cn/stxb/ch/reader/view_abstract.aspx?file_no=stxb201903180507&flag=1,True,high,生态学报,,生态学报
739,,5976873363.0,,0,0,0,普通用户,https://doi.org/10.1038/s41467-021-22249-2,https://doi.org/10.1038/s41467-021-22249-2,True,high,DOI,10.1038/s41467-021-22249-2,DOI
740,,5599962053.0,,0,0,0,普通用户,http://arxiv.org/abs/2104.07645,http://arxiv.org/abs/2104.07645,True,high,arXiv,,arXiv
741,,6684374689.0,,0,0,0,蓝V,http://www.ecologica.cn/stxb/ch/reader/view_abstract.aspx?file_no=stxb202001210157&flag=1,http://www.ecologica.cn/stxb/ch/reader/view_abstract.aspx?file_no=stxb202001210157&flag=1,True,high,生态学报,,生态学报
742,,5599962053.0,,0,0,0,普通用户,http://arxiv.org/abs/2104.06637,http://arxiv.org/abs/2104.06637,True,high,arXiv,,arXiv
743,,5245487385.0,,0,0,0,蓝V,http://dx.doi.org/10.1073/pnas.2019053118,http://dx.doi.org/10.1073/pnas.2019053118,True,high,DOI,10.1073/pnas.2019053118,DOI
744,,5599962053.0,,0,0,0,普通用户,http://arxiv.org/abs/2104.14118,http://arxiv.org/abs/2104.14118,True,high,arXiv,,arXiv
745,,5599962053.0,,0,0,0,普通用户,http://arxiv.org/abs/2104.10459,http://arxiv.org/abs/2104.10459,True,high,arXiv,,arXiv
746,,5599962053.0,,0,0,0,普通用户,http://arxiv.org/abs/2104.07784,http://arxiv.org/abs/2104.07784,True,high,arXiv,,arXiv
747,,3057182845.0,,0,0,0,蓝V,https://rupress.org/jem/article-abstract/218/6/e20200219/211950/Uncovering-the-dosage-dependent-roles-of-Arid1a-in?redirectedFrom=fulltext,https://rupress.org/jem/article-abstract/218/6/e20200219/211950/Uncovering-the-dosage-dependent-roles-of-Arid1a-in?redirectedFrom=fulltext,True,medium,学术特征,,/article-abstract/
748,,5599962053.0,,0,0,0,普通用户,http://arxiv.org/abs/2104.13950,http://arxiv.org/abs/2104.13950,True,high,arXiv,,arXiv
749,,5599962053.0,,0,0,0,普通用户,http://arxiv.org/abs/2104.11585,http://arxiv.org/abs/2104.11585,True,high,arXiv,,arXiv
750,,2427364747.0,,0,0,0,蓝V,http://dx.doi.org/10.1073/pnas.2019053118,http://dx.doi.org/10.1073/pnas.2019053118,True,high,DOI,10.1073/pnas.2019053118,DOI
751,,3941871067.0,,0,0,0,普通用户,https://www.nature.com/articles/s43588-020-00022-7?utm_source=wechat&utm_medium=social&utm_content=organic&utm_campaign=JRCN_1_YD01_CN_NATURERJ_NATCOMPUTSCI_,https://www.nature.com/articles/s43588-020-00022-7?utm_source=wechat&utm_medium=social&utm_content=organic&utm_campaign=JRCN_1_YD01_CN_NATURERJ_NATCOMPUTSCI_,True,high,Nature,,Nature
752,,5599962053.0,,0,0,0,普通用户,http://arxiv.org/abs/2104.05382,http://arxiv.org/abs/2104.05382,True,high,arXiv,,arXiv
753,,5976873363.0,,0,0,0,普通用户,https://doi.org/10.5194/tc-15-1501-2021,https://doi.org/10.5194/tc-15-1501-2021,True,high,DOI,10.5194/tc-15-1501-2021,DOI
754,,1729014640.0,,0,0,0,蓝V,http://dx.doi.org/10.1073/pnas.2019053118,http://dx.doi.org/10.1073/pnas.2019053118,True,high,DOI,10.1073/pnas.2019053118,DOI
755,,5599962053.0,,0,0,0,普通用户,http://arxiv.org/abs/2104.03962,http://arxiv.org/abs/2104.03962,True,high,arXiv,,arXiv
756,,2424618195.0,,0,0,0,蓝V,http://dx.doi.org/10.1073/pnas.2019053118,http://dx.doi.org/10.1073/pnas.2019053118,True,high,DOI,10.1073/pnas.2019053118,DOI
757,,1730177302.0,,0,0,0,蓝V,https://doi.org/10.1093/schbul/sbab032,https://doi.org/10.1093/schbul/sbab032,True,high,DOI,10.1093/schbul/sbab032,DOI
758,,5599962053.0,,0,0,0,普通用户,http://arxiv.org/abs/2104.02610,http://arxiv.org/abs/2104.02610,True,high,arXiv,,arXiv
759,,5514691132.0,,0,0,0,普通用户,https://arxiv.org/abs/2104.13633,https://arxiv.org/abs/2104.13633,True,high,arXiv,,arXiv
760,,5599962053.0,,0,0,0,普通用户,http://arxiv.org/abs/2104.03638,http://arxiv.org/abs/2104.03638,True,high,arXiv,,arXiv
761,,1729014640.0,,0,0,0,蓝V,https://journals.aps.org/prl/accepted/2207cYd3La91536bf3509f3189e65322ea6e4b7e0,https://journals.aps.org/prl/accepted/2207cYd3La91536bf3509f3189e65322ea6e4b7e0,True,high,APS,,APS
762,,5599962053.0,,0,0,0,普通用户,http://arxiv.org/abs/2104.03308,http://arxiv.org/abs/2104.03308,True,high,arXiv,,arXiv
763,,5599962053.0,,0,0,0,普通用户,http://arxiv.org/abs/2104.03066,http://arxiv.org/abs/2104.03066,True,high,arXiv,,arXiv
764,,5599962053.0,,0,0,0,普通用户,http://arxiv.org/abs/2104.02857,http://arxiv.org/abs/2104.02857,True,high,arXiv,,arXiv
765,,7472274415.0,,0,0,0,普通用户,https://www.hanspub.org/journal/PaperInformation.aspx?paperID=41231,https://www.hanspub.org/journal/PaperInformation.aspx?paperID=41231,True,high,hans,,hans
766,,5599962053.0,,0,0,0,普通用户,http://arxiv.org/abs/2103.17235,http://arxiv.org/abs/2103.17235,True,high,arXiv,,arXiv
767,,7472274415.0,,0,0,0,普通用户,https://www.hanspub.org/journal/PaperInformation.aspx?paperID=41334,https://www.hanspub.org/journal/PaperInformation.aspx?paperID=41334,True,high,hans,,hans
768,,5976873363.0,,0,0,0,普通用户,https://doi.org/10.1038/s41586-021-03480-9,https://doi.org/10.1038/s41586-021-03480-9,True,high,DOI,10.1038/s41586-021-03480-9,DOI
769,,1870858943.0,,0,0,0,蓝V,https://www.aminer.cn/pub/60a3bd7d91e01115219ffbfe?f=wb,https://www.aminer.cn/pub/60a3bd7d91e01115219ffbfe?f=wb,True,high,AMiner,,AMiner
770,,1870858943.0,,0,0,0,蓝V,https://www.aminer.cn/pub/607022de91e01101ef3d8a9d/?conf=ijcai2021?f=wb,https://www.aminer.cn/pub/607022de91e01101ef3d8a9d/?conf=ijcai2021?f=wb,True,high,AMiner,,AMiner
771,,1464484735.0,,0,0,0,普通用户,https://arxiv.org/abs/2105.11259,https://arxiv.org/abs/2105.11259,True,high,arXiv,,arXiv
772,,2427364747.0,,0,0,0,蓝V,https://doi.org/10.1016/j.trd.2021.102797,https://doi.org/10.1016/j.trd.2021.102797,True,high,DOI,10.1016/j.trd.2021.102797,DOI
773,,5329434101.0,,0,0,0,蓝V,https://www.nature.com/articles/s41586-021-03480-9?utm_source=weibo&utm_medium=social&utm_term=s41586-021-03480-9,https://www.nature.com/articles/s41586-021-03480-9?utm_source=weibo&utm_medium=social&utm_term=s41586-021-03480-9,True,high,Nature,,Nature
774,,1995374987.0,,0,0,0,普通用户,https://www.nature.com/articles/s41586-021-03480-9,https://www.nature.com/articles/s41586-021-03480-9,True,high,Nature,,Nature
775,,6526109246.0,,0,0,0,普通用户,https://papers.ssrn.com/sol3/papers.cfm?abstract_id=3556556,https://papers.ssrn.com/sol3/papers.cfm?abstract_id=3556556,True,high,SSRN,,SSRN
776,,7495031452.0,,0,0,0,普通用户,http://dx.doi.org/10.1016/j.matt.2021.04.005,http://dx.doi.org/10.1016/j.matt.2021.04.005,True,high,DOI,10.1016/j.matt.2021.04.005,DOI
777,,5329434101.0,,0,0,0,蓝V,https://www.nature.com/articles/s41467-021-22838-1?utm_source=weibo&utm_medium=social&utm_term=s41467-021-22838-1,https://www.nature.com/articles/s41467-021-22838-1?utm_source=weibo&utm_medium=social&utm_term=s41467-021-22838-1,True,high,Nature,,Nature
778,,1729014640.0,,0,0,0,蓝V,https://doi.org/10.1016/j.funbio.2019.10.001,https://doi.org/10.1016/j.funbio.2019.10.001,True,high,DOI,10.1016/j.funbio.2019.10.001,DOI
778,,1729014640.0,,0,0,0,蓝V,https://doi.org/10.1093/gbe/evab026,https://doi.org/10.1093/gbe/evab026,True,high,DOI,10.1093/gbe/evab026,DOI
778,,1729014640.0,,0,0,0,蓝V,https://doi.org/10.1038/s41396-021-01023-8,https://doi.org/10.1038/s41396-021-01023-8,True,high,DOI,10.1038/s41396-021-01023-8,DOI
779,,1729014640.0,,0,0,0,蓝V,https://doi.org/10.1073/pnas.2102762118,https://doi.org/10.1073/pnas.2102762118,True,high,DOI,10.1073/pnas.2102762118,DOI
780,,5329434101.0,,0,0,0,蓝V,https://www.nature.com/articles/s41598-020-60079-2?utm_source=weibo&utm_medium=social&utm_content=organic&utm_campaign=JRCN_1_LW01_CN_2020_top100,https://www.nature.com/articles/s41598-020-60079-2?utm_source=weibo&utm_medium=social&utm_content=organic&utm_campaign=JRCN_1_LW01_CN_2020_top100,True,high,Nature,,Nature
781,,1870858943.0,,0,0,0,蓝V,https://www.aminer.cn/pub/60baf43791e01102e59b6c5d/,https://www.aminer.cn/pub/60baf43791e01102e59b6c5d/,True,high,AMiner,,AMiner
782,,1870858943.0,,0,0,0,蓝V,https://www.aminer.cn/pub/60c320b19e795e9243fd1672?f=wb,https://www.aminer.cn/pub/60c320b19e795e9243fd1672?f=wb,True,high,AMiner,,AMiner
783,,5599962053.0,,0,0,0,普通用户,http://arxiv.org/abs/2106.14127,http://arxiv.org/abs/2106.14127,True,high,arXiv,,arXiv
784,,5599962053.0,,0,0,0,普通用户,http://arxiv.org/abs/2106.12673,http://arxiv.org/abs/2106.12673,True,high,arXiv,,arXiv
785,,5599962053.0,,0,0,0,普通用户,http://arxiv.org/abs/2106.12489,http://arxiv.org/abs/2106.12489,True,high,arXiv,,arXiv
786,,5599962053.0,,0,0,0,普通用户,http://arxiv.org/abs/2106.12175,http://arxiv.org/abs/2106.12175,True,high,arXiv,,arXiv
787,,5599962053.0,,0,0,0,普通用户,http://arxiv.org/abs/2106.12070,http://arxiv.org/abs/2106.12070,True,high,arXiv,,arXiv
788,,3097251601.0,,0,0,0,蓝V,https://www.nature.com/articles/s42949-021-00027-9#Fig3,https://www.nature.com/articles/s42949-021-00027-9#Fig3,True,high,Nature,,Nature
789,,2427364747.0,,0,0,0,蓝V,https://doi.org/10.1038/s41564-021-00912-0,https://doi.org/10.1038/s41564-021-00912-0,True,high,DOI,10.1038/s41564-021-00912-0,DOI
790,,1729014640.0,,0,0,0,蓝V,https://doi.org/10.1038/s41564-021-00912-0,https://doi.org/10.1038/s41564-021-00912-0,True,high,DOI,10.1038/s41564-021-00912-0,DOI
791,,2427364747.0,,0,0,0,蓝V,https://doi.org/10.1038/s41438-021-00573-4,https://doi.org/10.1038/s41438-021-00573-4,True,high,DOI,10.1038/s41438-021-00573-4,DOI
792,,1464484735.0,,0,0,0,普通用户,https://www.sciencedirect.com/science/article/pii/S2666651021000140,https://www.sciencedirect.com/science/article/pii/S2666651021000140,True,high,SPRINGER,,SPRINGER
793,,1729014640.0,,0,0,0,蓝V,https://doi.org/10.1212/WNL.0000000000012263,https://doi.org/10.1212/WNL.0000000000012263,True,high,DOI,10.1212/WNL.0000000000012263,DOI
794,,1729014640.0,,0,0,0,蓝V,https://doi.org/10.1101/2021.05.29.446289,https://doi.org/10.1101/2021.05.29.446289,True,high,DOI,10.1101/2021.05.29.446289,DOI
795,,1958957737.0,,0,0,0,蓝V,https://www.nature.com/articles/s41467-021-23545-7,https://www.nature.com/articles/s41467-021-23545-7,True,high,Nature,,Nature
796,,1870858943.0,,0,0,0,蓝V,https://www.aminer.cn/pub/60630dd491e0118c891f1bb4?f=wb,https://www.aminer.cn/pub/60630dd491e0118c891f1bb4?f=wb,True,high,AMiner,,AMiner
797,,1729014640.0,,0,0,0,蓝V,https://doi.org/10.1016/j.jtbi.2021.110714,https://doi.org/10.1016/j.jtbi.2021.110714,True,high,DOI,10.1016/j.jtbi.2021.110714,DOI
798,,5976873363.0,,0,0,0,普通用户,https://doi.org/10.1038/s41586-021-03819-2,https://doi.org/10.1038/s41586-021-03819-2,True,high,DOI,10.1038/s41586-021-03819-2,DOI
799,,5599962053.0,,0,0,0,普通用户,http://arxiv.org/abs/2107.06564,http://arxiv.org/abs/2107.06564,True,high,arXiv,,arXiv
800,,1729014640.0,,0,0,0,蓝V,https://doi.org/10.1038/s41586-021-03819-2,https://doi.org/10.1038/s41586-021-03819-2,True,high,DOI,10.1038/s41586-021-03819-2,DOI
801,,1729014640.0,,0,0,0,蓝V,https://doi.org/10.1088/1748-9326/abfac0,https://doi.org/10.1088/1748-9326/abfac0,True,high,DOI,10.1088/1748-9326/abfac0,DOI
802,,2810904414.0,,0,0,0,黄V,https://www.nature.com/articles/s41467-021-22483-8,https://www.nature.com/articles/s41467-021-22483-8,True,high,Nature,,Nature
803,,6536754860.0,,0,0,0,蓝V,http://c.kawo.com/60fe25948ac7424dc1e4353d,http://c.kawo.com/60fe25948ac7424dc1e4353d,True,high,Nature,,Nature
804,,5976873363.0,,0,0,0,普通用户,https://doi.org/10.1038/s41561-021-00781-6,https://doi.org/10.1038/s41561-021-00781-6,True,high,DOI,10.1038/s41561-021-00781-6,DOI
805,,5329434101.0,,0,0,0,蓝V,https://www.nature.com/articles/s41586-021-03819-2?utm_source=weibo&utm_medium=social&utm_term=s41586-021-03819-2,https://www.nature.com/articles/s41586-021-03819-2?utm_source=weibo&utm_medium=social&utm_term=s41586-021-03819-2,True,high,Nature,,Nature
806,,5599962053.0,,0,0,0,普通用户,http://arxiv.org/abs/2107.05856,http://arxiv.org/abs/2107.05856,True,high,arXiv,,arXiv
807,,5599962053.0,,0,0,0,普通用户,http://arxiv.org/abs/2107.06098,http://arxiv.org/abs/2107.06098,True,high,arXiv,,arXiv
808,,5356414944.0,,0,0,0,蓝V,https://stm.sciencemag.org/content/13/601/eabc2816,https://stm.sciencemag.org/content/13/601/eabc2816,True,high,Science,,Science
809,,3097251601.0,,0,0,0,蓝V,https://www.mdpi.com/1424-8220/21/13/4414,https://www.mdpi.com/1424-8220/21/13/4414,True,high,MDPI,,MDPI
810,,5976873363.0,,0,0,0,普通用户,https://doi.org/10.1016/j.cub.2021.06.013,https://doi.org/10.1016/j.cub.2021.06.013,True,high,DOI,10.1016/j.cub.2021.06.013,DOI
811,,5976873363.0,,0,0,0,普通用户,https://doi.org/10.4054/DemRes.2021.44.52,https://doi.org/10.4054/DemRes.2021.44.52,True,high,DOI,10.4054/DemRes.2021.44.52,DOI
812,,5599962053.0,,0,0,0,普通用户,http://arxiv.org/abs/2107.02586,http://arxiv.org/abs/2107.02586,True,high,arXiv,,arXiv
813,,5329434101.0,,0,0,0,蓝V,https://www.nature.com/articles/s43016-021-00319-4?utm_source=weibo&utm_medium=social&utm_term=s43016-021-00319-4,https://www.nature.com/articles/s43016-021-00319-4?utm_source=weibo&utm_medium=social&utm_term=s43016-021-00319-4,True,high,Nature,,Nature
814,,2427364747.0,,0,0,0,蓝V,https://doi.org/10.4054/DemRes.2021.44.52,https://doi.org/10.4054/DemRes.2021.44.52,True,high,DOI,10.4054/DemRes.2021.44.52,DOI
815,,5599962053.0,,0,0,0,普通用户,http://arxiv.org/abs/2107.02347,http://arxiv.org/abs/2107.02347,True,high,arXiv,,arXiv
816,,5599962053.0,,0,0,0,普通用户,http://arxiv.org/abs/2107.01502,http://arxiv.org/abs/2107.01502,True,high,arXiv,,arXiv
817,,5599962053.0,,0,0,0,普通用户,http://arxiv.org/abs/2107.01337,http://arxiv.org/abs/2107.01337,True,high,arXiv,,arXiv
818,,5599962053.0,,0,0,0,普通用户,http://arxiv.org/abs/2107.01130,http://arxiv.org/abs/2107.01130,True,high,arXiv,,arXiv
819,,5599962053.0,,0,0,0,普通用户,http://arxiv.org/abs/2107.00223,http://arxiv.org/abs/2107.00223,True,high,arXiv,,arXiv
820,,5599962053.0,,0,0,0,普通用户,http://arxiv.org/abs/2106.15941,http://arxiv.org/abs/2106.15941,True,high,arXiv,,arXiv
821,,5599962053.0,,0,0,0,普通用户,http://arxiv.org/abs/2106.15797,http://arxiv.org/abs/2106.15797,True,high,arXiv,,arXiv
822,,2427364747.0,,0,0,0,蓝V,https://doi.org/10.1016/j.celrep.2021.109299,https://doi.org/10.1016/j.celrep.2021.109299,True,high,DOI,10.1016/j.celrep.2021.109299,DOI
823,,1729014640.0,,0,0,0,蓝V,https://doi.org/10.1016/j.neuroimage.2021.118166,https://doi.org/10.1016/j.neuroimage.2021.118166,True,high,DOI,10.1016/j.neuroimage.2021.118166,DOI
824,,5599962053.0,,0,0,0,普通用户,http://arxiv.org/abs/2107.03315,http://arxiv.org/abs/2107.03315,True,high,arXiv,,arXiv
825,,5329434101.0,,0,0,0,蓝V,https://www.nature.com/articles/s43247-021-00197-5?utm_source=weibo&utm_medium=social&utm_term=s43247-021-00197-5,https://www.nature.com/articles/s43247-021-00197-5?utm_source=weibo&utm_medium=social&utm_term=s43247-021-00197-5,True,high,Nature,,Nature
826,,5329434101.0,,0,0,0,蓝V,https://www.nature.com/articles/s41586-021-03621-0?utm_source=weibo&utm_medium=social&utm_term=s41586-021-03621-0,https://www.nature.com/articles/s41586-021-03621-0?utm_source=weibo&utm_medium=social&utm_term=s41586-021-03621-0,True,high,Nature,,Nature
827,,5976873363.0,,0,0,0,普通用户,https://doi.org/10.1093/mnras/stab2399,https://doi.org/10.1093/mnras/stab2399,True,high,DOI,10.1093/mnras/stab2399,DOI
828,,5976873363.0,,0,0,0,普通用户,https://doi.org/10.1093/mnras/stab1318,https://doi.org/10.1093/mnras/stab1318,True,high,DOI,10.1093/mnras/stab1318,DOI
829,,5976873363.0,,0,0,0,普通用户,https://doi.org/10.1126/science.abd4385,https://doi.org/10.1126/science.abd4385,True,high,DOI,10.1126/science.abd4385,DOI
830,,2427364747.0,,0,0,0,蓝V,https://doi.org/10.1029/2021JE006880,https://doi.org/10.1029/2021JE006880,True,high,DOI,10.1029/2021JE006880,DOI
830,,2427364747.0,,0,0,0,蓝V,https://doi.org/10.1002/2017GL074416,https://doi.org/10.1002/2017GL074416,True,high,DOI,10.1002/2017GL074416,DOI
831,,5976873363.0,,0,0,0,普通用户,https://doi.org/10.1016/j.resconrec.2021.105811,https://doi.org/10.1016/j.resconrec.2021.105811,True,high,DOI,10.1016/j.resconrec.2021.105811,DOI
832,,5976873363.0,,0,0,0,普通用户,https://doi.org/10.1038/s41559-021-01534-9,https://doi.org/10.1038/s41559-021-01534-9,True,high,DOI,10.1038/s41559-021-01534-9,DOI
833,,5976873363.0,,0,0,0,普通用户,https://doi.org/10.1186/s12983-021-00423-y,https://doi.org/10.1186/s12983-021-00423-y,True,high,DOI,10.1186/s12983-021-00423-y,DOI
834,,2427364747.0,,0,0,0,蓝V,https://doi.org/10.1145/3453483.3454078,https://doi.org/10.1145/3453483.3454078,True,high,DOI,10.1145/3453483.3454078,DOI
835,,5976873363.0,,0,0,0,普通用户,https://doi.org/10.1016/j.biomaterials.2021.121040,https://doi.org/10.1016/j.biomaterials.2021.121040,True,high,DOI,10.1016/j.biomaterials.2021.121040,DOI
836,,1729014640.0,,0,0,0,蓝V,https://doi.org/10.1093/mnras/stab1318,https://doi.org/10.1093/mnras/stab1318,True,high,DOI,10.1093/mnras/stab1318,DOI
837,,1729014640.0,,0,0,0,蓝V,https://doi.org/10.1029/2021JE006880,https://doi.org/10.1029/2021JE006880,True,high,DOI,10.1029/2021JE006880,DOI
837,,1729014640.0,,0,0,0,蓝V,https://doi.org/10.1002/2017GL074416,https://doi.org/10.1002/2017GL074416,True,high,DOI,10.1002/2017GL074416,DOI
838,,2427364747.0,,0,0,0,蓝V,https://doi.org/10.1016/j.jmatprotec.2021.117090,https://doi.org/10.1016/j.jmatprotec.2021.117090,True,high,DOI,10.1016/j.jmatprotec.2021.117090,DOI
838,,2427364747.0,,0,0,0,蓝V,https://doi.org/10.1016/j.jmatprotec.2019.116570,https://doi.org/10.1016/j.jmatprotec.2019.116570,True,high,DOI,10.1016/j.jmatprotec.2019.116570,DOI
838,,2427364747.0,,0,0,0,蓝V,https://doi.org/10.1364/AO.55.007866,https://doi.org/10.1364/AO.55.007866,True,high,DOI,10.1364/AO.55.007866,DOI
839,,1729014640.0,,0,0,0,蓝V,http://www.iapjournals.ac.cn/aas/en/article/doi/10.1007/s00376-021-1179-7,http://www.iapjournals.ac.cn/aas/en/article/doi/10.1007/s00376-021-1179-7,True,high,DOI,10.1007/s00376-021-1179-7,DOI
840,,2678093863.0,,0,0,0,普通用户,https://arxiv.org/pdf/2108.05895.pdf,https://arxiv.org/pdf/2108.05895.pdf,True,high,arXiv,,arXiv
841,,1729014640.0,,0,0,0,蓝V,https://doi.org/10.1016/j.biomaterials.2021.121040,https://doi.org/10.1016/j.biomaterials.2021.121040,True,high,DOI,10.1016/j.biomaterials.2021.121040,DOI
841,,1729014640.0,,0,0,0,蓝V,https://doi.org/10.1016/j.biomaterials.2019.03.008,https://doi.org/10.1016/j.biomaterials.2019.03.008,True,high,DOI,10.1016/j.biomaterials.2019.03.008,DOI
842,,5976873363.0,,0,0,0,普通用户,https://doi.org/10.1007/s00265-021-03062-9,https://doi.org/10.1007/s00265-021-03062-9,True,high,DOI,10.1007/s00265-021-03062-9,DOI
843,,5514691132.0,,0,0,0,普通用户,https://arxiv.org/abs/2108.10710,https://arxiv.org/abs/2108.10710,True,high,arXiv,,arXiv
844,,6704969204.0,,0,0,0,蓝V,https://doi.org/10.1093/nsr/nwab083,https://doi.org/10.1093/nsr/nwab083,True,high,DOI,10.1093/nsr/nwab083,DOI
845,,1729014640.0,,0,0,0,蓝V,https://doi.org/10.1126/science.aba3683,https://doi.org/10.1126/science.aba3683,True,high,DOI,10.1126/science.aba3683,DOI
846,,2427364747.0,,0,0,0,蓝V,http://www.iapjournals.ac.cn/aas/en/article/doi/10.1007/s00376-021-1179-7,http://www.iapjournals.ac.cn/aas/en/article/doi/10.1007/s00376-021-1179-7,True,high,DOI,10.1007/s00376-021-1179-7,DOI
847,,2427364747.0,,0,0,0,蓝V,https://doi.org/10.1126/science.aba3683,https://doi.org/10.1126/science.aba3683,True,high,DOI,10.1126/science.aba3683,DOI
848,,5976873363.0,,0,0,0,普通用户,https://doi.org/10.1038/s41598-021-95025-3,https://doi.org/10.1038/s41598-021-95025-3,True,high,DOI,10.1038/s41598-021-95025-3,DOI
849,,1729014640.0,,0,0,0,蓝V,https://doi.org/10.1126/science.abe5753,https://doi.org/10.1126/science.abe5753,True,high,DOI,10.1126/science.abe5753,DOI
849,,1729014640.0,,0,0,0,蓝V,https://doi.org/10.1126/science.abj6733,https://doi.org/10.1126/science.abj6733,True,high,DOI,10.1126/science.abj6733,DOI
849,,1729014640.0,,0,0,0,蓝V,https://doi.org/10.1038/s42003-021-01887-8,https://doi.org/10.1038/s42003-021-01887-8,True,high,DOI,10.1038/s42003-021-01887-8,DOI
850,,1729014640.0,,0,0,0,蓝V,https://doi.org/10.1038/s41556-021-00724-8,https://doi.org/10.1038/s41556-021-00724-8,True,high,DOI,10.1038/s41556-021-00724-8,DOI
851,,5329434101.0,,0,0,0,蓝V,https://www.nature.com/articles/s41561-021-00783-4?utm_source=weibo&utm_medium=social&utm_term=s41561-021-00783-4,https://www.nature.com/articles/s41561-021-00783-4?utm_source=weibo&utm_medium=social&utm_term=s41561-021-00783-4,True,high,Nature,,Nature
852,,2279408463.0,,0,0,0,蓝V,https://satellite-navigation.springeropen.com/articles/10.1186/s43020-020-00031-x?utm_source=weibo_organic&utm_medium=social&utm_campaign=SRCN_1_LL01_CN_CNIJ_Eng,https://satellite-navigation.springeropen.com/articles/10.1186/s43020-020-00031-x?utm_source=weibo_organic&utm_medium=social&utm_campaign=SRCN_1_LL01_CN_CNIJ_Eng,True,high,DOI,10.1186/s43020-020-00031-x?utm_source=weibo_organic&utm_medium=social&utm_campaign=SRCN_1_LL01_CN_CNIJ_Eng,DOI
853,,5976873363.0,,0,0,0,普通用户,https://doi.org/10.1038/s41438-021-00665-1,https://doi.org/10.1038/s41438-021-00665-1,True,high,DOI,10.1038/s41438-021-00665-1,DOI
854,,5599962053.0,,0,0,0,普通用户,http://arxiv.org/abs/2109.12946,http://arxiv.org/abs/2109.12946,True,high,arXiv,,arXiv
855,,5976873363.0,,0,0,0,普通用户,https://doi.org/10.3847/1538-4357/ac091c,https://doi.org/10.3847/1538-4357/ac091c,True,high,DOI,10.3847/1538-4357/ac091c,DOI
856,,5976873363.0,,0,0,0,普通用户,https://doi.org/10.1021/jacs.1c05674,https://doi.org/10.1021/jacs.1c05674,True,high,DOI,10.1021/jacs.1c05674,DOI
857,,1870858943.0,,0,0,0,蓝V,https://www.aminer.cn/pub/614a9eca5244ab9dcbc38b23?f=wb,https://www.aminer.cn/pub/614a9eca5244ab9dcbc38b23?f=wb,True,high,AMiner,,AMiner
858,,5599962053.0,,0,0,0,普通用户,http://arxiv.org/abs/2109.11801,http://arxiv.org/abs/2109.11801,True,high,arXiv,,arXiv
859,,1870858943.0,,0,0,0,蓝V,https://www.aminer.cn/pub/614400df6750f87195eb6361?f=wb,https://www.aminer.cn/pub/614400df6750f87195eb6361?f=wb,True,high,AMiner,,AMiner
860,,1870858943.0,,0,0,0,蓝V,https://www.aminer.cn/pub/60c2db2791e0117e30ca281e?f=wb,https://www.aminer.cn/pub/60c2db2791e0117e30ca281e?f=wb,True,high,AMiner,,AMiner
861,,1729014640.0,,0,0,0,蓝V,https://doi.org/10.1038/s41438-021-00665-1,https://doi.org/10.1038/s41438-021-00665-1,True,high,DOI,10.1038/s41438-021-00665-1,DOI
862,,1729014640.0,,0,0,0,蓝V,https://doi.org/10.3847/PSJ/ac19b1,https://doi.org/10.3847/PSJ/ac19b1,True,high,DOI,10.3847/PSJ/ac19b1,DOI
862,,1729014640.0,,0,0,0,蓝V,https://doi.org/10.3847/PSJ/ac19b2,https://doi.org/10.3847/PSJ/ac19b2,True,high,DOI,10.3847/PSJ/ac19b2,DOI
863,,1729014640.0,,0,0,0,蓝V,https://doi.org/10.1038/s41586-021-03924-2,https://doi.org/10.1038/s41586-021-03924-2,True,high,DOI,10.1038/s41586-021-03924-2,DOI
864,,1729014640.0,,0,0,0,蓝V,https://doi.org/10.1073/pnas.2026080118,https://doi.org/10.1073/pnas.2026080118,True,high,DOI,10.1073/pnas.2026080118,DOI
864,,1729014640.0,,0,0,0,蓝V,https://doi.org/10.1093/nsr/nwaa083,https://doi.org/10.1093/nsr/nwaa083,True,high,DOI,10.1093/nsr/nwaa083,DOI
864,,1729014640.0,,0,0,0,蓝V,https://doi.org/10.1073/pnas.2017342118,https://doi.org/10.1073/pnas.2017342118,True,high,DOI,10.1073/pnas.2017342118,DOI
865,,5976873363.0,,0,0,0,普通用户,https://doi.org/10.1016/j.ejca.2021.08.006,https://doi.org/10.1016/j.ejca.2021.08.006,True,high,DOI,10.1016/j.ejca.2021.08.006,DOI
866,,5976873363.0,,0,0,0,普通用户,https://doi.org/10.1016/j.quageo.2021.101229,https://doi.org/10.1016/j.quageo.2021.101229,True,high,DOI,10.1016/j.quageo.2021.101229,DOI
867,,5633464636.0,,0,0,0,蓝V,https://doi.org/10.1186/s40168-021-01142-6,https://doi.org/10.1186/s40168-021-01142-6,True,high,DOI,10.1186/s40168-021-01142-6,DOI
868,,2108671043.0,,0,0,0,普通用户,https://arxiv.org/pdf/2012.07162.pdf,https://arxiv.org/pdf/2012.07162.pdf,True,high,arXiv,,arXiv
869,,1729014640.0,,0,0,0,蓝V,https://doi.org/10.1038/s41586-021-03780-0,https://doi.org/10.1038/s41586-021-03780-0,True,high,DOI,10.1038/s41586-021-03780-0,DOI
870,,5340174229.0,,0,0,0,蓝V,https://doi.org/10.1029/2020JB021281,https://doi.org/10.1029/2020JB021281,True,high,DOI,10.1029/2020JB021281,DOI
871,,5599962053.0,,0,0,0,普通用户,http://arxiv.org/abs/2109.03351,http://arxiv.org/abs/2109.03351,True,high,arXiv,,arXiv
872,,5599962053.0,,0,0,0,普通用户,http://arxiv.org/abs/2109.07867,http://arxiv.org/abs/2109.07867,True,high,arXiv,,arXiv
873,,5976873363.0,,0,0,0,普通用户,http://doi.org/10.1016/j.matt.2021.08.013,http://doi.org/10.1016/j.matt.2021.08.013,True,high,DOI,10.1016/j.matt.2021.08.013,DOI
874,,5599962053.0,,0,0,0,普通用户,http://arxiv.org/abs/2109.04699,http://arxiv.org/abs/2109.04699,True,high,arXiv,,arXiv
875,,5976873363.0,,0,0,0,普通用户,https://doi.org/10.1038/s42003-021-02378-6,https://doi.org/10.1038/s42003-021-02378-6,True,high,DOI,10.1038/s42003-021-02378-6,DOI
876,,5599962053.0,,0,0,0,普通用户,http://arxiv.org/abs/2109.02643,http://arxiv.org/abs/2109.02643,True,high,arXiv,,arXiv
877,,5976873363.0,,0,0,0,普通用户,https://doi.org/10.1111/nyas.14680,https://doi.org/10.1111/nyas.14680,True,high,DOI,10.1111/nyas.14680,DOI
878,,1729014640.0,,0,0,0,蓝V,https://arxiv.org/abs/2109.04451,https://arxiv.org/abs/2109.04451,True,high,arXiv,,arXiv
878,,1729014640.0,,0,0,0,蓝V,https://arxiv.org/abs/2109.06229,https://arxiv.org/abs/2109.06229,True,high,arXiv,,arXiv
879,,2678093863.0,,0,0,0,普通用户,https://arxiv.org/abs/2109.00859,https://arxiv.org/abs/2109.00859,True,high,arXiv,,arXiv
880,,5599962053.0,,0,0,0,普通用户,http://arxiv.org/abs/2109.04260,http://arxiv.org/abs/2109.04260,True,high,arXiv,,arXiv
881,,5329434101.0,,0,0,0,蓝V,https://www.nature.com/articles/s41586-021-03821-8?utm_source=weibo&utm_medium=social&utm_term=s41586-021-03821-8,https://www.nature.com/articles/s41586-021-03821-8?utm_source=weibo&utm_medium=social&utm_term=s41586-021-03821-8,True,high,Nature,,Nature
882,,1764919567.0,,0,0,0,红V,https://arxiv.org/abs/2110.11392,https://arxiv.org/abs/2110.11392,True,high,arXiv,,arXiv
882,,1764919567.0,,0,0,0,红V,https://arxiv.org/abs/2110.11398,https://arxiv.org/abs/2110.11398,True,high,arXiv,,arXiv
882,,1764919567.0,,0,0,0,红V,https://arxiv.org/abs/2110.11408,https://arxiv.org/abs/2110.11408,True,high,arXiv,,arXiv
882,,1764919567.0,,0,0,0,红V,https://arxiv.org/abs/2110.11409,https://arxiv.org/abs/2110.11409,True,high,arXiv,,arXiv
882,,1764919567.0,,0,0,0,红V,https://arxiv.org/abs/2110.11413,https://arxiv.org/abs/2110.11413,True,high,arXiv,,arXiv
883,,1729014640.0,,0,0,0,蓝V,https://doi.org/10.1038/s41467-021-25961-1,https://doi.org/10.1038/s41467-021-25961-1,True,high,DOI,10.1038/s41467-021-25961-1,DOI
884,,2427364747.0,,0,0,0,蓝V,https://doi.org/10.1038/s41467-021-25961-1,https://doi.org/10.1038/s41467-021-25961-1,True,high,DOI,10.1038/s41467-021-25961-1,DOI
885,,2427364747.0,,0,0,0,蓝V,https://doi.org/10.1016/j.xinn.2021.100160,https://doi.org/10.1016/j.xinn.2021.100160,True,high,DOI,10.1016/j.xinn.2021.100160,DOI
886,,5356414944.0,,0,0,0,蓝V,https://academic.oup.com/eurheartj/advance-article/doi/10.1093/eurheartj/ehab605/6371855,https://academic.oup.com/eurheartj/advance-article/doi/10.1093/eurheartj/ehab605/6371855,True,high,DOI,10.1093/eurheartj/ehab605/6371855,DOI
887,,5599962053.0,,0,0,0,普通用户,http://arxiv.org/abs/2110.11597,http://arxiv.org/abs/2110.11597,True,high,arXiv,,arXiv
888,,3543329232.0,,0,0,0,蓝V,https://academic.oup.com/eurheartj/advance-article/doi/10.1093/eurheartj/ehab605/6371855,https://academic.oup.com/eurheartj/advance-article/doi/10.1093/eurheartj/ehab605/6371855,True,high,DOI,10.1093/eurheartj/ehab605/6371855,DOI
889,,1870858943.0,,0,0,0,蓝V,https://www.aminer.cn/pub/616e374a5244ab9dcbd1b2af?f=wb,https://www.aminer.cn/pub/616e374a5244ab9dcbd1b2af?f=wb,True,high,AMiner,,AMiner
890,,1870858943.0,,0,0,0,蓝V,https://www.aminer.cn/pub/615d13fe5244ab9dcb637c5a?f=wb,https://www.aminer.cn/pub/615d13fe5244ab9dcb637c5a?f=wb,True,high,AMiner,,AMiner
891,,2794083144.0,,0,0,0,蓝V,https://www.science.org/doi/10.1126/sciadv.abh1756,https://www.science.org/doi/10.1126/sciadv.abh1756,True,high,DOI,10.1126/sciadv.abh1756,DOI
892,,5329434101.0,,0,0,0,蓝V,https://www.nature.com/articles/s41598-021-99298-6?utm_source=weibo&utm_medium=social&utm_term=s41598-021-99298-6,https://www.nature.com/articles/s41598-021-99298-6?utm_source=weibo&utm_medium=social&utm_term=s41598-021-99298-6,True,high,Nature,,Nature
893,,3543329232.0,,0,0,0,蓝V,https://doi.org/10.1103/PhysRevLett.127.172701,https://doi.org/10.1103/PhysRevLett.127.172701,True,high,DOI,10.1103/PhysRevLett.127.172701,DOI
894,,5599962053.0,,0,0,0,普通用户,http://arxiv.org/abs/2110.09693,http://arxiv.org/abs/2110.09693,True,high,arXiv,,arXiv
895,,5599962053.0,,0,0,0,普通用户,http://arxiv.org/abs/2110.09674,http://arxiv.org/abs/2110.09674,True,high,arXiv,,arXiv
896,,6433304918.0,,0,0,0,蓝V,https://arxiv.org/abs/2110.02095,https://arxiv.org/abs/2110.02095,True,high,arXiv,,arXiv
897,,5599962053.0,,0,0,0,普通用户,http://arxiv.org/abs/2110.04181,http://arxiv.org/abs/2110.04181,True,high,arXiv,,arXiv
898,,5599962053.0,,0,0,0,普通用户,http://arxiv.org/abs/2110.14213,http://arxiv.org/abs/2110.14213,True,high,arXiv,,arXiv
899,,5599962053.0,,0,0,0,普通用户,http://arxiv.org/abs/2110.14375,http://arxiv.org/abs/2110.14375,True,high,arXiv,,arXiv
900,,1496878501.0,,0,0,0,金V,https://www.nature.com/articles/s42255-021-00454-z,https://www.nature.com/articles/s42255-021-00454-z,True,high,Nature,,Nature
901,,5329434101.0,,0,0,0,蓝V,https://www.nature.com/articles/s41586-021-04100-2?utm_source=weibo&utm_medium=social&utm_term=s41586-021-04100-2,https://www.nature.com/articles/s41586-021-04100-2?utm_source=weibo&utm_medium=social&utm_term=s41586-021-04100-2,True,high,Nature,,Nature
901,,5329434101.0,,0,0,0,蓝V,https://www.nature.com/articles/s41586-021-04107-9?utm_source=weibo&utm_medium=social&utm_term=s41586-021-04107-9,https://www.nature.com/articles/s41586-021-04107-9?utm_source=weibo&utm_medium=social&utm_term=s41586-021-04107-9,True,high,Nature,,Nature
901,,5329434101.0,,0,0,0,蓝V,https://www.nature.com/articles/s41586-021-04119-5?utm_source=weibo&utm_medium=social&utm_term=s41586-021-04119-5,https://www.nature.com/articles/s41586-021-04119-5?utm_source=weibo&utm_medium=social&utm_term=s41586-021-04119-5,True,high,Nature,,Nature
902,,1729014640.0,,0,0,0,蓝V,https://doi.org/10.1038/s41477-021-00941-x,https://doi.org/10.1038/s41477-021-00941-x,True,high,DOI,10.1038/s41477-021-00941-x,DOI
903,,2427364747.0,,0,0,0,蓝V,https://doi.org/10.1007/s11427-020-1981-5,https://doi.org/10.1007/s11427-020-1981-5,True,high,DOI,10.1007/s11427-020-1981-5,DOI
904,,5599962053.0,,0,0,0,普通用户,http://arxiv.org/abs/2110.14375,http://arxiv.org/abs/2110.14375,True,high,arXiv,,arXiv
905,,1870858943.0,,0,0,0,蓝V,https://www.aminer.cn/pub/615a709d5244ab9dcb3a72e9?f=wb,https://www.aminer.cn/pub/615a709d5244ab9dcb3a72e9?f=wb,True,high,AMiner,,AMiner
906,,5599962053.0,,0,0,0,普通用户,http://arxiv.org/abs/2110.06628,http://arxiv.org/abs/2110.06628,True,high,arXiv,,arXiv
907,,5599962053.0,,0,0,0,普通用户,http://arxiv.org/abs/2110.06901,http://arxiv.org/abs/2110.06901,True,high,arXiv,,arXiv
908,,5599962053.0,,0,0,0,普通用户,http://arxiv.org/abs/2110.06707,http://arxiv.org/abs/2110.06707,True,high,arXiv,,arXiv
909,,5329434101.0,,0,0,0,蓝V,https://www.nature.com/articles/s41586-021-03883-8?utm_source=weibo&utm_medium=social&utm_term=s41586-021-03883-8,https://www.nature.com/articles/s41586-021-03883-8?utm_source=weibo&utm_medium=social&utm_term=s41586-021-03883-8,True,high,Nature,,Nature
909,,5329434101.0,,0,0,0,蓝V,https://doi.org/10.1038/d41586-021-02721-1,https://doi.org/10.1038/d41586-021-02721-1,True,high,DOI,10.1038/d41586-021-02721-1,DOI
910,,2427364747.0,,0,0,0,蓝V,https://doi.org/10.1088/2057-1976/ac396d,https://doi.org/10.1088/2057-1976/ac396d,True,high,DOI,10.1088/2057-1976/ac396d,DOI
911,,1730177302.0,,0,0,0,蓝V,https://doi.org/10.1016/j.rse.2021.112778,https://doi.org/10.1016/j.rse.2021.112778,True,high,DOI,10.1016/j.rse.2021.112778,DOI
912,,5976873363.0,,0,0,0,普通用户,https://doi.org/10.1016/j.apmt.2021.101236,https://doi.org/10.1016/j.apmt.2021.101236,True,high,DOI,10.1016/j.apmt.2021.101236,DOI
913,,5599962053.0,,0,0,0,普通用户,http://arxiv.org/abs/2111.07785,http://arxiv.org/abs/2111.07785,True,high,arXiv,,arXiv
914,,5599962053.0,,0,0,0,普通用户,http://arxiv.org/abs/2111.06894,http://arxiv.org/abs/2111.06894,True,high,arXiv,,arXiv
915,,5329434101.0,,0,0,0,蓝V,https://www.nature.com/articles/s41558-021-01206-3?utm_source=weibo&utm_medium=social&utm_term=s41558-021-01206-3,https://www.nature.com/articles/s41558-021-01206-3?utm_source=weibo&utm_medium=social&utm_term=s41558-021-01206-3,True,high,Nature,,Nature
916,,1917491813.0,,0,0,0,红V,http://arxiv.org/abs/2111.07783,http://arxiv.org/abs/2111.07783,True,high,arXiv,,arXiv
917,,1729014640.0,,0,0,0,蓝V,https://doi.org/10.1002/advs.202101176,https://doi.org/10.1002/advs.202101176,True,high,DOI,10.1002/advs.202101176,DOI
918,,1729014640.0,,0,0,0,蓝V,https://doi.org/10.1088/2057-1976/ac396d,https://doi.org/10.1088/2057-1976/ac396d,True,high,DOI,10.1088/2057-1976/ac396d,DOI
919,,5976873363.0,,0,0,0,普通用户,https://doi.org/10.1093/bib/bbab447,https://doi.org/10.1093/bib/bbab447,True,high,DOI,10.1093/bib/bbab447,DOI
920,,5976873363.0,,0,0,0,普通用户,https://doi.org/10.1038/s41586-021-03991-5,https://doi.org/10.1038/s41586-021-03991-5,True,high,DOI,10.1038/s41586-021-03991-5,DOI
921,,5976873363.0,,0,0,0,普通用户,https://doi.org/10.1038/s41467-021-26229-4,https://doi.org/10.1038/s41467-021-26229-4,True,high,DOI,10.1038/s41467-021-26229-4,DOI
922,,5976873363.0,,0,0,0,普通用户,https://doi.org/10.1016/j.nantod.2021.101323,https://doi.org/10.1016/j.nantod.2021.101323,True,high,DOI,10.1016/j.nantod.2021.101323,DOI
923,,1729014640.0,,0,0,0,蓝V,https://www.cell.com/cell/fulltext/S0092-8674(21)01231-9,https://www.cell.com/cell/fulltext/S0092-8674(21)01231-9,True,high,CELL PRESS,,CELL PRESS
924,,2427364747.0,,0,0,0,蓝V,https://doi.org/10.1002/advs.202101176,https://doi.org/10.1002/advs.202101176,True,high,DOI,10.1002/advs.202101176,DOI
925,,5599962053.0,,0,0,0,普通用户,http://arxiv.org/abs/2111.05100,http://arxiv.org/abs/2111.05100,True,high,arXiv,,arXiv
926,,5599962053.0,,0,0,0,普通用户,http://arxiv.org/abs/2111.05073,http://arxiv.org/abs/2111.05073,True,high,arXiv,,arXiv
927,,2279408463.0,,0,0,0,蓝V,https://link.springer.com/article/10.1007/s40846-021-00653-9?utm_source=weibo_organic&utm_medium=social&utm_campaign=SRCN_1_LW01_CN_AppliedScience,https://link.springer.com/article/10.1007/s40846-021-00653-9?utm_source=weibo_organic&utm_medium=social&utm_campaign=SRCN_1_LW01_CN_AppliedScience,True,high,DOI,10.1007/s40846-021-00653-9?utm_source=weibo_organic&utm_medium=social&utm_campaign=SRCN_1_LW01_CN_AppliedScience,DOI
928,,5329434101.0,,0,0,0,蓝V,https://www.nature.com/articles/s41467-021-26348-y?utm_source=weibo&utm_medium=social&utm_term=s41467-021-26348-y,https://www.nature.com/articles/s41467-021-26348-y?utm_source=weibo&utm_medium=social&utm_term=s41467-021-26348-y,True,high,Nature,,Nature
929,,1729014640.0,,0,0,0,蓝V,https://doi.org/10.1038/s41598-021-00742-4,https://doi.org/10.1038/s41598-021-00742-4,True,high,DOI,10.1038/s41598-021-00742-4,DOI
930,,2427364747.0,,0,0,0,蓝V,https://doi.org/10.1038/s41598-021-00742-4,https://doi.org/10.1038/s41598-021-00742-4,True,high,DOI,10.1038/s41598-021-00742-4,DOI
931,,1729014640.0,,0,0,0,蓝V,https://www.science.org/doi/10.1126/science.abf5787,https://www.science.org/doi/10.1126/science.abf5787,True,high,DOI,10.1126/science.abf5787,DOI
932,,1764919567.0,,0,0,0,红V,https://arxiv.org/abs/2112.09138,https://arxiv.org/abs/2112.09138,True,high,arXiv,,arXiv
933,,5599962053.0,,0,0,0,普通用户,http://arxiv.org/abs/2112.09130,http://arxiv.org/abs/2112.09130,True,high,arXiv,,arXiv
934,,5599962053.0,,0,0,0,普通用户,http://arxiv.org/abs/2112.07910,http://arxiv.org/abs/2112.07910,True,high,arXiv,,arXiv
935,,1764919567.0,,0,0,0,红V,https://www.nature.com/articles/s41550-021-01563-1.pdf,https://www.nature.com/articles/s41550-021-01563-1.pdf,True,high,Nature,,Nature
936,,1729014640.0,,0,0,0,蓝V,https://doi.org/10.1016/j.cub.2021.11.052,https://doi.org/10.1016/j.cub.2021.11.052,True,high,DOI,10.1016/j.cub.2021.11.052,DOI
937,,2427364747.0,,0,0,0,蓝V,https://www.science.org/doi/10.1126/science.abf5787,https://www.science.org/doi/10.1126/science.abf5787,True,high,DOI,10.1126/science.abf5787,DOI
938,,5976873363.0,,0,0,0,普通用户,https://doi.org/10.1080/24694452.2021.1960473,https://doi.org/10.1080/24694452.2021.1960473,True,high,DOI,10.1080/24694452.2021.1960473,DOI
939,,5341251100.0,,0,0,0,蓝V,https://doi.org/10.5194/amt-14-7069-2021,https://doi.org/10.5194/amt-14-7069-2021,True,high,DOI,10.5194/amt-14-7069-2021,DOI
940,,2427364747.0,,0,0,0,蓝V,https://doi.org/10.1111/gcb.15991,https://doi.org/10.1111/gcb.15991,True,high,DOI,10.1111/gcb.15991,DOI
941,,2427364747.0,,0,0,0,蓝V,https://doi.org/10.1126/science.abj6511,https://doi.org/10.1126/science.abj6511,True,high,DOI,10.1126/science.abj6511,DOI
942,,2427364747.0,,0,0,0,蓝V,https://doi.org/10.1016/j.cub.2021.11.052,https://doi.org/10.1016/j.cub.2021.11.052,True,high,DOI,10.1016/j.cub.2021.11.052,DOI
943,,5599962053.0,,0,0,0,普通用户,http://arxiv.org/abs/2112.10572,http://arxiv.org/abs/2112.10572,True,high,arXiv,,arXiv
944,,2794083144.0,,0,0,0,蓝V,https://www.science.org/doi/10.1126/sciadv.abl3858,https://www.science.org/doi/10.1126/sciadv.abl3858,True,high,DOI,10.1126/sciadv.abl3858,DOI
945,,5599962053.0,,0,0,0,普通用户,http://arxiv.org/abs/2112.05825,http://arxiv.org/abs/2112.05825,True,high,arXiv,,arXiv
946,,2427364747.0,,0,0,0,蓝V,https://doi.org/10.1038/s41586-021-04267-8,https://doi.org/10.1038/s41586-021-04267-8,True,high,DOI,10.1038/s41586-021-04267-8,DOI
947,,5329434101.0,,0,0,0,蓝V,https://www.nature.com/articles/s41586-021-04267-8?utm_source=weibo&utm_medium=social&utm_term=s41586-021-04267-8,https://www.nature.com/articles/s41586-021-04267-8?utm_source=weibo&utm_medium=social&utm_term=s41586-021-04267-8,True,high,Nature,,Nature
948,,5329434101.0,,0,0,0,蓝V,https://www.nature.com/articles/s41586-021-04128-4?utm_source=weibo&utm_medium=social&utm_term=s41586-021-04128-4,https://www.nature.com/articles/s41586-021-04128-4?utm_source=weibo&utm_medium=social&utm_term=s41586-021-04128-4,True,high,Nature,,Nature
949,,1729014640.0,,0,0,0,蓝V,https://doi.org/10.1364/OPTICA.438502,https://doi.org/10.1364/OPTICA.438502,True,high,DOI,10.1364/OPTICA.438502,DOI
950,,6596265412.0,,0,0,0,普通用户,https://doi.org/10.1016/j.cmet.2021.09.004,https://doi.org/10.1016/j.cmet.2021.09.004,True,high,DOI,10.1016/j.cmet.2021.09.004,DOI
951,,2794083144.0,,0,0,0,蓝V,https://www.pnas.org/content/119/1/e2111199119,https://www.pnas.org/content/119/1/e2111199119,True,high,pnas,,pnas
952,,1894295570.0,,0,0,0,蓝V,https://www.scirp.org/journal/paperinformation.aspx?paperid=114546&utm_campaign=weibo&utm_medium=chenling,https://www.scirp.org/journal/paperinformation.aspx?paperid=114546&utm_campaign=weibo&utm_medium=chenling,True,high,SCIRP 美国科研出版社,,SCIRP 美国科研出版社
953,,1729014640.0,,0,0,0,蓝V,https://doi.org/10.1016/j.celrep.2021.110203,https://doi.org/10.1016/j.celrep.2021.110203,True,high,DOI,10.1016/j.celrep.2021.110203,DOI
954,,5329434101.0,,0,0,0,蓝V,https://www.nature.com/articles/s41586-021-04275-8?utm_source=weibo&utm_medium=social&utm_term=s41586-021-04275-8,https://www.nature.com/articles/s41586-021-04275-8?utm_source=weibo&utm_medium=social&utm_term=s41586-021-04275-8,True,high,Nature,,Nature
955,,1729014640.0,,0,0,0,蓝V,https://doi.org/10.1038/s41551-021-00819-5,https://doi.org/10.1038/s41551-021-00819-5,True,high,DOI,10.1038/s41551-021-00819-5,DOI
956,,5356414944.0,,0,0,0,蓝V,https://www.cell.com/cell/fulltext/S0092-8674(21)01453-7,https://www.cell.com/cell/fulltext/S0092-8674(21)01453-7,True,high,CELL PRESS,,CELL PRESS
957,,5976873363.0,,0,0,0,普通用户,https://doi.org/10.1038/s41586-021-04159-x,https://doi.org/10.1038/s41586-021-04159-x,True,high,DOI,10.1038/s41586-021-04159-x,DOI
958,,2427364747.0,,0,0,0,蓝V,https://doi.org/10.1016/j.celrep.2021.110203,https://doi.org/10.1016/j.celrep.2021.110203,True,high,DOI,10.1016/j.celrep.2021.110203,DOI
959,,5514691132.0,,0,0,0,普通用户,https://arxiv.org/abs/2201.05541,https://arxiv.org/abs/2201.05541,True,high,arXiv,,arXiv
960,,2427364747.0,,0,0,0,蓝V,https://www.nature.com/articles/s43016-021-00432-4,https://www.nature.com/articles/s43016-021-00432-4,True,high,Nature,,Nature
961,,2427364747.0,,0,0,0,蓝V,https://doi.org/10.1038/s41551-021-00819-5,https://doi.org/10.1038/s41551-021-00819-5,True,high,DOI,10.1038/s41551-021-00819-5,DOI
962,,2794083144.0,,0,0,0,蓝V,https://www.science.org/doi/10.1126/sciadv.abl3858,https://www.science.org/doi/10.1126/sciadv.abl3858,True,high,DOI,10.1126/sciadv.abl3858,DOI
963,,5633464636.0,,0,0,0,蓝V,https://dx.doi.org/10.1038/s41559-021-01614-w,https://dx.doi.org/10.1038/s41559-021-01614-w,True,high,DOI,10.1038/s41559-021-01614-w,DOI
964,,1730177302.0,,0,0,0,蓝V,https://doi.org/10.3847/1538-4357/ac2e94,https://doi.org/10.3847/1538-4357/ac2e94,True,high,DOI,10.3847/1538-4357/ac2e94,DOI
965,,1729014640.0,,0,0,0,蓝V,https://doi.org/10.1103/PhysRevLett.128.050503,https://doi.org/10.1103/PhysRevLett.128.050503,True,high,DOI,10.1103/PhysRevLett.128.050503,DOI
966,,2427364747.0,,0,0,0,蓝V,https://doi.org/10.1103/PhysRevLett.128.050503,https://doi.org/10.1103/PhysRevLett.128.050503,True,high,DOI,10.1103/PhysRevLett.128.050503,DOI
967,,5976873363.0,,0,0,0,普通用户,https://doi.org/10.1038/s41586-022-04423-8,https://doi.org/10.1038/s41586-022-04423-8,True,high,DOI,10.1038/s41586-022-04423-8,DOI
968,,1870858943.0,,0,0,0,蓝V,https://www.aminer.cn/pub/60cac58091e011b32937404d/pre-trained-models-past-present-and-future?f=wb,https://www.aminer.cn/pub/60cac58091e011b32937404d/pre-trained-models-past-present-and-future?f=wb,True,high,AMiner,,AMiner
969,,5599962053.0,,0,0,0,普通用户,http://arxiv.org/abs/2202.08329,http://arxiv.org/abs/2202.08329,True,high,arXiv,,arXiv
970,,5602911905.0,,0,0,0,蓝V,https://doi.org/10.1038/s41550-022-01604-3,https://doi.org/10.1038/s41550-022-01604-3,True,high,DOI,10.1038/s41550-022-01604-3,DOI
971,,5329434101.0,,0,0,0,蓝V,https://www.nature.com/articles/s41586-022-04423-8?utm_source=weibo&utm_medium=social&utm_term=s41586-022-04423-8,https://www.nature.com/articles/s41586-022-04423-8?utm_source=weibo&utm_medium=social&utm_term=s41586-022-04423-8,True,high,Nature,,Nature
972,,5599962053.0,,0,0,0,普通用户,http://arxiv.org/abs/2202.07271,http://arxiv.org/abs/2202.07271,True,high,arXiv,,arXiv
973,,5599962053.0,,0,0,0,普通用户,http://arxiv.org/abs/2202.07173,http://arxiv.org/abs/2202.07173,True,high,arXiv,,arXiv
974,,2427364747.0,,0,0,0,蓝V,https://doi.org/10.1038/s41558-022-01280-1,https://doi.org/10.1038/s41558-022-01280-1,True,high,DOI,10.1038/s41558-022-01280-1,DOI
975,,1729014640.0,,0,0,0,蓝V,https://doi.org/10.1038/s41558-022-01280-1,https://doi.org/10.1038/s41558-022-01280-1,True,high,DOI,10.1038/s41558-022-01280-1,DOI
976,,2427364747.0,,0,0,0,蓝V,https://doi.org/10.1038/s41586-021-04349-7,https://doi.org/10.1038/s41586-021-04349-7,True,high,DOI,10.1038/s41586-021-04349-7,DOI
976,,2427364747.0,,0,0,0,蓝V,https://doi.org/10.1038/s41586-021-04344-y,https://doi.org/10.1038/s41586-021-04344-y,True,high,DOI,10.1038/s41586-021-04344-y,DOI
977,,1729014640.0,,0,0,0,蓝V,https://doi.org/10.1038/s41586-021-04349-7,https://doi.org/10.1038/s41586-021-04349-7,True,high,DOI,10.1038/s41586-021-04349-7,DOI
977,,1729014640.0,,0,0,0,蓝V,https://doi.org/10.1038/s41586-021-04344-y,https://doi.org/10.1038/s41586-021-04344-y,True,high,DOI,10.1038/s41586-021-04344-y,DOI
978,,1729014640.0,,0,0,0,蓝V,https://doi.org/10.1038/s41550-022-01604-3,https://doi.org/10.1038/s41550-022-01604-3,True,high,DOI,10.1038/s41550-022-01604-3,DOI
979,,1729014640.0,,0,0,0,蓝V,https://doi.org/10.1038/s41558-022-01282-z,https://doi.org/10.1038/s41558-022-01282-z,True,high,DOI,10.1038/s41558-022-01282-z,DOI
980,,2427364747.0,,0,0,0,蓝V,https://doi.org/10.1038/s41558-022-01282-z,https://doi.org/10.1038/s41558-022-01282-z,True,high,DOI,10.1038/s41558-022-01282-z,DOI
981,,5976873363.0,,0,0,0,普通用户,https://doi.org/10.1038/s41467-022-29071-4,https://doi.org/10.1038/s41467-022-29071-4,True,high,DOI,10.1038/s41467-022-29071-4,DOI
982,,5976873363.0,,0,0,0,普通用户,https://doi.org/10.1038/s41893-022-00857-0,https://doi.org/10.1038/s41893-022-00857-0,True,high,DOI,10.1038/s41893-022-00857-0,DOI
983,,3275213384.0,,0,0,0,蓝V,https://www.cell.com/matter/fulltext/S2590-2385(22)00107-2?utm_medium=weibo,https://www.cell.com/matter/fulltext/S2590-2385(22)00107-2?utm_medium=weibo,True,high,CELL PRESS,,CELL PRESS
984,,5976873363.0,,0,0,0,普通用户,https://doi.org/10.1038/s41598-022-07080-z,https://doi.org/10.1038/s41598-022-07080-z,True,high,DOI,10.1038/s41598-022-07080-z,DOI
985,,5599962053.0,,0,0,0,普通用户,http://arxiv.org/abs/2203.08734,http://arxiv.org/abs/2203.08734,True,high,arXiv,,arXiv
986,,5329434101.0,,0,0,0,蓝V,https://www.nature.com/articles/s41467-022-28956-8?utm_source=weibo&utm_medium=social&utm_term=s41467-022-28956-8,https://www.nature.com/articles/s41467-022-28956-8?utm_source=weibo&utm_medium=social&utm_term=s41467-022-28956-8,True,high,Nature,,Nature
987,,5329434101.0,,0,0,0,蓝V,https://www.nature.com/articles/s41598-022-07080-z?utm_source=weibo&utm_medium=social&utm_term=s41598-022-07080-z,https://www.nature.com/articles/s41598-022-07080-z?utm_source=weibo&utm_medium=social&utm_term=s41598-022-07080-z,True,high,Nature,,Nature
988,,1870858943.0,,0,0,0,蓝V,https://www.aminer.cn/pub/620b19c35aee126c0f7e667b?f=wb,https://www.aminer.cn/pub/620b19c35aee126c0f7e667b?f=wb,True,high,AMiner,,AMiner
989,,5514691132.0,,0,0,0,普通用户,https://arxiv.org/abs/2203.04049,https://arxiv.org/abs/2203.04049,True,high,arXiv,,arXiv
990,,2126427211.0,,0,0,0,黄V,http://keg.cs.tsinghua.edu.cn/jietang/publications/WWW22-Yang%20et%20al.-STAM-GNN.pdf,http://keg.cs.tsinghua.edu.cn/jietang/publications/WWW22-Yang et al.-STAM-GNN.pdf,True,medium,学术特征,,/publications/
991,,2427364747.0,,0,0,0,蓝V,https://doi.org/10.1073/pnas.2115627119,https://doi.org/10.1073/pnas.2115627119,True,high,DOI,10.1073/pnas.2115627119,DOI
992,,5599962053.0,,0,0,0,普通用户,http://arxiv.org/abs/2203.01726,http://arxiv.org/abs/2203.01726,True,high,arXiv,,arXiv
993,,5599962053.0,,0,0,0,普通用户,http://arxiv.org/abs/2203.01583,http://arxiv.org/abs/2203.01583,True,high,arXiv,,arXiv
994,,1729014640.0,,0,0,0,蓝V,https://doi.org/10.1073/pnas.2115627119,https://doi.org/10.1073/pnas.2115627119,True,high,DOI,10.1073/pnas.2115627119,DOI
995,,5599962053.0,,0,0,0,普通用户,http://arxiv.org/abs/2203.03971,http://arxiv.org/abs/2203.03971,True,high,arXiv,,arXiv
996,,5976873363.0,,0,0,0,普通用户,https://doi.org/10.1016/j.agrformet.2022.108858,https://doi.org/10.1016/j.agrformet.2022.108858,True,high,DOI,10.1016/j.agrformet.2022.108858,DOI
997,,5356414944.0,,0,0,0,蓝V,https://pubs.acs.org/doi/10.1021/acsnano.1c11627,https://pubs.acs.org/doi/10.1021/acsnano.1c11627,True,high,DOI,10.1021/acsnano.1c11627,DOI
998,,5514691132.0,,0,0,0,普通用户,https://arxiv.org/abs/2203.04613,https://arxiv.org/abs/2203.04613,True,high,arXiv,,arXiv
999,,5599962053.0,,0,0,0,普通用户,http://arxiv.org/abs/2203.00629,http://arxiv.org/abs/2203.00629,True,high,arXiv,,arXiv
1000,,2657633095.0,,0,0,0,蓝V,https://doi.org/10.1016/j.xinn.2022.100243,https://doi.org/10.1016/j.xinn.2022.100243,True,high,DOI,10.1016/j.xinn.2022.100243,DOI
1001,,2427364747.0,,0,0,0,蓝V,https://doi.org/10.1016/j.xinn.2022.100243,https://doi.org/10.1016/j.xinn.2022.100243,True,high,DOI,10.1016/j.xinn.2022.100243,DOI
1002,,2427364747.0,,0,0,0,蓝V,https://doi.org/10.1126/sciadv.abj8394,https://doi.org/10.1126/sciadv.abj8394,True,high,DOI,10.1126/sciadv.abj8394,DOI
1003,,5599962053.0,,0,0,0,普通用户,http://arxiv.org/abs/2204.07420,http://arxiv.org/abs/2204.07420,True,high,arXiv,,arXiv
1004,,1729014640.0,,0,0,0,蓝V,https://doi.org/10.1038/s41550-022-01626-x,https://doi.org/10.1038/s41550-022-01626-x,True,high,DOI,10.1038/s41550-022-01626-x,DOI
1005,,1729014640.0,,0,0,0,蓝V,https://doi.org/10.1126/sciadv.abj8394,https://doi.org/10.1126/sciadv.abj8394,True,high,DOI,10.1126/sciadv.abj8394,DOI
1006,,1729014640.0,,0,0,0,蓝V,https://doi.org/10.1016/j.xinn.2022.100243,https://doi.org/10.1016/j.xinn.2022.100243,True,high,DOI,10.1016/j.xinn.2022.100243,DOI
1007,,1894295570.0,,0,0,0,蓝V,https://www.scirp.org/journal/paperinformation.aspx?paperid=116869&utm_campaign=weibo&utm_medium=chenling,https://www.scirp.org/journal/paperinformation.aspx?paperid=116869&utm_campaign=weibo&utm_medium=chenling,True,high,SCIRP 美国科研出版社,,SCIRP 美国科研出版社
1008,,2427364747.0,,0,0,0,蓝V,https://doi.org/10.1038/s41550-022-01626-x,https://doi.org/10.1038/s41550-022-01626-x,True,high,DOI,10.1038/s41550-022-01626-x,DOI
1009,,5599962053.0,,0,0,0,普通用户,http://arxiv.org/abs/2204.11762,http://arxiv.org/abs/2204.11762,True,high,arXiv,,arXiv
1010,,1870858943.0,,0,0,0,蓝V,https://www.aminer.cn/pub/5e2ac03c3a55ac8999c1ad99/?f=wb,https://www.aminer.cn/pub/5e2ac03c3a55ac8999c1ad99/?f=wb,True,high,AMiner,,AMiner
1011,,1730177302.0,,0,0,0,蓝V,https://doi.org/10.1093/plphys/kiac156,https://doi.org/10.1093/plphys/kiac156,True,high,DOI,10.1093/plphys/kiac156,DOI
1012,,7006367380.0,,0,0,0,蓝V,https://royalsocietypublishing.org/doi/10.1098/rspb.2021.2397,https://royalsocietypublishing.org/doi/10.1098/rspb.2021.2397,True,high,DOI,10.1098/rspb.2021.2397,DOI
1013,,5976873363.0,,0,0,0,普通用户,https://doi.org/10.1038/s41550-022-01634-x,https://doi.org/10.1038/s41550-022-01634-x,True,high,DOI,10.1038/s41550-022-01634-x,DOI
1014,,5356414944.0,,0,0,0,蓝V,https://www.nature.com/articles/s41586-022-04509-3,https://www.nature.com/articles/s41586-022-04509-3,True,high,Nature,,Nature
1015,,1235572171.0,,0,0,0,蓝V,https://arxiv.org/abs/2203.14101,https://arxiv.org/abs/2203.14101,True,high,arXiv,,arXiv
1016,,5953063530.0,,0,0,0,普通用户,http://www.iapjournals.ac.cn/dqkx/cn/article/doi/10.3878/j.issn.1006-9895.2106.21030?viewType=HTML,http://www.iapjournals.ac.cn/dqkx/cn/article/doi/10.3878/j.issn.1006-9895.2106.21030?viewType=HTML,True,high,DOI,10.3878/j.issn.1006-9895.2106.21030?viewType=HTML,DOI
1017,,5356414944.0,,0,0,0,蓝V,https://www.tandfonline.com/doi/full/10.1080/15548627.2022.2055285,https://www.tandfonline.com/doi/full/10.1080/15548627.2022.2055285,True,high,DOI,10.1080/15548627.2022.2055285,DOI
1018,,2427364747.0,,0,0,0,蓝V,https://doi.org/10.48550/arXiv.2203.09749,https://doi.org/10.48550/arXiv.2203.09749,True,high,DOI,10.48550/arXiv.2203.09749,DOI
1019,,1729014640.0,,0,0,0,蓝V,https://doi.org/10.1038/s41550-022-01634-x,https://doi.org/10.1038/s41550-022-01634-x,True,high,DOI,10.1038/s41550-022-01634-x,DOI
1020,,1729014640.0,,0,0,0,蓝V,https://doi.org/10.48550/arXiv.2203.09749,https://doi.org/10.48550/arXiv.2203.09749,True,high,DOI,10.48550/arXiv.2203.09749,DOI
1021,,2794083144.0,,0,0,0,蓝V,https://www.pnas.org/doi/10.1073/pnas.2122954119?url_ver=Z39.88-2003𝔯_id=ori:rid:crossref.org𝔯_dat=cr_pub%20%200pubmed,https://www.pnas.org/doi/10.1073/pnas.2122954119?url_ver=Z39.88-2003𝔯_id=ori:rid:crossref.org𝔯_dat=cr_pub  0pubmed,True,high,DOI,10.1073/pnas.2122954119?url_ver=Z39.88-2003𝔯_id=ori:rid:crossref.org𝔯_dat=cr_pub,DOI
1022,,1764919567.0,,0,0,0,红V,https://arxiv.org/abs/2203.02255,https://arxiv.org/abs/2203.02255,True,high,arXiv,,arXiv
1023,,5976873363.0,,0,0,0,普通用户,https://doi.org/10.3847/PSJ/ac649c,https://doi.org/10.3847/PSJ/ac649c,True,high,DOI,10.3847/PSJ/ac649c,DOI
1024,,3275213384.0,,0,0,0,蓝V,https://www.cell.com/patterns/fulltext/S2666-3899(22)00082-4?utm_medium=weibo,https://www.cell.com/patterns/fulltext/S2666-3899(22)00082-4?utm_medium=weibo,True,high,CELL PRESS,,CELL PRESS
1025,,1642632622.0,,0,0,0,蓝V,https://doi.org/10.1126/sciadv.abm6624,https://doi.org/10.1126/sciadv.abm6624,True,high,DOI,10.1126/sciadv.abm6624,DOI
1026,,3710258141.0,,0,0,0,金V,https://iopscience.iop.org/article/10.3847/2041-8213/ac6674,https://iopscience.iop.org/article/10.3847/2041-8213/ac6674,True,high,DOI,10.3847/2041-8213/ac6674,DOI
1026,,3710258141.0,,0,0,0,金V,https://iopscience.iop.org/article/10.3847/2041-8213/ac6675,https://iopscience.iop.org/article/10.3847/2041-8213/ac6675,True,high,DOI,10.3847/2041-8213/ac6675,DOI
1026,,3710258141.0,,0,0,0,金V,https://iopscience.iop.org/article/10.3847/2041-8213/ac6429,https://iopscience.iop.org/article/10.3847/2041-8213/ac6429,True,high,DOI,10.3847/2041-8213/ac6429,DOI
1026,,3710258141.0,,0,0,0,金V,https://iopscience.iop.org/article/10.3847/2041-8213/ac6736,https://iopscience.iop.org/article/10.3847/2041-8213/ac6736,True,high,DOI,10.3847/2041-8213/ac6736,DOI
1026,,3710258141.0,,0,0,0,金V,https://iopscience.iop.org/article/10.3847/2041-8213/ac6672,https://iopscience.iop.org/article/10.3847/2041-8213/ac6672,True,high,DOI,10.3847/2041-8213/ac6672,DOI
1026,,3710258141.0,,0,0,0,金V,https://iopscience.iop.org/article/10.3847/2041-8213/ac6756,https://iopscience.iop.org/article/10.3847/2041-8213/ac6756,True,high,DOI,10.3847/2041-8213/ac6756,DOI
1026,,3710258141.0,,0,0,0,金V,https://iopscience.iop.org/article/10.3847/2041-8213/ac6615,https://iopscience.iop.org/article/10.3847/2041-8213/ac6615,True,high,DOI,10.3847/2041-8213/ac6615,DOI
1026,,3710258141.0,,0,0,0,金V,https://iopscience.iop.org/article/10.3847/2041-8213/ac6428,https://iopscience.iop.org/article/10.3847/2041-8213/ac6428,True,high,DOI,10.3847/2041-8213/ac6428,DOI
1026,,3710258141.0,,0,0,0,金V,https://iopscience.iop.org/article/10.3847/2041-8213/ac65eb,https://iopscience.iop.org/article/10.3847/2041-8213/ac65eb,True,high,DOI,10.3847/2041-8213/ac65eb,DOI
1026,,3710258141.0,,0,0,0,金V,https://iopscience.iop.org/article/10.3847/2041-8213/ac6584,https://iopscience.iop.org/article/10.3847/2041-8213/ac6584,True,high,DOI,10.3847/2041-8213/ac6584,DOI
1027,,5662898461.0,,0,0,0,蓝V,https://www.chinaagrisci.com/Jwk_zgnykxen/EN/abstract/abstract503813.shtml,https://www.chinaagrisci.com/Jwk_zgnykxen/EN/abstract/abstract503813.shtml,True,medium,学术特征,,/abstract/
1028,,1870858943.0,,0,0,0,蓝V,https://www.aminer.cn/pub/60c4030f91e011d44febefaa?f=wb,https://www.aminer.cn/pub/60c4030f91e011d44febefaa?f=wb,True,high,AMiner,,AMiner
1029,,1729014640.0,,0,0,0,蓝V,https://www.nature.com/articles/s41586-022-04672-7,https://www.nature.com/articles/s41586-022-04672-7,True,high,Nature,,Nature
1030,,1729014640.0,,0,0,0,蓝V,https://doi.org/10.1111/cpr.13235,https://doi.org/10.1111/cpr.13235,True,high,DOI,10.1111/cpr.13235,DOI
1031,,1870858943.0,,0,0,0,蓝V,https://www.aminer.cn/pub/628707335aee126c0f78c3be,https://www.aminer.cn/pub/628707335aee126c0f78c3be,True,high,AMiner,,AMiner
1032,,5976873363.0,,0,0,0,普通用户,https://dx.doi.org/10.1016/j.cell.2022.04.008,https://dx.doi.org/10.1016/j.cell.2022.04.008,True,high,DOI,10.1016/j.cell.2022.04.008,DOI
1033,,2794083144.0,,0,0,0,蓝V,https://www.nature.com/articles/s41467-022-29994-y,https://www.nature.com/articles/s41467-022-29994-y,True,high,Nature,,Nature
1034,,7006367380.0,,0,0,0,蓝V,https://pubs.rsc.org/en/content/articlelanding/2022/EE/d2ee00233g,https://pubs.rsc.org/en/content/articlelanding/2022/EE/d2ee00233g,True,high,The Royal Society of Chemistry,,The Royal Society of Chemistry
1035,,2427364747.0,,0,0,0,蓝V,https://doi.org/10.1038/s43588-022-00231-2,https://doi.org/10.1038/s43588-022-00231-2,True,high,DOI,10.1038/s43588-022-00231-2,DOI
1035,,2427364747.0,,0,0,0,蓝V,https://doi.org/10.1038/s43588-022-00235-y,https://doi.org/10.1038/s43588-022-00235-y,True,high,DOI,10.1038/s43588-022-00235-y,DOI
1036,,5976873363.0,,0,0,0,普通用户,https://doi.org/10.1038/s41586-022-04629-w,https://doi.org/10.1038/s41586-022-04629-w,True,high,DOI,10.1038/s41586-022-04629-w,DOI
1037,,1729014640.0,,0,0,0,蓝V,https://doi.org/10.1038/s43588-022-00231-2,https://doi.org/10.1038/s43588-022-00231-2,True,high,DOI,10.1038/s43588-022-00231-2,DOI
1037,,1729014640.0,,0,0,0,蓝V,https://doi.org/10.1038/s43588-022-00235-y,https://doi.org/10.1038/s43588-022-00235-y,True,high,DOI,10.1038/s43588-022-00235-y,DOI
1038,,5976873363.0,,0,0,0,普通用户,https://doi.org/10.1038/s41550-022-01626-x,https://doi.org/10.1038/s41550-022-01626-x,True,high,DOI,10.1038/s41550-022-01626-x,DOI
1039,,5599962053.0,,0,0,0,普通用户,http://arxiv.org/abs/2205.04596,http://arxiv.org/abs/2205.04596,True,high,arXiv,,arXiv
1040,,7156379373.0,,0,0,0,普通用户,https://doi.org/10.1038/s41586-022-04629-w,https://doi.org/10.1038/s41586-022-04629-w,True,high,DOI,10.1038/s41586-022-04629-w,DOI
1041,,1870858943.0,,0,0,0,蓝V,https://www.aminer.cn/pub/62620f1c5aee126c0f686cf5?f=wb,https://www.aminer.cn/pub/62620f1c5aee126c0f686cf5?f=wb,True,high,AMiner,,AMiner
1042,,1870858943.0,,0,0,0,蓝V,https://www.aminer.cn/pub/62708f625aee126c0fa694a0/?f=wb,https://www.aminer.cn/pub/62708f625aee126c0fa694a0/?f=wb,True,high,AMiner,,AMiner
1043,,1870858943.0,,0,0,0,蓝V,https://www.aminer.cn/pub/621ee1895aee126c0f26af67/?f=wb,https://www.aminer.cn/pub/621ee1895aee126c0f26af67/?f=wb,True,high,AMiner,,AMiner
1044,,5514691132.0,,0,0,0,普通用户,https://arxiv.org/abs/2205.07236,https://arxiv.org/abs/2205.07236,True,high,arXiv,,arXiv
1045,,2427364747.0,,0,0,0,蓝V,https://science.org/doi/10.1126/sciadv.abm8890,https://science.org/doi/10.1126/sciadv.abm8890,True,high,DOI,10.1126/sciadv.abm8890,DOI
1046,,3187541560.0,,0,0,0,普通用户,https://www.sciencedirect.com/science/article/abs/pii/S0167718713000520,https://www.sciencedirect.com/science/article/abs/pii/S0167718713000520,True,high,Elsevier,,Elsevier
1047,,5599962053.0,,0,0,0,普通用户,http://arxiv.org/abs/2206.09420,http://arxiv.org/abs/2206.09420,True,high,arXiv,,arXiv
1048,,2427364747.0,,0,0,0,蓝V,https://doi.org/10.7554/eLife.76356,https://doi.org/10.7554/eLife.76356,True,high,DOI,10.7554/eLife.76356,DOI
1049,,1729014640.0,,0,0,0,蓝V,https://doi.org/10.7554/eLife.76356,https://doi.org/10.7554/eLife.76356,True,high,DOI,10.7554/eLife.76356,DOI
1050,,5356414944.0,,0,0,0,蓝V,https://www.nature.com/articles/s41467-022-30103-2,https://www.nature.com/articles/s41467-022-30103-2,True,high,Nature,,Nature
1051,,5599962053.0,,0,0,0,普通用户,http://arxiv.org/abs/2206.07795,http://arxiv.org/abs/2206.07795,True,high,arXiv,,arXiv
1052,,1729014640.0,,0,0,0,蓝V,https://science.org/doi/10.1126/sciadv.abm8890,https://science.org/doi/10.1126/sciadv.abm8890,True,high,DOI,10.1126/sciadv.abm8890,DOI
1053,,5356414944.0,,0,0,0,蓝V,https://www.nature.com/articles/s41587-022-01327-w,https://www.nature.com/articles/s41587-022-01327-w,True,high,Nature,,Nature
1054,,1870858943.0,,0,0,0,蓝V,https://www.aminer.cn/pub/5c11d5ed530c7099a9444d3e?f=wb,https://www.aminer.cn/pub/5c11d5ed530c7099a9444d3e?f=wb,True,high,AMiner,,AMiner
1055,,5599962053.0,,0,0,0,普通用户,http://arxiv.org/abs/2206.03380,http://arxiv.org/abs/2206.03380,True,high,arXiv,,arXiv
1056,,1788935762.0,,0,0,0,黄V,https://doi.org/10.1289/EHP10669,https://doi.org/10.1289/EHP10669,True,high,DOI,10.1289/EHP10669,DOI
1057,,1870858943.0,,0,0,0,蓝V,https://www.aminer.cn/pub/629587475aee126c0fe15007?f=wb,https://www.aminer.cn/pub/629587475aee126c0fe15007?f=wb,True,high,AMiner,,AMiner
1058,,1729014640.0,,0,0,0,蓝V,https://doi.org/10.1103/PhysRevLett.128.223602,https://doi.org/10.1103/PhysRevLett.128.223602,True,high,DOI,10.1103/PhysRevLett.128.223602,DOI
1059,,5976873363.0,,0,0,0,普通用户,https://doi.org/10.1186/s13045-022-01297-1,https://doi.org/10.1186/s13045-022-01297-1,True,high,DOI,10.1186/s13045-022-01297-1,DOI
1060,,5599962053.0,,0,0,0,普通用户,http://arxiv.org/abs/2206.02607,http://arxiv.org/abs/2206.02607,True,high,arXiv,,arXiv
1061,,1764919567.0,,0,0,0,红V,https://arxiv.org/abs/2206.00011,https://arxiv.org/abs/2206.00011,True,high,arXiv,,arXiv
1062,,1870858943.0,,0,0,0,蓝V,https://www.aminer.cn/pub/6279c9c65aee126c0fdae979?f=wb,https://www.aminer.cn/pub/6279c9c65aee126c0fdae979?f=wb,True,high,AMiner,,AMiner
1063,,1870858943.0,,0,0,0,蓝V,https://www.aminer.cn/pub/6279c9c65aee126c0fdae846?f=wb,https://www.aminer.cn/pub/6279c9c65aee126c0fdae846?f=wb,True,high,AMiner,,AMiner
1064,,2794083144.0,,0,0,0,蓝V,http://doi.org/10.1186/s13059-022-02692-0,http://doi.org/10.1186/s13059-022-02692-0,True,high,DOI,10.1186/s13059-022-02692-0,DOI
1065,,1729014640.0,,0,0,0,蓝V,https://doi.org/10.1126/science.abl9127,https://doi.org/10.1126/science.abl9127,True,high,DOI,10.1126/science.abl9127,DOI
1066,,2427364747.0,,0,0,0,蓝V,https://doi.org/10.1038/s41556-022-00919-7,https://doi.org/10.1038/s41556-022-00919-7,True,high,DOI,10.1038/s41556-022-00919-7,DOI
1067,,6684374689.0,,0,0,0,蓝V,https://www.ecologica.cn/stxb/article/abstract/stxb202106021454,https://www.ecologica.cn/stxb/article/abstract/stxb202106021454,True,high,生态学报,,生态学报
1068,,2427364747.0,,0,0,0,蓝V,https://doi.org/10.1016/j.tecto.2022.229462,https://doi.org/10.1016/j.tecto.2022.229462,True,high,DOI,10.1016/j.tecto.2022.229462,DOI
1069,,5976873363.0,,0,0,0,普通用户,https://doi.org/10.1016/j.nbscr.2022.100079,https://doi.org/10.1016/j.nbscr.2022.100079,True,high,DOI,10.1016/j.nbscr.2022.100079,DOI
1070,,1729014640.0,,0,0,0,蓝V,https://doi.org/10.1002/essoar.10511657.1,https://doi.org/10.1002/essoar.10511657.1,True,high,DOI,10.1002/essoar.10511657.1,DOI
1071,,7153099325.0,,0,0,0,黄V,https://journals.plos.org/plosone/article?id=10.1371/journal.pone.0270194,https://journals.plos.org/plosone/article?id=10.1371/journal.pone.0270194,True,high,DOI,10.1371/journal.pone.0270194,DOI
1072,,1894295570.0,,0,0,0,蓝V,https://www.scirp.org/journal/paperinformation.aspx?paperid=118677&utm_campaign=weibo&utm_medium=chenling,https://www.scirp.org/journal/paperinformation.aspx?paperid=118677&utm_campaign=weibo&utm_medium=chenling,True,high,SCIRP 美国科研出版社,,SCIRP 美国科研出版社
1073,,1729014640.0,,0,0,0,蓝V,https://doi.org/10.1016/j.tecto.2022.229462,https://doi.org/10.1016/j.tecto.2022.229462,True,high,DOI,10.1016/j.tecto.2022.229462,DOI
1074,,5633464636.0,,0,0,0,蓝V,https://doi.org/10.1007/s10764-022-00309-8,https://doi.org/10.1007/s10764-022-00309-8,True,high,DOI,10.1007/s10764-022-00309-8,DOI
1075,,2427364747.0,,0,0,0,蓝V,https://doi.org/10.1126/science.abl6395,https://doi.org/10.1126/science.abl6395,True,high,DOI,10.1126/science.abl6395,DOI
1076,,3710258141.0,,0,0,0,金V,https://doi.org/10.1038/s41566-022-01009-8,https://doi.org/10.1038/s41566-022-01009-8,True,high,DOI,10.1038/s41566-022-01009-8,DOI
1077,,2427364747.0,,0,0,0,蓝V,https://doi.org/10.1002/essoar.10511657.1,https://doi.org/10.1002/essoar.10511657.1,True,high,DOI,10.1002/essoar.10511657.1,DOI
1078,,5976873363.0,,0,0,0,普通用户,https://doi.org/10.1126/sciadv.abo6342,https://doi.org/10.1126/sciadv.abo6342,True,high,DOI,10.1126/sciadv.abo6342,DOI
1079,,1729014640.0,,0,0,0,蓝V,https://doi.org/10.1126/science.abl6395,https://doi.org/10.1126/science.abl6395,True,high,DOI,10.1126/science.abl6395,DOI
1080,,2427364747.0,,0,0,0,蓝V,https://linkinghub.elsevier.com/retrieve/pii/S1674205222002271,https://linkinghub.elsevier.com/retrieve/pii/S1674205222002271,True,high,Elsevier,,Elsevier
1081,,3941871067.0,,0,0,0,普通用户,https://www.nature.com/articles/s42256-022-00487-3.pdf,https://www.nature.com/articles/s42256-022-00487-3.pdf,True,high,Nature,,Nature
1082,,1729014640.0,,0,0,0,蓝V,https://doi.org/10.1038/s41586-022-05012-5,https://doi.org/10.1038/s41586-022-05012-5,True,high,DOI,10.1038/s41586-022-05012-5,DOI
1083,,2427364747.0,,0,0,0,蓝V,https://doi.org/10.1038/s41598-022-14569-0,https://doi.org/10.1038/s41598-022-14569-0,True,high,DOI,10.1038/s41598-022-14569-0,DOI
1084,,1894295570.0,,0,0,0,蓝V,https://www.scirp.org/journal/paperinformation.aspx?paperid=118642&utm_campaign=weibo&utm_medium=chenling,https://www.scirp.org/journal/paperinformation.aspx?paperid=118642&utm_campaign=weibo&utm_medium=chenling,True,high,SCIRP 美国科研出版社,,SCIRP 美国科研出版社
1085,,2427364747.0,,0,0,0,蓝V,https://doi.org/10.1038/s41586-022-05012-5,https://doi.org/10.1038/s41586-022-05012-5,True,high,DOI,10.1038/s41586-022-05012-5,DOI
1086,,5356414944.0,,0,0,0,蓝V,https://www.nature.com/articles/s41551-022-00895-1,https://www.nature.com/articles/s41551-022-00895-1,True,high,Nature,,Nature
1087,,1729014640.0,,0,0,0,蓝V,https://doi.org/10.1038/s41598-022-14569-0,https://doi.org/10.1038/s41598-022-14569-0,True,high,DOI,10.1038/s41598-022-14569-0,DOI
1088,,3543329232.0,,0,0,0,蓝V,https://nph.onlinelibrary.wiley.com/doi/abs/10.1111/nph.18311?campaign=wolacceptedarticle,https://nph.onlinelibrary.wiley.com/doi/abs/10.1111/nph.18311?campaign=wolacceptedarticle,True,high,DOI,10.1111/nph.18311?campaign=wolacceptedarticle,DOI
1089,,2453509265.0,,0,0,0,金V,https://www.kansascityfed.org/Jackson%20Hole/documents/9037/JH_Paper_Bianchi.pdf,https://www.kansascityfed.org/Jackson Hole/documents/9037/JH_Paper_Bianchi.pdf,False,none,,,
1090,,1764919567.0,,0,0,0,红V,https://arxiv.org/abs/2208.11692,https://arxiv.org/abs/2208.11692,True,high,arXiv,,arXiv
1091,,5976873363.0,,0,0,0,普通用户,https://doi.org/10.1126/sciadv.abm9424,https://doi.org/10.1126/sciadv.abm9424,True,high,DOI,10.1126/sciadv.abm9424,DOI
1092,,5976873363.0,,0,0,0,普通用户,https://doi.org/10.1073/pnas.2207199119,https://doi.org/10.1073/pnas.2207199119,True,high,DOI,10.1073/pnas.2207199119,DOI
1093,,5976873363.0,,0,0,0,普通用户,https://doi.org/10.1038/s41558-022-01424-3,https://doi.org/10.1038/s41558-022-01424-3,True,high,DOI,10.1038/s41558-022-01424-3,DOI
1094,,2427364747.0,,0,0,0,蓝V,https://doi.org/10.1126/sciadv.abm9424,https://doi.org/10.1126/sciadv.abm9424,True,high,DOI,10.1126/sciadv.abm9424,DOI
1095,,2012581457.0,,0,0,0,蓝V,https://www.kansascityfed.org/Jackson%20Hole/documents/9037/JH_Paper_Bianchi.pdf,https://www.kansascityfed.org/Jackson Hole/documents/9037/JH_Paper_Bianchi.pdf,False,none,,,
1096,,1729014640.0,,0,0,0,蓝V,https://doi.org/10.1126/sciadv.abq4884,https://doi.org/10.1126/sciadv.abq4884,True,high,DOI,10.1126/sciadv.abq4884,DOI
1097,,2108671043.0,,0,0,0,普通用户,https://aclanthology.org/2022.naacl-main.290/,https://aclanthology.org/2022.naacl-main.290/,True,high,ACL,,ACL
1098,,1894295570.0,,0,0,0,蓝V,https://www.scirp.org/journal/paperinformation.aspx?paperid=119501&utm_campaign=weibo&utm_medium=chenling,https://www.scirp.org/journal/paperinformation.aspx?paperid=119501&utm_campaign=weibo&utm_medium=chenling,True,high,SCIRP 美国科研出版社,,SCIRP 美国科研出版社
1099,,5976873363.0,,0,0,0,普通用户,https://doi.org/10.1038/s43247-022-00498-3,https://doi.org/10.1038/s43247-022-00498-3,True,high,DOI,10.1038/s43247-022-00498-3,DOI
1100,,1729014640.0,,0,0,0,蓝V,https://doi.org/10.1126/sciadv.abm9424,https://doi.org/10.1126/sciadv.abm9424,True,high,DOI,10.1126/sciadv.abm9424,DOI
1101,,1729014640.0,,0,0,0,蓝V,https://doi.org/10.1016/j.scitotenv.2022.155806,https://doi.org/10.1016/j.scitotenv.2022.155806,True,high,DOI,10.1016/j.scitotenv.2022.155806,DOI
1102,,2108671043.0,,0,0,0,普通用户,https://aclanthology.org/2022.naacl-main.288/,https://aclanthology.org/2022.naacl-main.288/,True,high,ACL,,ACL
1103,,2794083144.0,,0,0,0,蓝V,https://www.cell.com/cell-reports/fulltext/S2211-1247(22)01007-5,https://www.cell.com/cell-reports/fulltext/S2211-1247(22)01007-5,True,high,CELL PRESS,,CELL PRESS
1104,,1729014640.0,,0,0,0,蓝V,https://doi.org/10.1126/science.abj2674,https://doi.org/10.1126/science.abj2674,True,high,DOI,10.1126/science.abj2674,DOI
1105,,1729014640.0,,0,0,0,蓝V,https://doi.org/10.1038/s41586-022-04964-y,https://doi.org/10.1038/s41586-022-04964-y,True,high,DOI,10.1038/s41586-022-04964-y,DOI
1106,,5976873363.0,,0,0,0,普通用户,https://doi.org/10.1016/j.cej.2022.137210,https://doi.org/10.1016/j.cej.2022.137210,True,high,DOI,10.1016/j.cej.2022.137210,DOI
1107,,2427364747.0,,0,0,0,蓝V,https://doi.org/10.1029/2022JE007186,https://doi.org/10.1029/2022JE007186,True,high,DOI,10.1029/2022JE007186,DOI
1108,,5976873363.0,,0,0,0,普通用户,https://doi.org/10.1126/science.abn7950,https://doi.org/10.1126/science.abn7950,True,high,DOI,10.1126/science.abn7950,DOI
1109,,2427364747.0,,0,0,0,蓝V,https://doi.org/10.1038/s41422-022-00722-x,https://doi.org/10.1038/s41422-022-00722-x,True,high,DOI,10.1038/s41422-022-00722-x,DOI
1110,,1729014640.0,,0,0,0,蓝V,https://doi.org/10.1038/s41422-022-00722-x,https://doi.org/10.1038/s41422-022-00722-x,True,high,DOI,10.1038/s41422-022-00722-x,DOI
1111,,7355567953.0,,0,0,0,蓝V,https://www.sciencedirect.com/science/article/pii/S167420522200315X,https://www.sciencedirect.com/science/article/pii/S167420522200315X,True,high,SPRINGER,,SPRINGER
1112,,2427364747.0,,0,0,0,蓝V,https://zslpublications.onlinelibrary.wiley.com/doi/full/10.1002/rse2.292,https://zslpublications.onlinelibrary.wiley.com/doi/full/10.1002/rse2.292,True,high,DOI,10.1002/rse2.292,DOI
1113,,2453509265.0,,0,0,0,金V,https://www.federalreserve.gov/econres/feds/bank-deposit-flows-to-money-market-funds-and-on-rrp-usage-during-monetary-policy-tightening.htm,https://www.federalreserve.gov/econres/feds/bank-deposit-flows-to-money-market-funds-and-on-rrp-usage-during-monetary-policy-tightening.htm,False,none,,,
1114,,5976873363.0,,0,0,0,普通用户,https://doi.org/10.1038/s41598-022-16529-0,https://doi.org/10.1038/s41598-022-16529-0,True,high,DOI,10.1038/s41598-022-16529-0,DOI
1115,,1729014640.0,,0,0,0,蓝V,https://doi.org/10.1126/science.abn7950,https://doi.org/10.1126/science.abn7950,True,high,DOI,10.1126/science.abn7950,DOI
1116,,1870858943.0,,0,0,0,蓝V,https://www.aminer.cn/pub/6304456c90e50fcafd1303e3?f=wb,https://www.aminer.cn/pub/6304456c90e50fcafd1303e3?f=wb,True,high,AMiner,,AMiner
1117,,2427364747.0,,0,0,0,蓝V,https://www.cell.com/cell/fulltext/S0092-8674(22)00922-9,https://www.cell.com/cell/fulltext/S0092-8674(22)00922-9,True,high,CELL PRESS,,CELL PRESS
1118,,7512941083.0,,0,0,0,普通用户,https://doi.org/10.1016/j.cell.2022.07.019,https://doi.org/10.1016/j.cell.2022.07.019,True,high,DOI,10.1016/j.cell.2022.07.019,DOI
1119,,1729014640.0,,0,0,0,蓝V,https://doi.org/10.1029/2022JE007186,https://doi.org/10.1029/2022JE007186,True,high,DOI,10.1029/2022JE007186,DOI
1120,,1894295570.0,,0,0,0,蓝V,https://www.scirp.org/journal/paperinformation.aspx?paperid=119673&utm_campaign=weibo&utm_medium=chenling,https://www.scirp.org/journal/paperinformation.aspx?paperid=119673&utm_campaign=weibo&utm_medium=chenling,True,high,SCIRP 美国科研出版社,,SCIRP 美国科研出版社
1121,,5329434101.0,,0,0,0,蓝V,https://www.nature.com/articles/s41598-022-16529-0?utm_medium=sociall&utm_source=weibo&utm_content=organic&utm_term=null&utm_campaign=CONR_AUTCC_ENGM_CN_CNCM_NatPR,https://www.nature.com/articles/s41598-022-16529-0?utm_medium=sociall&utm_source=weibo&utm_content=organic&utm_term=null&utm_campaign=CONR_AUTCC_ENGM_CN_CNCM_NatPR,True,high,Nature,,Nature
1122,,1729014640.0,,0,0,0,蓝V,https://doi.org/10.1016/j.cub.2022.09.032,https://doi.org/10.1016/j.cub.2022.09.032,True,high,DOI,10.1016/j.cub.2022.09.032,DOI
1123,,2427364747.0,,0,0,0,蓝V,https://doi.org/10.1038/s41586-022-05230-x,https://doi.org/10.1038/s41586-022-05230-x,True,high,DOI,10.1038/s41586-022-05230-x,DOI
1124,,5976873363.0,,0,0,0,普通用户,https://doi.org/10.1038/s41586-022-05347-z,https://doi.org/10.1038/s41586-022-05347-z,True,high,DOI,10.1038/s41586-022-05347-z,DOI
1125,,1764919567.0,,0,0,0,红V,https://arxiv.org/abs/2210.08109,https://arxiv.org/abs/2210.08109,True,high,arXiv,,arXiv
1126,,1729014640.0,,0,0,0,蓝V,https://doi.org/10.1016/j.xgen.2022.100180,https://doi.org/10.1016/j.xgen.2022.100180,True,high,DOI,10.1016/j.xgen.2022.100180,DOI
1126,,1729014640.0,,0,0,0,蓝V,https://doi.org/10.1016/j.xgen.2022.100181,https://doi.org/10.1016/j.xgen.2022.100181,True,high,DOI,10.1016/j.xgen.2022.100181,DOI
1126,,1729014640.0,,0,0,0,蓝V,https://doi.org/10.1016/j.xgen.2022.100193,https://doi.org/10.1016/j.xgen.2022.100193,True,high,DOI,10.1016/j.xgen.2022.100193,DOI
1126,,1729014640.0,,0,0,0,蓝V,https://doi.org/10.1016/j.xgen.2022.100190,https://doi.org/10.1016/j.xgen.2022.100190,True,high,DOI,10.1016/j.xgen.2022.100190,DOI
1126,,1729014640.0,,0,0,0,蓝V,https://doi.org/10.1016/j.xgen.2022.100195,https://doi.org/10.1016/j.xgen.2022.100195,True,high,DOI,10.1016/j.xgen.2022.100195,DOI
1126,,1729014640.0,,0,0,0,蓝V,https://doi.org/10.1016/j.xgen.2022.100192,https://doi.org/10.1016/j.xgen.2022.100192,True,high,DOI,10.1016/j.xgen.2022.100192,DOI
1126,,1729014640.0,,0,0,0,蓝V,https://doi.org/10.1016/j.xgen.2022.100197,https://doi.org/10.1016/j.xgen.2022.100197,True,high,DOI,10.1016/j.xgen.2022.100197,DOI
1127,,2427364747.0,,0,0,0,蓝V,https://doi.org/10.1016/j.xgen.2022.100180,https://doi.org/10.1016/j.xgen.2022.100180,True,high,DOI,10.1016/j.xgen.2022.100180,DOI
1127,,2427364747.0,,0,0,0,蓝V,https://doi.org/10.1016/j.xgen.2022.100181,https://doi.org/10.1016/j.xgen.2022.100181,True,high,DOI,10.1016/j.xgen.2022.100181,DOI
1127,,2427364747.0,,0,0,0,蓝V,https://doi.org/10.1016/j.xgen.2022.100193,https://doi.org/10.1016/j.xgen.2022.100193,True,high,DOI,10.1016/j.xgen.2022.100193,DOI
1127,,2427364747.0,,0,0,0,蓝V,https://doi.org/10.1016/j.xgen.2022.100190,https://doi.org/10.1016/j.xgen.2022.100190,True,high,DOI,10.1016/j.xgen.2022.100190,DOI
1127,,2427364747.0,,0,0,0,蓝V,https://doi.org/10.1016/j.xgen.2022.100195,https://doi.org/10.1016/j.xgen.2022.100195,True,high,DOI,10.1016/j.xgen.2022.100195,DOI
1127,,2427364747.0,,0,0,0,蓝V,https://doi.org/10.1016/j.xgen.2022.100192,https://doi.org/10.1016/j.xgen.2022.100192,True,high,DOI,10.1016/j.xgen.2022.100192,DOI
1127,,2427364747.0,,0,0,0,蓝V,https://doi.org/10.1016/j.xgen.2022.100197,https://doi.org/10.1016/j.xgen.2022.100197,True,high,DOI,10.1016/j.xgen.2022.100197,DOI
1128,,2427364747.0,,0,0,0,蓝V,https://www.science.org/doi/10.1126/science.abm7841,https://www.science.org/doi/10.1126/science.abm7841,True,high,DOI,10.1126/science.abm7841,DOI
1129,,1729014640.0,,0,0,0,蓝V,https://doi.org/10.1038/s41586-022-05230-x,https://doi.org/10.1038/s41586-022-05230-x,True,high,DOI,10.1038/s41586-022-05230-x,DOI
1130,,1870858943.0,,0,0,0,蓝V,https://www.aminer.cn/pub/63438d2190e50fcafd4eae51?f=wb,https://www.aminer.cn/pub/63438d2190e50fcafd4eae51?f=wb,True,high,AMiner,,AMiner
1131,,2427364747.0,,0,0,0,蓝V,https://doi.org/10.1016/j.cej.2022.138674,https://doi.org/10.1016/j.cej.2022.138674,True,high,DOI,10.1016/j.cej.2022.138674,DOI
1131,,2427364747.0,,0,0,0,蓝V,https://doi.org/10.1002/advs.202203630,https://doi.org/10.1002/advs.202203630,True,high,DOI,10.1002/advs.202203630,DOI
1132,,2427364747.0,,0,0,0,蓝V,https://doi.org/10.1038/s41586-022-05172-4,https://doi.org/10.1038/s41586-022-05172-4,True,high,DOI,10.1038/s41586-022-05172-4,DOI
1133,,5976873363.0,,0,0,0,普通用户,https://www.science.org/doi/10.1126/sciadv.abq2542,https://www.science.org/doi/10.1126/sciadv.abq2542,True,high,DOI,10.1126/sciadv.abq2542,DOI
1134,,1894295570.0,,0,0,0,蓝V,https://www.scirp.org/journal/paperinformation.aspx?paperid=120449&utm_campaign=weibo&utm_medium=chenling,https://www.scirp.org/journal/paperinformation.aspx?paperid=120449&utm_campaign=weibo&utm_medium=chenling,True,high,SCIRP 美国科研出版社,,SCIRP 美国科研出版社
1135,,2427364747.0,,0,0,0,蓝V,https://www.science.org/doi/10.1126/sciadv.abq2542,https://www.science.org/doi/10.1126/sciadv.abq2542,True,high,DOI,10.1126/sciadv.abq2542,DOI
1136,,5976873363.0,,0,0,0,普通用户,https://doi.org/10.1016/j.eclinm.2022.101665,https://doi.org/10.1016/j.eclinm.2022.101665,True,high,DOI,10.1016/j.eclinm.2022.101665,DOI
1137,,5976873363.0,,0,0,0,普通用户,https://doi.org/10.1029/2022JE007186,https://doi.org/10.1029/2022JE007186,True,high,DOI,10.1029/2022JE007186,DOI
1138,,1729014640.0,,0,0,0,蓝V,https://doi.org/10.1038/s41586-022-05172-4,https://doi.org/10.1038/s41586-022-05172-4,True,high,DOI,10.1038/s41586-022-05172-4,DOI
1139,,1729014640.0,,0,0,0,蓝V,https://www.science.org/doi/10.1126/science.abm7841,https://www.science.org/doi/10.1126/science.abm7841,True,high,DOI,10.1126/science.abm7841,DOI
1140,,2427364747.0,,0,0,0,蓝V,https://doi.org/10.1126/sciadv.abn2103,https://doi.org/10.1126/sciadv.abn2103,True,high,DOI,10.1126/sciadv.abn2103,DOI
1141,,1870858943.0,,0,0,0,蓝V,https://www.aminer.cn/pub/62be66225aee126c0f07d91e?f=wb,https://www.aminer.cn/pub/62be66225aee126c0f07d91e?f=wb,True,high,AMiner,,AMiner
1142,,1729014640.0,,0,0,0,蓝V,https://www.science.org/doi/10.1126/sciadv.abq2542,https://www.science.org/doi/10.1126/sciadv.abq2542,True,high,DOI,10.1126/sciadv.abq2542,DOI
1143,,5599962053.0,,0,0,0,普通用户,http://arxiv.org/abs/2211.14794,http://arxiv.org/abs/2211.14794,True,high,arXiv,,arXiv
1144,,1729014640.0,,0,0,0,蓝V,https://doi.org/10.1098/rsbl.2022.0398,https://doi.org/10.1098/rsbl.2022.0398,True,high,DOI,10.1098/rsbl.2022.0398,DOI
1145,,5976873363.0,,0,0,0,普通用户,https://doi.org/10.1186/s12889-022-14394-0,https://doi.org/10.1186/s12889-022-14394-0,True,high,DOI,10.1186/s12889-022-14394-0,DOI
1146,,5599962053.0,,0,0,0,普通用户,http://arxiv.org/abs/2211.09888,http://arxiv.org/abs/2211.09888,True,high,arXiv,,arXiv
1147,,5599962053.0,,0,0,0,普通用户,http://arxiv.org/abs/2211.08837,http://arxiv.org/abs/2211.08837,True,high,arXiv,,arXiv
1148,,5976873363.0,,0,0,0,普通用户,https://doi.org/10.1093/mnras/stac3140,https://doi.org/10.1093/mnras/stac3140,True,high,DOI,10.1093/mnras/stac3140,DOI
1149,,2427364747.0,,0,0,0,蓝V,https://doi.org/10.1038/s41550-022-01811-y,https://doi.org/10.1038/s41550-022-01811-y,True,high,DOI,10.1038/s41550-022-01811-y,DOI
1150,,5599962053.0,,0,0,0,普通用户,http://arxiv.org/abs/2211.15900,http://arxiv.org/abs/2211.15900,True,high,arXiv,,arXiv
1151,,5599962053.0,,0,0,0,普通用户,http://arxiv.org/abs/2211.14794,http://arxiv.org/abs/2211.14794,True,high,arXiv,,arXiv
1152,,2427364747.0,,0,0,0,蓝V,https://doi.org/10.1098/rsbl.2022.0398,https://doi.org/10.1098/rsbl.2022.0398,True,high,DOI,10.1098/rsbl.2022.0398,DOI
1153,,5599962053.0,,0,0,0,普通用户,http://arxiv.org/abs/2211.12572,http://arxiv.org/abs/2211.12572,True,high,arXiv,,arXiv
1154,,5599962053.0,,0,0,0,普通用户,http://arxiv.org/abs/2211.12514,http://arxiv.org/abs/2211.12514,True,high,arXiv,,arXiv
1155,,1729014640.0,,0,0,0,蓝V,https://doi.org/10.1186/s12889-022-14394-0,https://doi.org/10.1186/s12889-022-14394-0,True,high,DOI,10.1186/s12889-022-14394-0,DOI
1156,,1729014640.0,,0,0,0,蓝V,https://doi.org/10.1038/s41550-022-01811-y,https://doi.org/10.1038/s41550-022-01811-y,True,high,DOI,10.1038/s41550-022-01811-y,DOI
1157,,1894295570.0,,0,0,0,蓝V,https://www.scirp.org/journal/paperinformation.aspx?paperid=121064&utm_campaign=weibo&utm_medium=chenling,https://www.scirp.org/journal/paperinformation.aspx?paperid=121064&utm_campaign=weibo&utm_medium=chenling,True,high,SCIRP 美国科研出版社,,SCIRP 美国科研出版社
1158,,2427364747.0,,0,0,0,蓝V,https://doi.org/10.1186/s12889-022-14394-0,https://doi.org/10.1186/s12889-022-14394-0,True,high,DOI,10.1186/s12889-022-14394-0,DOI
1159,,5599962053.0,,0,0,0,普通用户,http://arxiv.org/abs/2211.07898,http://arxiv.org/abs/2211.07898,True,high,arXiv,,arXiv
1160,,1894295570.0,,0,0,0,蓝V,https://www.scirp.org/journal/paperinformation.aspx?paperid=121406&utm_campaign=twitter&utm_medium=chenling,https://www.scirp.org/journal/paperinformation.aspx?paperid=121406&utm_campaign=twitter&utm_medium=chenling,True,high,SCIRP 美国科研出版社,,SCIRP 美国科研出版社
1161,,5599962053.0,,0,0,0,普通用户,http://arxiv.org/abs/2211.02801,http://arxiv.org/abs/2211.02801,True,high,arXiv,,arXiv
1162,,1764919567.0,,0,0,0,红V,https://arxiv.org/abs/2211.02062,https://arxiv.org/abs/2211.02062,True,high,arXiv,,arXiv
1163,,5976873363.0,,0,0,0,普通用户,https://doi.org/10.1016/j.cub.2022.10.007,https://doi.org/10.1016/j.cub.2022.10.007,True,high,DOI,10.1016/j.cub.2022.10.007,DOI
1164,,5976873363.0,,0,0,0,普通用户,https://doi.org/10.1016/j.stemcr.2022.10.003,https://doi.org/10.1016/j.stemcr.2022.10.003,True,high,DOI,10.1016/j.stemcr.2022.10.003,DOI
1165,,1894295570.0,,0,0,0,蓝V,https://www.scirp.org/journal/paperinformation.aspx?paperid=121225&utm_campaign=weibo&utm_medium=chenling,https://www.scirp.org/journal/paperinformation.aspx?paperid=121225&utm_campaign=weibo&utm_medium=chenling,True,high,SCIRP 美国科研出版社,,SCIRP 美国科研出版社
1166,,1870858943.0,,0,0,0,蓝V,https://www.aminer.cn/pub/636333955d5e87000ca1a359?f=wb,https://www.aminer.cn/pub/636333955d5e87000ca1a359?f=wb,True,high,AMiner,,AMiner
1167,,1655253920.0,,0,0,0,黄V,https://academic.oup.com/nsr/advance-article/doi/10.1093/nsr/nwac190/6694008,https://academic.oup.com/nsr/advance-article/doi/10.1093/nsr/nwac190/6694008,True,high,DOI,10.1093/nsr/nwac190/6694008,DOI
1168,,1729014640.0,,0,0,0,蓝V,https://doi.org/10.1016/j.cub.2022.10.007,https://doi.org/10.1016/j.cub.2022.10.007,True,high,DOI,10.1016/j.cub.2022.10.007,DOI
1169,,2427364747.0,,0,0,0,蓝V,https://doi.org/10.1016/j.cub.2022.10.007,https://doi.org/10.1016/j.cub.2022.10.007,True,high,DOI,10.1016/j.cub.2022.10.007,DOI
1170,,2427364747.0,,0,0,0,蓝V,https://doi.org/10.3847/1538-3881/ac8cff,https://doi.org/10.3847/1538-3881/ac8cff,True,high,DOI,10.3847/1538-3881/ac8cff,DOI
1171,,2427364747.0,,0,0,0,蓝V,https://doi.org/10.1016/j.cub.2022.10.007,https://doi.org/10.1016/j.cub.2022.10.007,True,high,DOI,10.1016/j.cub.2022.10.007,DOI
1172,,1729014640.0,,0,0,0,蓝V,https://doi.org/10.1093/mnras/stac3140,https://doi.org/10.1093/mnras/stac3140,True,high,DOI,10.1093/mnras/stac3140,DOI
1173,,5633464636.0,,0,0,0,蓝V,https://e-century.us/files/ajcr/12/10/ajcr0143971.pdf,https://e-century.us/files/ajcr/12/10/ajcr0143971.pdf,True,high,e-Century Publishing,,e-Century Publishing
1174,,1729014640.0,,0,0,0,蓝V,https://doi.org/10.3847/1538-3881/ac8cff,https://doi.org/10.3847/1538-3881/ac8cff,True,high,DOI,10.3847/1538-3881/ac8cff,DOI
1175,,1870858943.0,,0,0,0,蓝V,https://www.aminer.cn/pub/6358a57090e50fcafda59fe0?f=wb,https://www.aminer.cn/pub/6358a57090e50fcafda59fe0?f=wb,True,high,AMiner,,AMiner
1176,,2794083144.0,,0,0,0,蓝V,https://pubs.acs.org/doi/10.1021/acsnano.2c07861,https://pubs.acs.org/doi/10.1021/acsnano.2c07861,True,high,DOI,10.1021/acsnano.2c07861,DOI
1177,,1729014640.0,,0,0,0,蓝V,https://doi.org/10.1038/s41467-022-33909-2,https://doi.org/10.1038/s41467-022-33909-2,True,high,DOI,10.1038/s41467-022-33909-2,DOI
1178,,2427364747.0,,0,0,0,蓝V,https://doi.org/10.1038/s41437-022-00568-4,https://doi.org/10.1038/s41437-022-00568-4,True,high,DOI,10.1038/s41437-022-00568-4,DOI
1179,,5976873363.0,,0,0,0,普通用户,https://pubs.rsna.org/doi/10.1148/radiol.221291,https://pubs.rsna.org/doi/10.1148/radiol.221291,True,high,DOI,10.1148/radiol.221291,DOI
1180,,1729014640.0,,0,0,0,蓝V,https://pubs.rsna.org/doi/10.1148/radiol.221291,https://pubs.rsna.org/doi/10.1148/radiol.221291,True,high,DOI,10.1148/radiol.221291,DOI
1181,,2118552594.0,,0,0,0,黄V,https://arxiv.org/abs/2010.11929,https://arxiv.org/abs/2010.11929,True,high,arXiv,,arXiv
1182,,5599962053.0,,0,0,0,普通用户,http://arxiv.org/abs/2212.07796,http://arxiv.org/abs/2212.07796,True,high,arXiv,,arXiv
1183,,5633464636.0,,0,0,0,蓝V,https://www.nature.com/articles/s41588-022-01258-x,https://www.nature.com/articles/s41588-022-01258-x,True,high,Nature,,Nature
1184,,2427364747.0,,0,0,0,蓝V,https://doi.org/10.1038/s41467-022-33909-2,https://doi.org/10.1038/s41467-022-33909-2,True,high,DOI,10.1038/s41467-022-33909-2,DOI
1185,,5662898461.0,,0,0,0,蓝V,https://www.sciencedirect.com/science/article/pii/S2095311922002921,https://www.sciencedirect.com/science/article/pii/S2095311922002921,True,high,SPRINGER,,SPRINGER
1186,,2427364747.0,,0,0,0,蓝V,https://doi.org/10.1093/nsr/nwac279,https://doi.org/10.1093/nsr/nwac279,True,high,DOI,10.1093/nsr/nwac279,DOI
1187,,1729014640.0,,0,0,0,蓝V,https://doi.org/10.1093/nsr/nwac279,https://doi.org/10.1093/nsr/nwac279,True,high,DOI,10.1093/nsr/nwac279,DOI
1188,,1729014640.0,,0,0,0,蓝V,https://doi.org/10.1126/science.abq1158,https://doi.org/10.1126/science.abq1158,True,high,DOI,10.1126/science.abq1158,DOI
1189,,5599962053.0,,0,0,0,普通用户,http://arxiv.org/abs/2212.07065,http://arxiv.org/abs/2212.07065,True,high,arXiv,,arXiv
1190,,2427364747.0,,0,0,0,蓝V,https://doi.org/10.1038/s41467-022-33909-2,https://doi.org/10.1038/s41467-022-33909-2,True,high,DOI,10.1038/s41467-022-33909-2,DOI
1191,,1729014640.0,,0,0,0,蓝V,https://doi.org/10.1038/s41467-022-33909-2,https://doi.org/10.1038/s41467-022-33909-2,True,high,DOI,10.1038/s41467-022-33909-2,DOI
1192,,5976873363.0,,0,0,0,普通用户,https://www.science.org/doi/10.1126/science.abq1158,https://www.science.org/doi/10.1126/science.abq1158,True,high,DOI,10.1126/science.abq1158,DOI
1193,,5976873363.0,,0,0,0,普通用户,https://onlinelibrary.wiley.com/doi/10.1002/adma.202208648,https://onlinelibrary.wiley.com/doi/10.1002/adma.202208648,True,high,DOI,10.1002/adma.202208648,DOI
1194,,1729014640.0,,0,0,0,蓝V,https://doi.org/10.1038/s41437-022-00568-4,https://doi.org/10.1038/s41437-022-00568-4,True,high,DOI,10.1038/s41437-022-00568-4,DOI
1195,,1729014640.0,,0,0,0,蓝V,https://doi.org/10.1016/j.celrep.2022.111758,https://doi.org/10.1016/j.celrep.2022.111758,True,high,DOI,10.1016/j.celrep.2022.111758,DOI
1196,,1729014640.0,,0,0,0,蓝V,https://doi.org/10.1016/j.tree.2022.10.012,https://doi.org/10.1016/j.tree.2022.10.012,True,high,DOI,10.1016/j.tree.2022.10.012,DOI
1197,,3710258141.0,,0,0,0,金V,https://doi.org/10.1038/s41586-022-05251-6,https://doi.org/10.1038/s41586-022-05251-6,True,high,DOI,10.1038/s41586-022-05251-6,DOI
1198,,5599962053.0,,0,0,0,普通用户,http://arxiv.org/abs/2212.04088,http://arxiv.org/abs/2212.04088,True,high,arXiv,,arXiv
1199,,5599962053.0,,0,0,0,普通用户,http://arxiv.org/abs/2212.03954,http://arxiv.org/abs/2212.03954,True,high,arXiv,,arXiv
1200,,2427364747.0,,0,0,0,蓝V,https://doi.org/10.1126/science.abq1158,https://doi.org/10.1126/science.abq1158,True,high,DOI,10.1126/science.abq1158,DOI
1201,,3710258141.0,,0,0,0,金V,https://doi.org/10.1038/s41586-022-05594-0,https://doi.org/10.1038/s41586-022-05594-0,True,high,DOI,10.1038/s41586-022-05594-0,DOI
1202,,5599962053.0,,0,0,0,普通用户,http://arxiv.org/abs/2211.16738,http://arxiv.org/abs/2211.16738,True,high,arXiv,,arXiv
1203,,5976873363.0,,0,0,0,普通用户,https://www.nature.com/articles/s41586-022-05403-8,https://www.nature.com/articles/s41586-022-05403-8,True,high,Nature,,Nature
1204,,5599962053.0,,0,0,0,普通用户,http://arxiv.org/abs/2211.16617,http://arxiv.org/abs/2211.16617,True,high,arXiv,,arXiv
1205,,5976873363.0,,0,0,0,普通用户,https://www.nature.com/articles/s41467-022-35439-3,https://www.nature.com/articles/s41467-022-35439-3,True,high,Nature,,Nature
1206,,1169928867.0,,0,0,0,普通用户,https://doi.org/10.1002/nur.22016,https://doi.org/10.1002/nur.22016,True,high,DOI,10.1002/nur.22016,DOI
1207,,5953063530.0,,0,0,0,普通用户,http://www.iapjournals.ac.cn/dqkx/cn/article/doi/10.3878/j.issn.1006-9895.2212.22304?viewType=HTML,http://www.iapjournals.ac.cn/dqkx/cn/article/doi/10.3878/j.issn.1006-9895.2212.22304?viewType=HTML,True,high,DOI,10.3878/j.issn.1006-9895.2212.22304?viewType=HTML,DOI
1208,,1729014640.0,,0,0,0,蓝V,http://doi.org/10.1126/sciadv.abm7047,http://doi.org/10.1126/sciadv.abm7047,True,high,DOI,10.1126/sciadv.abm7047,DOI
1209,,5633464636.0,,0,0,0,蓝V,https://doi.org/10.1016/j.cell.2022.12.017,https://doi.org/10.1016/j.cell.2022.12.017,True,high,DOI,10.1016/j.cell.2022.12.017,DOI
1210,,1453372141.0,,0,0,0,金V,https://figshare.com/articles/thesis/_________/15081666?file=29009967,https://figshare.com/articles/thesis/_________/15081666?file=29009967,True,high,figshare,,figshare
1211,,1764919567.0,,0,0,0,红V,https://arxiv.org/abs/2301.00027,https://arxiv.org/abs/2301.00027,True,high,arXiv,,arXiv
1212,,7355567953.0,,0,0,0,蓝V,https://academic.oup.com/nar/advance-article/doi/10.1093/nar/gkac1209/6965464,https://academic.oup.com/nar/advance-article/doi/10.1093/nar/gkac1209/6965464,True,high,DOI,10.1093/nar/gkac1209/6965464,DOI
1213,,5484777364.0,,0,0,0,普通用户,https://www.cell.com/cell-reports-medicine/fulltext/S2666-3791(22)00490-6?_returnURL=https%3A%2F%2Flinkinghub.elsevier.com%2Fretrieve%2Fpii%2FS2666379122004906%3Fshowall%3Dtrue,https://www.cell.com/cell-reports-medicine/fulltext/S2666-3791(22)00490-6?_returnURL=https://linkinghub.elsevier.com/retrieve/pii/S2666379122004906?showall=true,True,high,Elsevier,,Elsevier
1214,,3941871067.0,,0,0,0,普通用户,https://royalsocietypublishing.org/doi/10.1098/rspa.2022.0593,https://royalsocietypublishing.org/doi/10.1098/rspa.2022.0593,True,high,DOI,10.1098/rspa.2022.0593,DOI
1215,,3051047911.0,,0,0,0,蓝V,https://www.nature.com/articles/s41586-022-05467-6,https://www.nature.com/articles/s41586-022-05467-6,True,high,Nature,,Nature
1216,,3710258141.0,,0,0,0,金V,https://arxiv.org/pdf/2203.03816.pdf,https://arxiv.org/pdf/2203.03816.pdf,True,high,arXiv,,arXiv
1217,,6684374689.0,,0,0,0,蓝V,https://www.ecologica.cn/stxb/article/abstract/stxb202112173582,https://www.ecologica.cn/stxb/article/abstract/stxb202112173582,True,high,生态学报,,生态学报
1218,,2703634217.0,,0,0,0,红V,https://iopscience.iop.org/article/10.3847/2041-8213/acb704,https://iopscience.iop.org/article/10.3847/2041-8213/acb704,True,high,DOI,10.3847/2041-8213/acb704,DOI
1219,,2427364747.0,,0,0,0,蓝V,https://doi.org/10.1002/jcsm.13187,https://doi.org/10.1002/jcsm.13187,True,high,DOI,10.1002/jcsm.13187,DOI
1220,,1729014640.0,,0,0,0,蓝V,https://doi.org/10.1002/jcsm.13187,https://doi.org/10.1002/jcsm.13187,True,high,DOI,10.1002/jcsm.13187,DOI
1221,,1870858943.0,,0,0,0,蓝V,https://www.aminer.cn/pub/63f5cf2f2798030148ef071b?f=wb,https://www.aminer.cn/pub/63f5cf2f2798030148ef071b?f=wb,True,high,AMiner,,AMiner
1222,,5329434101.0,,0,0,0,蓝V,https://www.nature.com/articles/s41467-023-36051-9?utm_medium=organic_social&utm_source=weibo&utm_campaign=CONR_PF020_ENGM_AP_CNCM_002EA_weeklyS,https://www.nature.com/articles/s41467-023-36051-9?utm_medium=organic_social&utm_source=weibo&utm_campaign=CONR_PF020_ENGM_AP_CNCM_002EA_weeklyS,True,high,Nature,,Nature
1223,,2194035935.0,,0,0,0,金V,arxiv.org/abs/2302.00923,arxiv.org/abs/2302.00923,True,medium,学术特征,,/abs/
1224,,2427364747.0,,0,0,0,蓝V,https://doi.org/10.1126/sciadv.adf8576,https://doi.org/10.1126/sciadv.adf8576,True,high,DOI,10.1126/sciadv.adf8576,DOI
1225,,1729014640.0,,0,0,0,蓝V,https://doi.org/10.1073/pnas.2213163120,https://doi.org/10.1073/pnas.2213163120,True,high,DOI,10.1073/pnas.2213163120,DOI
1226,,3051047911.0,,0,0,0,蓝V,https://journals.aps.org/prl/abstract/10.1103/PhysRevLett.130.052301,https://journals.aps.org/prl/abstract/10.1103/PhysRevLett.130.052301,True,high,DOI,10.1103/PhysRevLett.130.052301,DOI
1227,,5976873363.0,,0,0,0,普通用户,https://journals.aps.org/prl/abstract/10.1103/PhysRevLett.130.052301,https://journals.aps.org/prl/abstract/10.1103/PhysRevLett.130.052301,True,high,DOI,10.1103/PhysRevLett.130.052301,DOI
1228,,5976873363.0,,0,0,0,普通用户,https://journals.aps.org/prl/abstract/10.1103/PhysRevLett.130.030601,https://journals.aps.org/prl/abstract/10.1103/PhysRevLett.130.030601,True,high,DOI,10.1103/PhysRevLett.130.030601,DOI
1229,,2427364747.0,,0,0,0,蓝V,https://doi.org/10.1038/s41551-022-00964-5,https://doi.org/10.1038/s41551-022-00964-5,True,high,DOI,10.1038/s41551-022-00964-5,DOI
1230,,1729014640.0,,0,0,0,蓝V,https://doi.org/10.1016/j.cell.2022.12.046,https://doi.org/10.1016/j.cell.2022.12.046,True,high,DOI,10.1016/j.cell.2022.12.046,DOI
1231,,2427364747.0,,0,0,0,蓝V,https://doi.org/10.1038/s41893-023-01089-6,https://doi.org/10.1038/s41893-023-01089-6,True,high,DOI,10.1038/s41893-023-01089-6,DOI
1232,,1729014640.0,,0,0,0,蓝V,https://doi.org/10.1038/s41558-023-01629-0,https://doi.org/10.1038/s41558-023-01629-0,True,high,DOI,10.1038/s41558-023-01629-0,DOI
1233,,5976873363.0,,0,0,0,普通用户,https://academic.oup.com/nsr/advance-article/doi/10.1093/nsr/nwad072/7080176?login=false,https://academic.oup.com/nsr/advance-article/doi/10.1093/nsr/nwad072/7080176?login=false,True,high,DOI,10.1093/nsr/nwad072/7080176?login=false,DOI
1234,,5976873363.0,,0,0,0,普通用户,https://www.pnas.org/doi/10.1073/pnas.2217254120,https://www.pnas.org/doi/10.1073/pnas.2217254120,True,high,DOI,10.1073/pnas.2217254120,DOI
1235,,1676317545.0,,0,0,0,蓝V,https://www.nature.com/articles/s42256-023-00626-4,https://www.nature.com/articles/s42256-023-00626-4,True,high,Nature,,Nature
1236,,1729014640.0,,0,0,0,蓝V,https://doi.org/10.1038/s41893-023-01089-6,https://doi.org/10.1038/s41893-023-01089-6,True,high,DOI,10.1038/s41893-023-01089-6,DOI
1237,,1729014640.0,,0,0,0,蓝V,https://doi.org/10.3847/1538-3881/acaf07,https://doi.org/10.3847/1538-3881/acaf07,True,high,DOI,10.3847/1538-3881/acaf07,DOI
1238,,2427364747.0,,0,0,0,蓝V,https://doi.org/10.1038/s41558-023-01629-0,https://doi.org/10.1038/s41558-023-01629-0,True,high,DOI,10.1038/s41558-023-01629-0,DOI
1239,,5976873363.0,,0,0,0,普通用户,https://pubs.acs.org/doi/10.1021/jacs.3c00565,https://pubs.acs.org/doi/10.1021/jacs.3c00565,True,high,DOI,10.1021/jacs.3c00565,DOI
1240,,2279408463.0,,0,0,0,蓝V,https://energsustainsoc.biomedcentral.com/articles/10.1186/s13705-021-00311-7?utm_medium=organic_social&utm_source=weibo&utm_campaign=CONR_JRNLS_ENGM_AP_CNCM_002EC_editpick,https://energsustainsoc.biomedcentral.com/articles/10.1186/s13705-021-00311-7?utm_medium=organic_social&utm_source=weibo&utm_campaign=CONR_JRNLS_ENGM_AP_CNCM_002EC_editpick,True,high,DOI,10.1186/s13705-021-00311-7?utm_medium=organic_social&utm_source=weibo&utm_campaign=CONR_JRNLS_ENGM_AP_CNCM_002EC_editpick,DOI
1241,,1729014640.0,,0,0,0,蓝V,https://doi.org/10.1038/s41586-022-05683-0,https://doi.org/10.1038/s41586-022-05683-0,True,high,DOI,10.1038/s41586-022-05683-0,DOI
1242,,5976873363.0,,0,0,0,普通用户,https://www.cell.com/current-biology/fulltext/S0960-9822(22)01992-3?_returnURL=https%3A%2F%2Flinkinghub.elsevier.com%2Fretrieve%2Fpii%2FS0960982222019923%3Fshowall%3Dtrue,https://www.cell.com/current-biology/fulltext/S0960-9822(22)01992-3?_returnURL=https://linkinghub.elsevier.com/retrieve/pii/S0960982222019923?showall=true,True,high,Elsevier,,Elsevier
1243,,1894295570.0,,0,0,0,蓝V,https://www.scirp.org/journal/paperinformation.aspx?paperid=123818&utm_campaign=weibo&utm_medium=chenling,https://www.scirp.org/journal/paperinformation.aspx?paperid=123818&utm_campaign=weibo&utm_medium=chenling,True,high,SCIRP 美国科研出版社,,SCIRP 美国科研出版社
1244,,2427364747.0,,0,0,0,蓝V,https://doi.org/10.1073/pnas.2217254120,https://doi.org/10.1073/pnas.2217254120,True,high,DOI,10.1073/pnas.2217254120,DOI
1245,,3710258141.0,,0,0,0,金V,https://www.nature.com/articles/s41586-022-05434-1,https://www.nature.com/articles/s41586-022-05434-1,True,high,Nature,,Nature
1246,,5602911905.0,,0,0,0,蓝V,https://doi.org/10.1016/j.scitotenv.2023.162825,https://doi.org/10.1016/j.scitotenv.2023.162825,True,high,DOI,10.1016/j.scitotenv.2023.162825,DOI
1247,,5976873363.0,,0,0,0,普通用户,https://pubs.acs.org/doi/10.1021/acsnano.2c08979,https://pubs.acs.org/doi/10.1021/acsnano.2c08979,True,high,DOI,10.1021/acsnano.2c08979,DOI
1248,,1657470871.0,,0,0,0,黄V,https://openreview.net/forum?id=iOc57X9KM54,https://openreview.net/forum?id=iOc57X9KM54,True,high,openreview,,openreview
1249,,2111409180.0,,0,0,0,普通用户,https://arxiv.org/abs/2301.11823,https://arxiv.org/abs/2301.11823,True,high,arXiv,,arXiv
1250,,5329434101.0,,0,0,0,蓝V,https://rdcu.be/c6gi2?utm_medium=organic_social&utm_source=weibo&utm_campaign=CONR_PF020_ENGM_AP_CNCM_002EA_weeklyS,https://rdcu.be/c6gi2?utm_medium=organic_social&utm_source=weibo&utm_campaign=CONR_PF020_ENGM_AP_CNCM_002EA_weeklyS,True,high,Nature,,Nature
1251,,3710258141.0,,0,0,0,金V,https://www.science.org/doi/10.1126/science.adf6591,https://www.science.org/doi/10.1126/science.adf6591,True,high,DOI,10.1126/science.adf6591,DOI
1252,,1870858943.0,,0,0,0,蓝V,https://www.aminer.cn/pub/644b39720ac86400983090e0/lamini-lm-a-diverse-herd-of-distilled-models-from-large-scale-instructions?f=wb,https://www.aminer.cn/pub/644b39720ac86400983090e0/lamini-lm-a-diverse-herd-of-distilled-models-from-large-scale-instructions?f=wb,True,high,AMiner,,AMiner
1253,,1870858943.0,,0,0,0,蓝V,https://www.aminer.cn/pub/6441ff2ded329dcc6bb73ed4/a-theory-on-adam-instability-in-large-scale-machine-learning?f=wb,https://www.aminer.cn/pub/6441ff2ded329dcc6bb73ed4/a-theory-on-adam-instability-in-large-scale-machine-learning?f=wb,True,high,AMiner,,AMiner
1254,,1870858943.0,,0,0,0,蓝V,https://www.aminer.cn/pub/643f5c3d36af860e941a918d?f=wb,https://www.aminer.cn/pub/643f5c3d36af860e941a918d?f=wb,True,high,AMiner,,AMiner
1255,,1870858943.0,,0,0,0,蓝V,https://www.aminer.cn/pub/644744fa71ac66d2cbf9b2af/pipeline-moe-a-flexible-moe-implementation-with-pipeline-parallelism?f=wb,https://www.aminer.cn/pub/644744fa71ac66d2cbf9b2af/pipeline-moe-a-flexible-moe-implementation-with-pipeline-parallelism?f=wb,True,high,AMiner,,AMiner
1256,,1870858943.0,,0,0,0,蓝V,https://www.aminer.cn/pub/644744fe71ac66d2cbf9d2a9/badgpt-exploring-security-vulnerabilities-of-chatgpt-via-backdoor-attacks-to-instructgpt?f=wb,https://www.aminer.cn/pub/644744fe71ac66d2cbf9d2a9/badgpt-exploring-security-vulnerabilities-of-chatgpt-via-backdoor-attacks-to-instructgpt?f=wb,True,high,AMiner,,AMiner
1257,,1870858943.0,,0,0,0,蓝V,https://www.aminer.cn/pub/63dcdb422c26941cf00b61fd/unimax-fairer-and-more-effective-language-sampling-for-large-scale-multilingual-pretraining?f=wb,https://www.aminer.cn/pub/63dcdb422c26941cf00b61fd/unimax-fairer-and-more-effective-language-sampling-for-large-scale-multilingual-pretraining?f=wb,True,high,AMiner,,AMiner
1258,,1870858943.0,,0,0,0,蓝V,https://www.aminer.cn/pub/643f5c4336af860e941ad641/hyperbolic-image-text-representations?f=wb,https://www.aminer.cn/pub/643f5c4336af860e941ad641/hyperbolic-image-text-representations?f=wb,True,high,AMiner,,AMiner
1259,,1870858943.0,,0,0,0,蓝V,https://www.aminer.cn/pub/643f5c4336af860e941ad51a/naturalspeech-latent-diffusion-models-are-natural-and-zero-shot-speech-and-singing?f=wb,https://www.aminer.cn/pub/643f5c4336af860e941ad51a/naturalspeech-latent-diffusion-models-are-natural-and-zero-shot-speech-and-singing?f=wb,True,high,AMiner,,AMiner
1260,,2427364747.0,,0,0,0,蓝V,https://doi.org/10.1126/science.abn6301,https://doi.org/10.1126/science.abn6301,True,high,DOI,10.1126/science.abn6301,DOI
1261,,1870858943.0,,0,0,0,蓝V,https://www.aminer.cn/pub/644744fb71ac66d2cbf9b4c0/llm-p-empowering-large-language-models-with-optimal-planning-proficiency?f=wb,https://www.aminer.cn/pub/644744fb71ac66d2cbf9b4c0/llm-p-empowering-large-language-models-with-optimal-planning-proficiency?f=wb,True,high,AMiner,,AMiner
1262,,1870858943.0,,0,0,0,蓝V,https://www.aminer.cn/pub/6448967c71ac66d2cbd88168/stable-and-low-precision-training-for-large-scale-vision-language-models?f=wb,https://www.aminer.cn/pub/6448967c71ac66d2cbd88168/stable-and-low-precision-training-for-large-scale-vision-language-models?f=wb,True,high,AMiner,,AMiner
1263,,1870858943.0,,0,0,0,蓝V,https://www.aminer.cn/pub/644744fa71ac66d2cbf9b26e/lamp-when-large-language-models-meet-personalization?f=wb,https://www.aminer.cn/pub/644744fa71ac66d2cbf9b26e/lamp-when-large-language-models-meet-personalization?f=wb,True,high,AMiner,,AMiner
1264,,1870858943.0,,0,0,0,蓝V,https://www.aminer.cn/pub/6445f39071ac66d2cbc1a895/can-gpt-perform-neural-architecture-search?f=wb,https://www.aminer.cn/pub/6445f39071ac66d2cbc1a895/can-gpt-perform-neural-architecture-search?f=wb,True,high,AMiner,,AMiner
1265,,1729014640.0,,0,0,0,蓝V,https://doi.org/10.1038/s41591-023-02278-8,https://doi.org/10.1038/s41591-023-02278-8,True,high,DOI,10.1038/s41591-023-02278-8,DOI
1266,,5976873363.0,,0,0,0,普通用户,https://www.science.org/doi/10.1126/science.abn6301,https://www.science.org/doi/10.1126/science.abn6301,True,high,DOI,10.1126/science.abn6301,DOI
1267,,7006367380.0,,0,0,0,蓝V,https://doi.org/10.1016/j.xgen.2023.100299,https://doi.org/10.1016/j.xgen.2023.100299,True,high,DOI,10.1016/j.xgen.2023.100299,DOI
1268,,1727858283.0,,0,0,0,金V,https://arxiv.org/abs/2304.14402,https://arxiv.org/abs/2304.14402,True,high,arXiv,,arXiv
1269,,1870858943.0,,0,0,0,蓝V,https://www.aminer.cn/pub/6442336c4c80727584270e42?f=wb,https://www.aminer.cn/pub/6442336c4c80727584270e42?f=wb,True,high,AMiner,,AMiner
1270,,2427364747.0,,0,0,0,蓝V,https://doi.org/10.1016/j.stem.2023.03.009,https://doi.org/10.1016/j.stem.2023.03.009,True,high,DOI,10.1016/j.stem.2023.03.009,DOI
1271,,1894295570.0,,0,0,0,蓝V,https://www.scirp.org/journal/paperinformation.aspx?paperid=124024&utm_campaign=weibo&utm_medium=chenling,https://www.scirp.org/journal/paperinformation.aspx?paperid=124024&utm_campaign=weibo&utm_medium=chenling,True,high,SCIRP 美国科研出版社,,SCIRP 美国科研出版社
1272,,1870858943.0,,0,0,0,蓝V,https://www.aminer.cn/pub/6441ff2eed329dcc6bb74b74/safety-assessment-of-chinese-large-language-models?f=wb,https://www.aminer.cn/pub/6441ff2eed329dcc6bb74b74/safety-assessment-of-chinese-large-language-models?f=wb,True,high,AMiner,,AMiner
1273,,1870858943.0,,0,0,0,蓝V,https://www.aminer.cn/pub/6449e7ff582c1376bbfc6823/learning-agile-soccer-skills-for-a-bipedal-robot-with-deep-reinforcement-learning?f=wb,https://www.aminer.cn/pub/6449e7ff582c1376bbfc6823/learning-agile-soccer-skills-for-a-bipedal-robot-with-deep-reinforcement-learning?f=wb,True,high,AMiner,,AMiner
1274,,1870858943.0,,0,0,0,蓝V,https://www.aminer.cn/pub/6449e7fc582c1376bbfc5d7a/stepformer-self-supervised-step-discovery-and-localization-in-instructional-videos?f=wb,https://www.aminer.cn/pub/6449e7fc582c1376bbfc5d7a/stepformer-self-supervised-step-discovery-and-localization-in-instructional-videos?f=wb,True,high,AMiner,,AMiner
1275,,1870858943.0,,0,0,0,蓝V,https://www.aminer.cn/pub/6449e7fc582c1376bbfc5e50/unleashing-infinite-length-input-capacity-for-large-scale-language-models-with-self?f=wb,https://www.aminer.cn/pub/6449e7fc582c1376bbfc5e50/unleashing-infinite-length-input-capacity-for-large-scale-language-models-with-self?f=wb,True,high,AMiner,,AMiner
1276,,2427364747.0,,0,0,0,蓝V,https://doi.org/10.1038/s41591-023-02278-8,https://doi.org/10.1038/s41591-023-02278-8,True,high,DOI,10.1038/s41591-023-02278-8,DOI
1277,,3164138154.0,,0,0,0,普通用户,https://www.nature.com/articles/s41467-023-37842-w,https://www.nature.com/articles/s41467-023-37842-w,True,high,Nature,,Nature
1278,,5976873363.0,,0,0,0,普通用户,https://www.nature.com/articles/s41467-023-37842-w,https://www.nature.com/articles/s41467-023-37842-w,True,high,Nature,,Nature
1279,,1870858943.0,,0,0,0,蓝V,https://www.aminer.cn/pub/643e0acf0746dc40e3418d34/text-conditional-contextualized-avatars-for-zero-shot-personalization?f=wb,https://www.aminer.cn/pub/643e0acf0746dc40e3418d34/text-conditional-contextualized-avatars-for-zero-shot-personalization?f=wb,True,high,AMiner,,AMiner
1280,,1870858943.0,,0,0,0,蓝V,https://www.aminer.cn/pub/643e0ad10746dc40e3419876/refusion-enabling-large-size-realistic-image-restoration-with-latent-space-diffusion-models?f=wb,https://www.aminer.cn/pub/643e0ad10746dc40e3419876/refusion-enabling-large-size-realistic-image-restoration-with-latent-space-diffusion-models?f=wb,True,high,AMiner,,AMiner
1281,,1870858943.0,,0,0,0,蓝V,https://www.aminer.cn/pub/643e0ad60746dc40e341a41e?f=wb,https://www.aminer.cn/pub/643e0ad60746dc40e341a41e?f=wb,True,high,AMiner,,AMiner
1282,,1870858943.0,,0,0,0,蓝V,https://www.aminer.cn/pub/643cb8ba0746dc40e38e5e07?f=wb,https://www.aminer.cn/pub/643cb8ba0746dc40e38e5e07?f=wb,True,high,AMiner,,AMiner
1283,,7336252878.0,,0,0,0,普通用户,https://doi.org/10.1016/j.ecolind.2023.110268,https://doi.org/10.1016/j.ecolind.2023.110268,True,high,DOI,10.1016/j.ecolind.2023.110268,DOI
1284,,1870858943.0,,0,0,0,蓝V,https://www.aminer.cn/pub/6449e7ff582c1376bbfc6879/harnessing-the-power-of-llms-in-practice-a-survey-on-chatgpt-and?f=wb,https://www.aminer.cn/pub/6449e7ff582c1376bbfc6879/harnessing-the-power-of-llms-in-practice-a-survey-on-chatgpt-and?f=wb,True,high,AMiner,,AMiner
1285,,1870858943.0,,0,0,0,蓝V,https://www.aminer.cn/pub/6448967c71ac66d2cbd88153/chatllm-network-more-brains-more-intelligence?f=wb,https://www.aminer.cn/pub/6448967c71ac66d2cbd88153/chatllm-network-more-brains-more-intelligence?f=wb,True,high,AMiner,,AMiner
1286,,1894295570.0,,0,0,0,蓝V,https://www.scirp.org/journal/paperinformation.aspx?paperid=124419&utm_campaign=weibo&utm_medium=chenling,https://www.scirp.org/journal/paperinformation.aspx?paperid=124419&utm_campaign=weibo&utm_medium=chenling,True,high,SCIRP 美国科研出版社,,SCIRP 美国科研出版社
1287,,1870858943.0,,0,0,0,蓝V,https://www.aminer.cn/pub/643e0ad60746dc40e341a515/visual-instruction-tuning?f=wb,https://www.aminer.cn/pub/643e0ad60746dc40e341a515/visual-instruction-tuning?f=wb,True,high,AMiner,,AMiner
1288,,1870858943.0,,0,0,0,蓝V,https://www.aminer.cn/pub/6434cfd690e50fcafd7a46d2?f=wb,https://www.aminer.cn/pub/6434cfd690e50fcafd7a46d2?f=wb,True,high,AMiner,,AMiner
1289,,1727858283.0,,0,0,0,金V,https://arxiv.org/abs/2304.13712,https://arxiv.org/abs/2304.13712,True,high,arXiv,,arXiv
1290,,1870858943.0,,0,0,0,蓝V,https://www.aminer.cn/pub/6448967c71ac66d2cbd88151/audiogpt-understanding-and-generating-speech-music-sound-and-talking-head?f=wb,https://www.aminer.cn/pub/6448967c71ac66d2cbd88151/audiogpt-understanding-and-generating-speech-music-sound-and-talking-head?f=wb,True,high,AMiner,,AMiner
1291,,1870858943.0,,0,0,0,蓝V,https://www.aminer.cn/pub/643e0ad60746dc40e341a41f?f=wb,https://www.aminer.cn/pub/643e0ad60746dc40e341a41f?f=wb,True,high,AMiner,,AMiner
1292,,1870858943.0,,0,0,0,蓝V,https://www.aminer.cn/pub/643e0ad60746dc40e341a413?f=wb,https://www.aminer.cn/pub/643e0ad60746dc40e341a413?f=wb,True,high,AMiner,,AMiner
1293,,5976873363.0,,0,0,0,普通用户,https://www.cell.com/cell-stem-cell/fulltext/S1934-5909(23)00080-2?_returnURL=https%3A%2F%2Flinkinghub.elsevier.com%2Fretrieve%2Fpii%2FS1934590923000802%3Fshowall%3Dtrue,https://www.cell.com/cell-stem-cell/fulltext/S1934-5909(23)00080-2?_returnURL=https://linkinghub.elsevier.com/retrieve/pii/S1934590923000802?showall=true,True,high,Elsevier,,Elsevier
1294,,5976873363.0,,0,0,0,普通用户,https://journals.aps.org/prapplied/abstract/10.1103/PhysRevApplied.19.044053,https://journals.aps.org/prapplied/abstract/10.1103/PhysRevApplied.19.044053,True,high,DOI,10.1103/PhysRevApplied.19.044053,DOI
1295,,1870858943.0,,0,0,0,蓝V,https://www.aminer.cn/pub/6434cfd690e50fcafd7a4b23?f=wb,https://www.aminer.cn/pub/6434cfd690e50fcafd7a4b23?f=wb,True,high,AMiner,,AMiner
1296,,1870858943.0,,0,0,0,蓝V,https://www.aminer.cn/pub/6434cfcc90e50fcafd7a0003?f=wb,https://www.aminer.cn/pub/6434cfcc90e50fcafd7a0003?f=wb,True,high,AMiner,,AMiner
1297,,1870858943.0,,0,0,0,蓝V,https://www.aminer.cn/pub/6434cfd690e50fcafd7a492e?f=wb,https://www.aminer.cn/pub/6434cfd690e50fcafd7a492e?f=wb,True,high,AMiner,,AMiner
1298,,5703921756.0,,0,0,0,蓝V,https://arxiv.org/abs/2302.05442,https://arxiv.org/abs/2302.05442,True,high,arXiv,,arXiv
1299,,1708828231.0,,0,0,0,普通用户,https://arxiv.org/abs/2303.12712,https://arxiv.org/abs/2303.12712,True,high,arXiv,,arXiv
1300,,5329434101.0,,0,0,0,蓝V,https://www.nature.com/articles/s41586-023-05951-7?utm_medium=organic_social&utm_source=weibo&utm_campaign=CONR_PF020_ENGM_AP_CNCM_002EA_weeklyS,https://www.nature.com/articles/s41586-023-05951-7?utm_medium=organic_social&utm_source=weibo&utm_campaign=CONR_PF020_ENGM_AP_CNCM_002EA_weeklyS,True,high,Nature,,Nature
1301,,1729014640.0,,0,0,0,蓝V,https://doi.org/10.1016/j.stem.2023.03.009,https://doi.org/10.1016/j.stem.2023.03.009,True,high,DOI,10.1016/j.stem.2023.03.009,DOI
1302,,1870858943.0,,0,0,0,蓝V,https://www.aminer.cn/pub/642b955f90e50fcafd82b3b6?f=wb,https://www.aminer.cn/pub/642b955f90e50fcafd82b3b6?f=wb,True,high,AMiner,,AMiner
1303,,1870858943.0,,0,0,0,蓝V,https://www.aminer.cn/pub/642a43bc90e50fcafd9b1555?f=wb,https://www.aminer.cn/pub/642a43bc90e50fcafd9b1555?f=wb,True,high,AMiner,,AMiner
1303,,1870858943.0,,0,0,0,蓝V,https://www.aminer.cn/pub/64264f7a90e50fcafd68d7ac?f=wb,https://www.aminer.cn/pub/64264f7a90e50fcafd68d7ac?f=wb,True,high,AMiner,,AMiner
1303,,1870858943.0,,0,0,0,蓝V,https://www.aminer.cn/pub/6423ac7790e50fcafd55eaa0?f=wb,https://www.aminer.cn/pub/6423ac7790e50fcafd55eaa0?f=wb,True,high,AMiner,,AMiner
1303,,1870858943.0,,0,0,0,蓝V,https://www.aminer.cn/pub/64264f7b90e50fcafd68dfd1?f=wb,https://www.aminer.cn/pub/64264f7b90e50fcafd68dfd1?f=wb,True,high,AMiner,,AMiner
1303,,1870858943.0,,0,0,0,蓝V,https://www.aminer.cn/pub/64264f7b90e50fcafd68e162?f=wb,https://www.aminer.cn/pub/64264f7b90e50fcafd68e162?f=wb,True,high,AMiner,,AMiner
1303,,1870858943.0,,0,0,0,蓝V,https://www.aminer.cn/pub/6424fe3490e50fcafd78b7ee?f=wb,https://www.aminer.cn/pub/6424fe3490e50fcafd78b7ee?f=wb,True,high,AMiner,,AMiner
1303,,1870858943.0,,0,0,0,蓝V,https://www.aminer.cn/pub/6424fe3490e50fcafd78b853?f=wb,https://www.aminer.cn/pub/6424fe3490e50fcafd78b853?f=wb,True,high,AMiner,,AMiner
1303,,1870858943.0,,0,0,0,蓝V,https://www.aminer.cn/pub/6424fe3390e50fcafd78b51d?f=wb,https://www.aminer.cn/pub/6424fe3390e50fcafd78b51d?f=wb,True,high,AMiner,,AMiner
1303,,1870858943.0,,0,0,0,蓝V,https://www.aminer.cn/pub/64267642158fc30f5977f354?f=wb,https://www.aminer.cn/pub/64267642158fc30f5977f354?f=wb,True,high,AMiner,,AMiner
1303,,1870858943.0,,0,0,0,蓝V,https://www.aminer.cn/pub/64225b7e90e50fcafde15035?f=wb,https://www.aminer.cn/pub/64225b7e90e50fcafde15035?f=wb,True,high,AMiner,,AMiner
1303,,1870858943.0,,0,0,0,蓝V,https://www.aminer.cn/pub/6423ac7890e50fcafd55f0fc?f=wb,https://www.aminer.cn/pub/6423ac7890e50fcafd55f0fc?f=wb,True,high,AMiner,,AMiner
1303,,1870858943.0,,0,0,0,蓝V,https://www.aminer.cn/pub/6423ac7890e50fcafd55f26b?f=wb,https://www.aminer.cn/pub/6423ac7890e50fcafd55f26b?f=wb,True,high,AMiner,,AMiner
1303,,1870858943.0,,0,0,0,蓝V,https://www.aminer.cn/pub/64225b7d90e50fcafde14d48?f=wb,https://www.aminer.cn/pub/64225b7d90e50fcafde14d48?f=wb,True,high,AMiner,,AMiner
1303,,1870858943.0,,0,0,0,蓝V,https://www.aminer.cn/pub/6421094d90e50fcafdb0302b?f=wb,https://www.aminer.cn/pub/6421094d90e50fcafdb0302b?f=wb,True,high,AMiner,,AMiner
1303,,1870858943.0,,0,0,0,蓝V,https://www.aminer.cn/pub/6421094e90e50fcafdb032b5?f=wb,https://www.aminer.cn/pub/6421094e90e50fcafdb032b5?f=wb,True,high,AMiner,,AMiner
1303,,1870858943.0,,0,0,0,蓝V,https://www.aminer.cn/pub/641a71fb90e50fcafd720364?f=wb,https://www.aminer.cn/pub/641a71fb90e50fcafd720364?f=wb,True,high,AMiner,,AMiner
1303,,1870858943.0,,0,0,0,蓝V,https://www.aminer.cn/pub/641bc38c90e50fcafdc14450?f=wb,https://www.aminer.cn/pub/641bc38c90e50fcafdc14450?f=wb,True,high,AMiner,,AMiner
1303,,1870858943.0,,0,0,0,蓝V,https://www.aminer.cn/pub/641d7f7190e50fcafd62cdfb?f=wb,https://www.aminer.cn/pub/641d7f7190e50fcafd62cdfb?f=wb,True,high,AMiner,,AMiner
1303,,1870858943.0,,0,0,0,蓝V,https://www.aminer.cn/pub/6419209390e50fcafda93008?f=wb,https://www.aminer.cn/pub/6419209390e50fcafda93008?f=wb,True,high,AMiner,,AMiner
1303,,1870858943.0,,0,0,0,蓝V,https://www.aminer.cn/pub/64264f7a90e50fcafd68d7ac?f=wb,https://www.aminer.cn/pub/64264f7a90e50fcafd68d7ac?f=wb,True,high,AMiner,,AMiner
1304,,1870858943.0,,0,0,0,蓝V,https://www.aminer.cn/pub/642f8a3d90e50fcafd431fa5?f=wb,https://www.aminer.cn/pub/642f8a3d90e50fcafd431fa5?f=wb,True,high,AMiner,,AMiner
1305,,1870858943.0,,0,0,0,蓝V,https://www.aminer.cn/pub/642b955a90e50fcafd82a8a8?f=wb,https://www.aminer.cn/pub/642b955a90e50fcafd82a8a8?f=wb,True,high,AMiner,,AMiner
1306,,1870858943.0,,0,0,0,蓝V,https://www.aminer.cn/pub/642f8a3d90e50fcafd431fd0?f=wb,https://www.aminer.cn/pub/642f8a3d90e50fcafd431fd0?f=wb,True,high,AMiner,,AMiner
1307,,1870858943.0,,0,0,0,蓝V,https://www.aminer.cn/pub/647572e0d68f896efa7b79a5/direct-preference-optimization-your-language-model-is-secretly-a-reward-model?f=wb,https://www.aminer.cn/pub/647572e0d68f896efa7b79a5/direct-preference-optimization-your-language-model-is-secretly-a-reward-model?f=wb,True,high,AMiner,,AMiner
1308,,2008779105.0,,0,0,0,蓝V,https://www.science.org/doi/10.1126/science.ade8450,https://www.science.org/doi/10.1126/science.ade8450,True,high,DOI,10.1126/science.ade8450,DOI
1309,,1870858943.0,,0,0,0,蓝V,https://www.aminer.cn/pub/6461b9c9d68f896efad431c6/artgpt-artistic-vision-language-understanding-with-adapter-enhanced-minigpt?f=wb,https://www.aminer.cn/pub/6461b9c9d68f896efad431c6/artgpt-artistic-vision-language-understanding-with-adapter-enhanced-minigpt?f=wb,True,high,AMiner,,AMiner
1310,,1870858943.0,,0,0,0,蓝V,https://www.aminer.cn/pub/6461b9c9d68f896efad4318e/universal-source-separation-with-weakly-labelled-data?f=wb,https://www.aminer.cn/pub/6461b9c9d68f896efad4318e/universal-source-separation-with-weakly-labelled-data?f=wb,True,high,AMiner,,AMiner
1311,,1657470871.0,,0,0,0,黄V,https://arxiv.org/abs/2305.11116,https://arxiv.org/abs/2305.11116,True,high,arXiv,,arXiv
1312,,2427364747.0,,0,0,0,蓝V,http://www.iapjournals.ac.cn/aas/en/article/doi/10.1007/s00376-023-3062-1,http://www.iapjournals.ac.cn/aas/en/article/doi/10.1007/s00376-023-3062-1,True,high,DOI,10.1007/s00376-023-3062-1,DOI
1313,,1870858943.0,,0,0,0,蓝V,https://www.aminer.cn/pub/6461b9c8d68f896efad43055/megabyte-predicting-million-byte-sequences-with-multiscale-transformers?f=wb,https://www.aminer.cn/pub/6461b9c8d68f896efad43055/megabyte-predicting-million-byte-sequences-with-multiscale-transformers?f=wb,True,high,AMiner,,AMiner
1314,,1870858943.0,,0,0,0,蓝V,https://www.aminer.cn/pub/647572d8d68f896efa7b744e/plug-and-play-document-modules-for-pre-trained-models?f=wb,https://www.aminer.cn/pub/647572d8d68f896efa7b744e/plug-and-play-document-modules-for-pre-trained-models?f=wb,True,high,AMiner,,AMiner
1315,,1870858943.0,,0,0,0,蓝V,https://www.aminer.cn/pub/647572d8d68f896efa7b7477/kosbi-a-dataset-for-mitigating-social-bias-risks-towards-safer-large-language?f=wb,https://www.aminer.cn/pub/647572d8d68f896efa7b7477/kosbi-a-dataset-for-mitigating-social-bias-risks-towards-safer-large-language?f=wb,True,high,AMiner,,AMiner
1316,,1870858943.0,,0,0,0,蓝V,https://www.aminer.cn/pub/647572e0d68f896efa7b78dd/bigtrans-augmenting-large-language-models-with-multilingual-translation-capability-over-languages?f=wb,https://www.aminer.cn/pub/647572e0d68f896efa7b78dd/bigtrans-augmenting-large-language-models-with-multilingual-translation-capability-over-languages?f=wb,True,high,AMiner,,AMiner
1317,,1870858943.0,,0,0,0,蓝V,https://www.aminer.cn/pub/647572d8d68f896efa7b731d/dna-gpt-divergent-n-gram-analysis-for-training-free-detection-of-gpt?f=wb,https://www.aminer.cn/pub/647572d8d68f896efa7b731d/dna-gpt-divergent-n-gram-analysis-for-training-free-detection-of-gpt?f=wb,True,high,AMiner,,AMiner
1318,,2427364747.0,,0,0,0,蓝V,https://pubs.geoscienceworld.org/gsa/geology/article-abstract/doi/10.1130/G51222.1/623409/Do-microcontinents-nucleate-subduction-initiationredirectedFrom=fulltext,https://pubs.geoscienceworld.org/gsa/geology/article-abstract/doi/10.1130/G51222.1/623409/Do-microcontinents-nucleate-subduction-initiationredirectedFrom=fulltext,True,high,DOI,10.1130/G51222.1/623409/Do-microcontinents-nucleate-subduction-initiationredirectedFrom=fulltext,DOI
1319,,1912085257.0,,0,0,0,红V,arxiv.org/abs/2305.07759,arxiv.org/abs/2305.07759,True,medium,学术特征,,/abs/
1320,,1870858943.0,,0,0,0,蓝V,https://www.aminer.cn/pub/647572d8d68f896efa7b733c/swiftsage-a-generative-agent-with-fast-and-slow-thinking-for-complex-interactive?f=wb,https://www.aminer.cn/pub/647572d8d68f896efa7b733c/swiftsage-a-generative-agent-with-fast-and-slow-thinking-for-complex-interactive?f=wb,True,high,AMiner,,AMiner
1321,,1870858943.0,,0,0,0,蓝V,https://www.aminer.cn/pub/647572e0d68f896efa7b7986/glyphcontrol-glyph-conditional-control-for-visual-text-generation?f=wb,https://www.aminer.cn/pub/647572e0d68f896efa7b7986/glyphcontrol-glyph-conditional-control-for-visual-text-generation?f=wb,True,high,AMiner,,AMiner
1322,,1870858943.0,,0,0,0,蓝V,https://www.aminer.cn/pub/647572d8d68f896efa7b728d/generating-images-with-multimodal-language-models?f=wb,https://www.aminer.cn/pub/647572d8d68f896efa7b728d/generating-images-with-multimodal-language-models?f=wb,True,high,AMiner,,AMiner
1323,,1870858943.0,,0,0,0,蓝V,https://www.aminer.cn/pub/64741c33d68f896efaa7b732/three-towers-flexible-contrastive-learning-with-pretrained-image-models?f=wb,https://www.aminer.cn/pub/64741c33d68f896efaa7b732/three-towers-flexible-contrastive-learning-with-pretrained-image-models?f=wb,True,high,AMiner,,AMiner
1324,,1870858943.0,,0,0,0,蓝V,https://www.aminer.cn/pub/64741c33d68f896efaa7b708/training-socially-aligned-language-models-in-simulated-human-society?f=wb,https://www.aminer.cn/pub/64741c33d68f896efaa7b708/training-socially-aligned-language-models-in-simulated-human-society?f=wb,True,high,AMiner,,AMiner
1325,,1870858943.0,,0,0,0,蓝V,https://www.aminer.cn/pub/64741c33d68f896efaa7b66b/do-gpts-produce-less-literal-translations?f=wb,https://www.aminer.cn/pub/64741c33d68f896efaa7b66b/do-gpts-produce-less-literal-translations?f=wb,True,high,AMiner,,AMiner
1326,,1870858943.0,,0,0,0,蓝V,https://aminer.cn/pub/646edc9cd68f896efaddaa6a/llms-as-factual-reasoners-insights-from-existing-benchmarks-and-beyond?f=wbChatPaper,https://aminer.cn/pub/646edc9cd68f896efaddaa6a/llms-as-factual-reasoners-insights-from-existing-benchmarks-and-beyond?f=wbChatPaper,True,high,AMiner,,AMiner
1327,,1870858943.0,,0,0,0,蓝V,https://www.aminer.cn/pub/646aecaad68f896efa05a802/comparing-software-developers-with-chatgpt-an-empirical-investigation?f=wb,https://www.aminer.cn/pub/646aecaad68f896efa05a802/comparing-software-developers-with-chatgpt-an-empirical-investigation?f=wb,True,high,AMiner,,AMiner
1328,,1870858943.0,,0,0,0,蓝V,https://www.aminer.cn/pub/646aecaad68f896efa05a6f6/introspective-tips-large-language-model-for-in-context-decision-making?f=wb,https://www.aminer.cn/pub/646aecaad68f896efa05a6f6/introspective-tips-large-language-model-for-in-context-decision-making?f=wb,True,high,AMiner,,AMiner
1329,,1870858943.0,,0,0,0,蓝V,https://www.aminer.cn/pub/646465fed68f896efa1953d0/make-an-animation-large-scale-text-conditional-d-human-motion-generation?f=wb,https://www.aminer.cn/pub/646465fed68f896efa1953d0/make-an-animation-large-scale-text-conditional-d-human-motion-generation?f=wb,True,high,AMiner,,AMiner
1330,,1870858943.0,,0,0,0,蓝V,https://www.aminer.cn/pub/6462f133d68f896efa91165a/dr-llama-improving-small-language-models-in-domain-specific-qa-via-generative?f=wb,https://www.aminer.cn/pub/6462f133d68f896efa91165a/dr-llama-improving-small-language-models-in-domain-specific-qa-via-generative?f=wb,True,high,AMiner,,AMiner
1331,,1870858943.0,,0,0,0,蓝V,https://www.aminer.cn/pub/647572d8d68f896efa7b7244/ghost-in-the-minecraft-generally-capable-agents-for-open-world-enviroments-via?f=wb,https://www.aminer.cn/pub/647572d8d68f896efa7b7244/ghost-in-the-minecraft-generally-capable-agents-for-open-world-enviroments-via?f=wb,True,high,AMiner,,AMiner
1332,,1870858943.0,,0,0,0,蓝V,https://www.aminer.cn/pub/647572d8d68f896efa7b7303/fine-tuning-language-models-with-just-forward-passes?f=wb,https://www.aminer.cn/pub/647572d8d68f896efa7b7303/fine-tuning-language-models-with-just-forward-passes?f=wb,True,high,AMiner,,AMiner
1333,,1870858943.0,,0,0,0,蓝V,https://www.aminer.cn/pub/64741c33d68f896efaa7b63f/backpack-language-models?f=wb,https://www.aminer.cn/pub/64741c33d68f896efaa7b63f/backpack-language-models?f=wb,True,high,AMiner,,AMiner
1334,,1870858943.0,,0,0,0,蓝V,https://www.aminer.cn/pub/64741a3ad68f896efaa62157/role-play-with-large-language-models?f=wb,https://www.aminer.cn/pub/64741a3ad68f896efaa62157/role-play-with-large-language-models?f=wb,True,high,AMiner,,AMiner
1335,,1870858943.0,,0,0,0,蓝V,https://www.aminer.cn/pub/646d8642d68f896efa0a30b1/enhancing-chat-language-models-by-scaling-high-quality-instructional-conversations?f=wb,https://www.aminer.cn/pub/646d8642d68f896efa0a30b1/enhancing-chat-language-models-by-scaling-high-quality-instructional-conversations?f=wb,True,high,AMiner,,AMiner
1336,,1870858943.0,,0,0,0,蓝V,https://www.aminer.cn/pub/646d863cd68f896efa09f3ec/perception-test-a-diagnostic-benchmark-for-multimodal-video-models?f=wb,https://www.aminer.cn/pub/646d863cd68f896efa09f3ec/perception-test-a-diagnostic-benchmark-for-multimodal-video-models?f=wb,True,high,AMiner,,AMiner
1337,,1870858943.0,,0,0,0,蓝V,https://www.aminer.cn/pub/646d863cd68f896efa09f2ec/aligning-large-language-models-through-synthetic-feedback?f=wb,https://www.aminer.cn/pub/646d863cd68f896efa09f2ec/aligning-large-language-models-through-synthetic-feedback?f=wb,True,high,AMiner,,AMiner
1338,,1870858943.0,,0,0,0,蓝V,https://www.aminer.cn/pub/646aecaad68f896efa05a7a9/controlling-the-extraction-of-memorized-data-from-large-language-models-via-prompt?f=wb,https://www.aminer.cn/pub/646aecaad68f896efa05a7a9/controlling-the-extraction-of-memorized-data-from-large-language-models-via-prompt?f=wb,True,high,AMiner,,AMiner
1339,,1870858943.0,,0,0,0,蓝V,https://www.aminer.cn/pub/6462f133d68f896efa911721/leveraging-large-language-models-in-conversational-recommender-systems?f=wb,https://www.aminer.cn/pub/6462f133d68f896efa911721/leveraging-large-language-models-in-conversational-recommender-systems?f=wb,True,high,AMiner,,AMiner
1340,,1870858943.0,,0,0,0,蓝V,https://www.aminer.cn/pub/64741a3ad68f896efaa6213a/think-before-you-act-decision-transformers-with-internal-working-memory?f=wb,https://www.aminer.cn/pub/64741a3ad68f896efaa6213a/think-before-you-act-decision-transformers-with-internal-working-memory?f=wb,True,high,AMiner,,AMiner
1341,,1870858943.0,,0,0,0,蓝V,https://www.aminer.cn/pub/646edca5d68f896efaddb101/layoutgpt-compositional-visual-planning-and-generation-with-large-language-models?f=wb,https://www.aminer.cn/pub/646edca5d68f896efaddb101/layoutgpt-compositional-visual-planning-and-generation-with-large-language-models?f=wb,True,high,AMiner,,AMiner
1342,,7724109384.0,,0,0,0,蓝V,https://arxiv.org/abs/2305.10263,https://arxiv.org/abs/2305.10263,True,high,arXiv,,arXiv
1343,,1870858943.0,,0,0,0,蓝V,https://www.aminer.cn/pub/646aecaad68f896efa05a760/quest-a-retrieval-dataset-of-entity-seeking-queries-with-implicit-set-operations?f=wb,https://www.aminer.cn/pub/646aecaad68f896efa05a760/quest-a-retrieval-dataset-of-entity-seeking-queries-with-implicit-set-operations?f=wb,True,high,AMiner,,AMiner
1344,,1870858943.0,,0,0,0,蓝V,https://www.aminer.cn/pub/646aecaad68f896efa05a808/how-does-generative-retrieval-scale-to-millions-of-passages?f=wb,https://www.aminer.cn/pub/646aecaad68f896efa05a808/how-does-generative-retrieval-scale-to-millions-of-passages?f=wb,True,high,AMiner,,AMiner
1345,,1870858943.0,,0,0,0,蓝V,https://www.aminer.cn/pub/646aecaad68f896efa05a7ff/pengi-an-audio-language-model-for-audio-tasks?f=wb,https://www.aminer.cn/pub/646aecaad68f896efa05a7ff/pengi-an-audio-language-model-for-audio-tasks?f=wb,True,high,AMiner,,AMiner
1346,,1894295570.0,,0,0,0,蓝V,https://www.scirp.org/journal/paperinformation.aspx?paperid=124813&utm_campaign=weibo&utm_medium=chenling,https://www.scirp.org/journal/paperinformation.aspx?paperid=124813&utm_campaign=weibo&utm_medium=chenling,True,high,SCIRP 美国科研出版社,,SCIRP 美国科研出版社
1347,,1870858943.0,,0,0,0,蓝V,https://www.aminer.cn/pub/64741c33d68f896efaa7b79e/controlvideo-adding-conditional-control-for-one-shot-text-to-video-editing?f=wb,https://www.aminer.cn/pub/64741c33d68f896efaa7b79e/controlvideo-adding-conditional-control-for-one-shot-text-to-video-editing?f=wb,True,high,AMiner,,AMiner
1348,,1870858943.0,,0,0,0,蓝V,https://www.aminer.cn/pub/64741c33d68f896efaa7b7be/large-language-models-as-tool-makers?f=wb,https://www.aminer.cn/pub/64741c33d68f896efaa7b7be/large-language-models-as-tool-makers?f=wb,True,high,AMiner,,AMiner
1349,,1870858943.0,,0,0,0,蓝V,https://www.aminer.cn/pub/646c3addd68f896efa5d199e/recurrentgpt-interactive-generation-of-arbitrarily-long-text?f=wb,https://www.aminer.cn/pub/646c3addd68f896efa5d199e/recurrentgpt-interactive-generation-of-arbitrarily-long-text?f=wb,True,high,AMiner,,AMiner
1350,,1870858943.0,,0,0,0,蓝V,https://www.aminer.cn/pub/646c3ad0d68f896efa5ce494/opt-r-exploring-the-role-of-explanations-in-finetuning-and-prompting-for?f=wb,https://www.aminer.cn/pub/646c3ad0d68f896efa5ce494/opt-r-exploring-the-role-of-explanations-in-finetuning-and-prompting-for?f=wb,True,high,AMiner,,AMiner
1351,,5976873363.0,,0,0,0,普通用户,https://www.science.org/doi/10.1126/science.abo2812,https://www.science.org/doi/10.1126/science.abo2812,True,high,DOI,10.1126/science.abo2812,DOI
1352,,1870858943.0,,0,0,0,蓝V,https://www.aminer.cn/pub/646c3ad0d68f896efa5ce4cd/codecompose-a-large-scale-industrial-deployment-of-ai-assisted-code-authoring?f=wb,https://www.aminer.cn/pub/646c3ad0d68f896efa5ce4cd/codecompose-a-large-scale-industrial-deployment-of-ai-assisted-code-authoring?f=wb,True,high,AMiner,,AMiner
1353,,1870858943.0,,0,0,0,蓝V,https://www.aminer.cn/pub/646c3addd68f896efa5d15cf/augmenting-autotelic-agents-with-large-language-models?f=wb,https://www.aminer.cn/pub/646c3addd68f896efa5d15cf/augmenting-autotelic-agents-with-large-language-models?f=wb,True,high,AMiner,,AMiner
1354,,1870858943.0,,0,0,0,蓝V,https://www.aminer.cn/pub/64741c33d68f896efaa7b692/randomized-positional-encodings-boost-length-generalization-of-transformers?f=wb,https://www.aminer.cn/pub/64741c33d68f896efaa7b692/randomized-positional-encodings-boost-length-generalization-of-transformers?f=wb,True,high,AMiner,,AMiner
1355,,1870858943.0,,0,0,0,蓝V,https://www.aminer.cn/pub/64702deed68f896efa520071/custom-edit-text-guided-image-editing-with-customized-diffusion-models?f=wb,https://www.aminer.cn/pub/64702deed68f896efa520071/custom-edit-text-guided-image-editing-with-customized-diffusion-models?f=wb,True,high,AMiner,,AMiner
1356,,1870858943.0,,0,0,0,蓝V,https://www.aminer.cn/pub/64741a3ad68f896efaa62136/olagpt-empowering-llms-with-human-like-problem-solving-abilities?f=wb,https://www.aminer.cn/pub/64741a3ad68f896efaa62136/olagpt-empowering-llms-with-human-like-problem-solving-abilities?f=wb,True,high,AMiner,,AMiner
1357,,1870858943.0,,0,0,0,蓝V,https://www.aminer.cn/pub/64702deed68f896efa51ff8f/unsupervised-semantic-correspondence-using-stable-diffusion?f=wb,https://www.aminer.cn/pub/64702deed68f896efa51ff8f/unsupervised-semantic-correspondence-using-stable-diffusion?f=wb,True,high,AMiner,,AMiner
1358,,1870858943.0,,0,0,0,蓝V,https://www.aminer.cn/pub/64702deed68f896efa520004/rewritelm-an-instruction-tuned-large-language-model-for-text-rewriting?f=wb,https://www.aminer.cn/pub/64702deed68f896efa520004/rewritelm-an-instruction-tuned-large-language-model-for-text-rewriting?f=wb,True,high,AMiner,,AMiner
1359,,5976873363.0,,0,0,0,普通用户,https://pubs.aip.org/aip/pof/article/35/5/054110/2889071/Uneven-extraction-in-coffee-brewing,https://pubs.aip.org/aip/pof/article/35/5/054110/2889071/Uneven-extraction-in-coffee-brewing,True,high,AIP Publishing,,AIP Publishing
1360,,1870858943.0,,0,0,0,蓝V,https://www.aminer.cn/pub/64702deed68f896efa520027/the-false-promise-of-imitating-proprietary-llms?f=wb,https://www.aminer.cn/pub/64702deed68f896efa520027/the-false-promise-of-imitating-proprietary-llms?f=wb,True,high,AMiner,,AMiner
1361,,1870858943.0,,0,0,0,蓝V,https://www.aminer.cn/pub/645dad0cd68f896efad9d9aa/do-llms-understand-user-preferences-evaluating-llms-on-user-rating-prediction?f=wb,https://www.aminer.cn/pub/645dad0cd68f896efad9d9aa/do-llms-understand-user-preferences-evaluating-llms-on-user-rating-prediction?f=wb,True,high,AMiner,,AMiner
1362,,1870858943.0,,0,0,0,蓝V,https://www.aminer.cn/pub/645dad14d68f896efad9dc94/instructblip-towards-general-purpose-vision-language-models-with-instruction-tuning?f=wb,https://www.aminer.cn/pub/645dad14d68f896efad9dc94/instructblip-towards-general-purpose-vision-language-models-with-instruction-tuning?f=wb,True,high,AMiner,,AMiner
1363,,1870858943.0,,0,0,0,蓝V,https://www.aminer.cn/pub/645dad16d68f896efad9deca/comospeech-one-step-speech-and-singing-voice-synthesis-via-consistency-model?f=wb,https://www.aminer.cn/pub/645dad16d68f896efad9deca/comospeech-one-step-speech-and-singing-voice-synthesis-via-consistency-model?f=wb,True,high,AMiner,,AMiner
1364,,1870858943.0,,0,0,0,蓝V,https://www.aminer.cn/pub/645dad16d68f896efad9df39/not-all-languages-are-created-equal-in-llms-improving-multilingual-capability-by?f=wb,https://www.aminer.cn/pub/645dad16d68f896efad9df39/not-all-languages-are-created-equal-in-llms-improving-multilingual-capability-by?f=wb,True,high,AMiner,,AMiner
1365,,1870858943.0,,0,0,0,蓝V,https://www.aminer.cn/pub/6466fafbd68f896efaeb77ae/trueteacher-learning-factual-consistency-evaluation-with-large-language-models?f=wb,https://www.aminer.cn/pub/6466fafbd68f896efaeb77ae/trueteacher-learning-factual-consistency-evaluation-with-large-language-models?f=wb,True,high,AMiner,,AMiner
1366,,1870858943.0,,0,0,0,蓝V,https://www.aminer.cn/pub/645dad16d68f896efad9df53/efficientvit-memory-efficient-vision-transformer-with-cascaded-group-attention?f=wb,https://www.aminer.cn/pub/645dad16d68f896efad9df53/efficientvit-memory-efficient-vision-transformer-with-cascaded-group-attention?f=wb,True,high,AMiner,,AMiner
1367,,1870858943.0,,0,0,0,蓝V,https://www.aminer.cn/pub/6466fafbd68f896efaeb764a/textdiffuser-diffusion-models-as-text-painters?f=wb,https://www.aminer.cn/pub/6466fafbd68f896efaeb764a/textdiffuser-diffusion-models-as-text-painters?f=wb,True,high,AMiner,,AMiner
1368,,1870858943.0,,0,0,0,蓝V,https://www.aminer.cn/pub/6459ac64d68f896efa658c20/language-models-don-t-always-say-what-they-think-unfaithful-explanations-in?f=wb,https://www.aminer.cn/pub/6459ac64d68f896efa658c20/language-models-don-t-always-say-what-they-think-unfaithful-explanations-in?f=wb,True,high,AMiner,,AMiner
1369,,1870858943.0,,0,0,0,蓝V,https://www.aminer.cn/pub/6456389bd68f896efacf6a09/distilling-step-by-step-outperforming-larger-language-models-with-less-training-data?f=wb,https://www.aminer.cn/pub/6456389bd68f896efacf6a09/distilling-step-by-step-outperforming-larger-language-models-with-less-training-data?f=wb,True,high,AMiner,,AMiner
1370,,1870858943.0,,0,0,0,蓝V,https://www.aminer.cn/pub/645c5e40d68f896efa22c8ab/imagebind-one-embedding-space-to-bind-them-all?f=wb,https://www.aminer.cn/pub/645c5e40d68f896efa22c8ab/imagebind-one-embedding-space-to-bind-them-all?f=wb,True,high,AMiner,,AMiner
1371,,1870858943.0,,0,0,0,蓝V,https://www.aminer.cn/pub/6466fafbd68f896efaeb75af/discriminative-diffusion-models-as-few-shot-vision-and-language-learners?f=wb,https://www.aminer.cn/pub/6466fafbd68f896efaeb75af/discriminative-diffusion-models-as-few-shot-vision-and-language-learners?f=wb,True,high,AMiner,,AMiner
1372,,1870858943.0,,0,0,0,蓝V,https://www.aminer.cn/pub/6476d21ad68f896efaf72f85/alteredavatar-stylizing-dynamic-d-avatars-with-fast-style-adaptation?f=wb,https://www.aminer.cn/pub/6476d21ad68f896efaf72f85/alteredavatar-stylizing-dynamic-d-avatars-with-fast-style-adaptation?f=wb,True,high,AMiner,,AMiner
1373,,1870858943.0,,0,0,0,蓝V,https://www.aminer.cn/pub/6476d21ad68f896efaf72f7a/grammar-prompting-for-domain-specific-language-generation-with-large-language-models?f=wb,https://www.aminer.cn/pub/6476d21ad68f896efaf72f7a/grammar-prompting-for-domain-specific-language-generation-with-large-language-models?f=wb,True,high,AMiner,,AMiner
1374,,1870858943.0,,0,0,0,蓝V,https://www.aminer.cn/pub/6456389cd68f896efacf6dbe/panda-llm-training-data-and-evaluation-for-open-sourced-chinese-instruction-following?f=wb,https://www.aminer.cn/pub/6456389cd68f896efacf6dbe/panda-llm-training-data-and-evaluation-for-open-sourced-chinese-instruction-following?f=wb,True,high,AMiner,,AMiner
1375,,1870858943.0,,0,0,0,蓝V,https://www.aminer.cn/pub/6456389bd68f896efacf6ae7/shap-e-generating-conditional-d-implicit-functions?f=wb,https://www.aminer.cn/pub/6456389bd68f896efacf6ae7/shap-e-generating-conditional-d-implicit-functions?f=wb,True,high,AMiner,,AMiner
1376,,1870858943.0,,0,0,0,蓝V,https://www.aminer.cn/pub/6476d21ad68f896efaf72d22/faith-and-fate-limits-of-transformers-on-compositionality?f=wb,https://www.aminer.cn/pub/6476d21ad68f896efaf72d22/faith-and-fate-limits-of-transformers-on-compositionality?f=wb,True,high,AMiner,,AMiner
1377,,2194035935.0,,0,0,0,金V,arxiv.org/abs/2305.15717,arxiv.org/abs/2305.15717,True,medium,学术特征,,/abs/
1378,,1870858943.0,,0,0,0,蓝V,https://www.aminer.cn/pub/644b39720ac8640098308f56/chatlog-recording-and-analyzing-chatgpt-across-time?f=wb,https://www.aminer.cn/pub/644b39720ac8640098308f56/chatlog-recording-and-analyzing-chatgpt-across-time?f=wb,True,high,AMiner,,AMiner
1379,,1870858943.0,,0,0,0,蓝V,https://www.aminer.cn/pub/64659ad1d68f896efa8753b2/doremi-optimizing-data-mixtures-speeds-up-language-model-pretraining?f=wb,https://www.aminer.cn/pub/64659ad1d68f896efa8753b2/doremi-optimizing-data-mixtures-speeds-up-language-model-pretraining?f=wb,True,high,AMiner,,AMiner
1380,,1870858943.0,,0,0,0,蓝V,https://www.aminer.cn/pub/6476d20cd68f896efaf727aa/geometric-algebra-transformers?f=wb,https://www.aminer.cn/pub/6476d20cd68f896efaf727aa/geometric-algebra-transformers?f=wb,True,high,AMiner,,AMiner
1381,,1870858943.0,,0,0,0,蓝V,https://www.aminer.cn/pub/6476d21ad68f896efaf72cd8/controllable-text-to-image-generation-with-gpt?f=wb,https://www.aminer.cn/pub/6476d21ad68f896efaf72cd8/controllable-text-to-image-generation-with-gpt?f=wb,True,high,AMiner,,AMiner
1382,,1870858943.0,,0,0,0,蓝V,https://www.aminer.cn/pub/6476d21ad68f896efaf72d88/gpt-tools-teaching-large-language-model-to-use-tools-via-self-instruction?f=wb,https://www.aminer.cn/pub/6476d21ad68f896efaf72d88/gpt-tools-teaching-large-language-model-to-use-tools-via-self-instruction?f=wb,True,high,AMiner,,AMiner
1383,,1870858943.0,,0,0,0,蓝V,https://www.aminer.cn/pub/6476d20cd68f896efaf727e5/make-an-audio-temporal-enhanced-text-to-audio-generation?f=wb,https://www.aminer.cn/pub/6476d20cd68f896efaf727e5/make-an-audio-temporal-enhanced-text-to-audio-generation?f=wb,True,high,AMiner,,AMiner
1384,,1870858943.0,,0,0,0,蓝V,https://www.aminer.cn/pub/646d863cd68f896efa09f3b7/visorgpt-learning-visual-prior-via-generative-pre-training?f=wb,https://www.aminer.cn/pub/646d863cd68f896efa09f3b7/visorgpt-learning-visual-prior-via-generative-pre-training?f=wb,True,high,AMiner,,AMiner
1385,,2897965527.0,,0,0,0,蓝V,https://onlinelibrary.wiley.com/doi/epdf/10.1002/adfm.202300682,https://onlinelibrary.wiley.com/doi/epdf/10.1002/adfm.202300682,True,high,DOI,10.1002/adfm.202300682,DOI
1386,,7724109384.0,,0,0,0,蓝V,https://arxiv.org/abs/2305.09781,https://arxiv.org/abs/2305.09781,True,high,arXiv,,arXiv
1387,,1676317545.0,,0,0,0,蓝V,https://www.nature.com/articles/s42256-023-00626-4,https://www.nature.com/articles/s42256-023-00626-4,True,high,Nature,,Nature
1388,,1729014640.0,,0,0,0,蓝V,https://www.nature.com/articles/s41586-023-05903-1,https://www.nature.com/articles/s41586-023-05903-1,True,high,Nature,,Nature
1389,,1727858283.0,,0,0,0,金V,https://arxiv.org/abs/2305.05658,https://arxiv.org/abs/2305.05658,True,high,arXiv,,arXiv
1390,,1657470871.0,,0,0,0,黄V,https://arxiv.org/abs/2301.11916,https://arxiv.org/abs/2301.11916,True,high,arXiv,,arXiv
1391,,1729014640.0,,0,0,0,蓝V,https://pubs.geoscienceworld.org/gsa/geology/article-abstract/doi/10.1130/G51222.1/623409/Do-microcontinents-nucleate-subduction-initiationredirectedFrom=fulltext,https://pubs.geoscienceworld.org/gsa/geology/article-abstract/doi/10.1130/G51222.1/623409/Do-microcontinents-nucleate-subduction-initiationredirectedFrom=fulltext,True,high,DOI,10.1130/G51222.1/623409/Do-microcontinents-nucleate-subduction-initiationredirectedFrom=fulltext,DOI
1392,,6974787068.0,,0,0,0,红V,https://arxiv.org/pdf/2305.15717.pdf,https://arxiv.org/pdf/2305.15717.pdf,True,high,arXiv,,arXiv
1393,,1912085257.0,,0,0,0,红V,arxiv.org/abs/2304.14454,arxiv.org/abs/2304.14454,True,medium,学术特征,,/abs/
1394,,1870858943.0,,0,0,0,蓝V,https://www.aminer.cn/pub/645c5e3fd68f896efa22c662/frugalgpt-how-to-use-large-language-models-while-reducing-cost-and-improving?f=wb,https://www.aminer.cn/pub/645c5e3fd68f896efa22c662/frugalgpt-how-to-use-large-language-models-while-reducing-cost-and-improving?f=wb,True,high,AMiner,,AMiner
1395,,1870858943.0,,0,0,0,蓝V,https://www.aminer.cn/pub/645c5e47d68f896efa22ce3a/starcoder-may-the-source-be-with-you?f=wb,https://www.aminer.cn/pub/645c5e47d68f896efa22ce3a/starcoder-may-the-source-be-with-you?f=wb,True,high,AMiner,,AMiner
1396,,5633464636.0,,0,0,0,蓝V,https://www.nature.com/articles/s41559-023-02059-z,https://www.nature.com/articles/s41559-023-02059-z,True,high,Nature,,Nature
1397,,1870858943.0,,0,0,0,蓝V,https://www.aminer.cn/pub/645c5eee178f214388805cc2?f=wb,https://www.aminer.cn/pub/645c5eee178f214388805cc2?f=wb,True,high,AMiner,,AMiner
1398,,1894295570.0,,0,0,0,蓝V,https://www.scirp.org/journal/paperinformation.aspx?paperid=124624&utm_campaign=weibo&utm_medium=chenling,https://www.scirp.org/journal/paperinformation.aspx?paperid=124624&utm_campaign=weibo&utm_medium=chenling,True,high,SCIRP 美国科研出版社,,SCIRP 美国科研出版社
1399,,1727858283.0,,0,0,0,金V,https://arxiv.org/abs/2304.15004,https://arxiv.org/abs/2304.15004,True,high,arXiv,,arXiv
1400,,6433304918.0,,0,0,0,蓝V,https://arxiv.org/abs/2306.08647,https://arxiv.org/abs/2306.08647,True,high,arXiv,,arXiv
1401,,3710258141.0,,0,0,0,金V,https://akjournals.com/view/journals/2006/aop/article-10.1556-2006.2023.00014/article-10.1556-2006.2023.00014.xml,https://akjournals.com/view/journals/2006/aop/article-10.1556-2006.2023.00014/article-10.1556-2006.2023.00014.xml,True,high,AKJournals,,AKJournals
1402,,7523186814.0,,0,0,0,蓝V,https://arxiv.org/abs/2306.14101,https://arxiv.org/abs/2306.14101,True,high,arXiv,,arXiv
1403,,6433304918.0,,0,0,0,蓝V,https://arxiv.org/pdf/2306.09348.pdf,https://arxiv.org/pdf/2306.09348.pdf,True,high,arXiv,,arXiv
1404,,6433304918.0,,0,0,0,蓝V,https://arxiv.org/pdf/2305.19308.pdf,https://arxiv.org/pdf/2305.19308.pdf,True,high,arXiv,,arXiv
1405,,6433304918.0,,0,0,0,蓝V,https://arxiv.org/pdf/2305.15614v2.pdf,https://arxiv.org/pdf/2305.15614v2.pdf,True,high,arXiv,,arXiv
1406,,3710258141.0,,0,0,0,金V,https://www.nature.com/articles/s41586-023-06096-3,https://www.nature.com/articles/s41586-023-06096-3,True,high,Nature,,Nature
1406,,3710258141.0,,0,0,0,金V,https://www.nature.com/articles/s41586-022-04940-6,https://www.nature.com/articles/s41586-022-04940-6,True,high,Nature,,Nature
1407,,1918726583.0,,0,0,0,普通用户,https://link.cnki.net/doi/10.13822/j.cnki.hxsj.2023.0048,https://link.cnki.net/doi/10.13822/j.cnki.hxsj.2023.0048,True,high,DOI,10.13822/j.cnki.hxsj.2023.0048,DOI
1408,,1870858943.0,,0,0,0,蓝V,https://www.aminer.cn/pub/6490336b3d55cb4499cf8945,https://www.aminer.cn/pub/6490336b3d55cb4499cf8945,True,high,AMiner,,AMiner
1409,,3710258141.0,,0,0,0,金V,https://www.nature.com/articles/s41586-023-06096-3,https://www.nature.com/articles/s41586-023-06096-3,True,high,Nature,,Nature
1410,,1870858943.0,,0,0,0,蓝V,https://www.aminer.cn/pub/6464b06dd68f896efa35b232/instant-multi-view-head-capture-through-learnable-registration,https://www.aminer.cn/pub/6464b06dd68f896efa35b232/instant-multi-view-head-capture-through-learnable-registration,True,high,AMiner,,AMiner
1411,,1729014640.0,,0,0,0,蓝V,https://www.pnas.org/doi/10.1073/pnas.2220887120,https://www.pnas.org/doi/10.1073/pnas.2220887120,True,high,DOI,10.1073/pnas.2220887120,DOI
1412,,2279408463.0,,0,0,0,蓝V,https://bmcpsychiatry.biomedcentral.com/articles/10.1186/s12888-022-04289-0?utm_medium=organic_social&utm_source=weibo&utm_campaign=CONR_JRNLS_ENGM_AP_CNCM_002EC_editpick,https://bmcpsychiatry.biomedcentral.com/articles/10.1186/s12888-022-04289-0?utm_medium=organic_social&utm_source=weibo&utm_campaign=CONR_JRNLS_ENGM_AP_CNCM_002EC_editpick,True,high,DOI,10.1186/s12888-022-04289-0?utm_medium=organic_social&utm_source=weibo&utm_campaign=CONR_JRNLS_ENGM_AP_CNCM_002EC_editpick,DOI
1413,,1870858943.0,,0,0,0,蓝V,https://www.aminer.cn/pub/648bde68d68f896efaf818e9/dorsal-diffusion-for-object-centric-representations-of-scenes-textit-et-al,https://www.aminer.cn/pub/648bde68d68f896efaf818e9/dorsal-diffusion-for-object-centric-representations-of-scenes-textit-et-al,True,high,AMiner,,AMiner
1414,,1870858943.0,,0,0,0,蓝V,https://www.aminer.cn/pub/648bde84d68f896efaf827be/chessgpt-bridging-policy-learning-and-language-modeling,https://www.aminer.cn/pub/648bde84d68f896efaf827be/chessgpt-bridging-policy-learning-and-language-modeling,True,high,AMiner,,AMiner
1415,,1870858943.0,,0,0,0,蓝V,https://www.aminer.cn/pub/648bde68d68f896efaf81b27/assistgpt-a-general-multi-modal-assistant-that-can-plan-execute-inspect-and,https://www.aminer.cn/pub/648bde68d68f896efaf81b27/assistgpt-a-general-multi-modal-assistant-that-can-plan-execute-inspect-and,True,high,AMiner,,AMiner
1416,,6433304918.0,,0,0,0,蓝V,https://arxiv.org/pdf/2305.15062.pdf,https://arxiv.org/pdf/2305.15062.pdf,True,high,arXiv,,arXiv
1417,,6433304918.0,,0,0,0,蓝V,https://arxiv.org/pdf/2305.14688.pdf,https://arxiv.org/pdf/2305.14688.pdf,True,high,arXiv,,arXiv
1418,,1870858943.0,,0,0,0,蓝V,https://www.aminer.cn/pub/64990cd0d68f896efaf85d0d/bring-your-own-data-self-supervised-evaluation-for-large-language-models,https://www.aminer.cn/pub/64990cd0d68f896efaf85d0d/bring-your-own-data-self-supervised-evaluation-for-large-language-models,True,high,AMiner,,AMiner
1419,,1870858943.0,,0,0,0,蓝V,https://www.aminer.cn/pub/64990cd0d68f896efaf85cb2/scaling-mlps-a-tale-of-inductive-bias,https://www.aminer.cn/pub/64990cd0d68f896efaf85cb2/scaling-mlps-a-tale-of-inductive-bias,True,high,AMiner,,AMiner
1420,,6433304918.0,,0,0,0,蓝V,https://arxiv.org/pdf/2207.12647.pdf,https://arxiv.org/pdf/2207.12647.pdf,True,high,arXiv,,arXiv
1421,,6433304918.0,,0,0,0,蓝V,https://arxiv.org/pdf/2306.04031.pdf,https://arxiv.org/pdf/2306.04031.pdf,True,high,arXiv,,arXiv
1422,,6433304918.0,,0,0,0,蓝V,https://arxiv.org/pdf/2305.16380.pdf,https://arxiv.org/pdf/2305.16380.pdf,True,high,arXiv,,arXiv
1423,,6433304918.0,,0,0,0,蓝V,https://arxiv.org/pdf/2306.04349.pdf,https://arxiv.org/pdf/2306.04349.pdf,True,high,arXiv,,arXiv
1424,,1870858943.0,,0,0,0,蓝V,https://www.aminer.cn/pub/649a5e2ad68f896efad84678/,https://www.aminer.cn/pub/649a5e2ad68f896efad84678/,True,high,AMiner,,AMiner
1424,,1870858943.0,,0,0,0,蓝V,https://www.aminer.cn/pub/649aab8d4971e933db96dac8/,https://www.aminer.cn/pub/649aab8d4971e933db96dac8/,True,high,AMiner,,AMiner
1424,,1870858943.0,,0,0,0,蓝V,https://www.aminer.cn/pub/6493c733d68f896efad19b23/,https://www.aminer.cn/pub/6493c733d68f896efad19b23/,True,high,AMiner,,AMiner
1424,,1870858943.0,,0,0,0,蓝V,https://www.aminer.cn/pub/64951856d68f896efa1ef486/,https://www.aminer.cn/pub/64951856d68f896efa1ef486/,True,high,AMiner,,AMiner
1424,,1870858943.0,,0,0,0,蓝V,https://www.aminer.cn/pub/6492754ad68f896efa88afbd/,https://www.aminer.cn/pub/6492754ad68f896efa88afbd/,True,high,AMiner,,AMiner
1424,,1870858943.0,,0,0,0,蓝V,https://www.aminer.cn/pub/6492754ad68f896efa88aff5/,https://www.aminer.cn/pub/6492754ad68f896efa88aff5/,True,high,AMiner,,AMiner
1424,,1870858943.0,,0,0,0,蓝V,https://www.aminer.cn/pub/64927546d68f896efa88a179/,https://www.aminer.cn/pub/64927546d68f896efa88a179/,True,high,AMiner,,AMiner
1424,,1870858943.0,,0,0,0,蓝V,https://www.aminer.cn/pub/648fd298d68f896efa1639fc/,https://www.aminer.cn/pub/648fd298d68f896efa1639fc/,True,high,AMiner,,AMiner
1424,,1870858943.0,,0,0,0,蓝V,https://www.aminer.cn/pub/648fd298d68f896efa163b39/,https://www.aminer.cn/pub/648fd298d68f896efa163b39/,True,high,AMiner,,AMiner
1425,,1870858943.0,,0,0,0,蓝V,https://www.aminer.cn/pub/649d037dd68f896efa456830/diffcomplete-diffusion-based-generative-d-shape-completion,https://www.aminer.cn/pub/649d037dd68f896efa456830/diffcomplete-diffusion-based-generative-d-shape-completion,True,high,AMiner,,AMiner
1426,,1870858943.0,,0,0,0,蓝V,https://www.aminer.cn/pub/649bb0eed68f896efa4dde51/clipa-v-scaling-clip-training-with-zero-shot-imagenet-accuracy-within-a,https://www.aminer.cn/pub/649bb0eed68f896efa4dde51/clipa-v-scaling-clip-training-with-zero-shot-imagenet-accuracy-within-a,True,high,AMiner,,AMiner
1427,,1870858943.0,,0,0,0,蓝V,https://www.aminer.cn/pub/649bb0eed68f896efa4dde10/extending-context-window-of-large-language-models-via-positional-interpolation,https://www.aminer.cn/pub/649bb0eed68f896efa4dde10/extending-context-window-of-large-language-models-via-positional-interpolation,True,high,AMiner,,AMiner
1428,,1870858943.0,,0,0,0,蓝V,https://www.aminer.cn/pub/649bb0eed68f896efa4ddd75/are-aligned-neural-networks-adversarially-aligned,https://www.aminer.cn/pub/649bb0eed68f896efa4ddd75/are-aligned-neural-networks-adversarially-aligned,True,high,AMiner,,AMiner
1429,,1870858943.0,,0,0,0,蓝V,https://www.aminer.cn/pub/649aab8d4971e933db96dac8,https://www.aminer.cn/pub/649aab8d4971e933db96dac8,True,high,AMiner,,AMiner
1430,,1870858943.0,,0,0,0,蓝V,https://www.aminer.cn/pub/649a5e2ad68f896efad84678/language-models-are-weak-learners,https://www.aminer.cn/pub/649a5e2ad68f896efad84678/language-models-are-weak-learners,True,high,AMiner,,AMiner
1431,,1870858943.0,,0,0,0,蓝V,https://www.aminer.cn/pub/649a5e2ad68f896efad846b2/domainstudio-fine-tuning-diffusion-models-for-domain-driven-image-generation-using-limited,https://www.aminer.cn/pub/649a5e2ad68f896efad846b2/domainstudio-fine-tuning-diffusion-models-for-domain-driven-image-generation-using-limited,True,high,AMiner,,AMiner
1432,,6433304918.0,,0,0,0,蓝V,https://arxiv.org/abs/2306.08302v1,https://arxiv.org/abs/2306.08302v1,True,high,arXiv,,arXiv
1433,,1870858943.0,,0,0,0,蓝V,https://www.aminer.cn/pub/648fd283d68f896efa162aa0,https://www.aminer.cn/pub/648fd283d68f896efa162aa0,True,high,AMiner,,AMiner
1434,,1894295570.0,,0,0,0,蓝V,https://www.scirp.org/journal/paperinformation.aspx?paperid=125546&utm_campaign=weibo&utm_medium=chenling,https://www.scirp.org/journal/paperinformation.aspx?paperid=125546&utm_campaign=weibo&utm_medium=chenling,True,high,SCIRP 美国科研出版社,,SCIRP 美国科研出版社
1435,,1676317545.0,,0,0,0,蓝V,https://arxiv.org/abs/2306.03901,https://arxiv.org/abs/2306.03901,True,high,arXiv,,arXiv
1436,,1870858943.0,,0,0,0,蓝V,https://www.aminer.cn/pub/649bb0eed68f896efa4dde30/leandojo-theorem-proving-with-retrieval-augmented-language-models,https://www.aminer.cn/pub/649bb0eed68f896efa4dde30/leandojo-theorem-proving-with-retrieval-augmented-language-models,True,high,AMiner,,AMiner
1437,,1870858943.0,,0,0,0,蓝V,https://www.aminer.cn/pub/649a5e2ad68f896efad847ff/dragdiffusion-harnessing-diffusion-models-for-interactive-point-based-image-editing,https://www.aminer.cn/pub/649a5e2ad68f896efad847ff/dragdiffusion-harnessing-diffusion-models-for-interactive-point-based-image-editing,True,high,AMiner,,AMiner
1438,,1870858943.0,,0,0,0,蓝V,https://www.aminer.cn/pub/6492754ad68f896efa88affd/robocat-a-self-improving-foundation-agent-for-robotic-manipulation,https://www.aminer.cn/pub/6492754ad68f896efa88affd/robocat-a-self-improving-foundation-agent-for-robotic-manipulation,True,high,AMiner,,AMiner
1439,,1870858943.0,,0,0,0,蓝V,https://www.aminer.cn/pub/64927546d68f896efa88a1e2/repofusion-training-code-models-to-understand-your-repository,https://www.aminer.cn/pub/64927546d68f896efa88a1e2/repofusion-training-code-models-to-understand-your-repository,True,high,AMiner,,AMiner
1440,,6433304918.0,,0,0,0,蓝V,https://arxiv.org/pdf/2306.09200.pdf,https://arxiv.org/pdf/2306.09200.pdf,True,high,arXiv,,arXiv
1441,,1729014640.0,,0,0,0,蓝V,https://www.nature.com/articles/s41467-023-38715-y,https://www.nature.com/articles/s41467-023-38715-y,True,high,Nature,,Nature
1442,,1870858943.0,,0,0,0,蓝V,https://www.aminer.cn/pub/649d037dd68f896efa456882/towards-language-models-that-can-see-computer-vision-through-the-lens-of,https://www.aminer.cn/pub/649d037dd68f896efa456882/towards-language-models-that-can-see-computer-vision-through-the-lens-of,True,high,AMiner,,AMiner
1443,,6433304918.0,,0,0,0,蓝V,https://arxiv.org/pdf/2306.14035.pdf,https://arxiv.org/pdf/2306.14035.pdf,True,high,arXiv,,arXiv
1444,,1870858943.0,,0,0,0,蓝V,https://www.aminer.cn/pub/649bb0eed68f896efa4dde5b/physion-evaluating-physical-scene-understanding-that-requires-online-inference-of-different-physical,https://www.aminer.cn/pub/649bb0eed68f896efa4dde5b/physion-evaluating-physical-scene-understanding-that-requires-online-inference-of-different-physical,True,high,AMiner,,AMiner
1445,,1870858943.0,,0,0,0,蓝V,https://www.aminer.cn/pub/649bb0eed68f896efa4ddc09/mimic-masked-image-modeling-with-image-correspondences,https://www.aminer.cn/pub/649bb0eed68f896efa4ddc09/mimic-masked-image-modeling-with-image-correspondences,True,high,AMiner,,AMiner
1446,,6433304918.0,,0,0,0,蓝V,https://arxiv.org/abs/2306.03901,https://arxiv.org/abs/2306.03901,True,high,arXiv,,arXiv
1447,,5633464636.0,,0,0,0,蓝V,https://www.science.org/doi/10.1126/sciadv.adg4011,https://www.science.org/doi/10.1126/sciadv.adg4011,True,high,DOI,10.1126/sciadv.adg4011,DOI
1448,,7724109384.0,,0,0,0,蓝V,https://arxiv.org/abs/2305.16765,https://arxiv.org/abs/2305.16765,True,high,arXiv,,arXiv
1449,,2427364747.0,,0,0,0,蓝V,http://doi.org/10.1016/j.ccell.2023.05.010,http://doi.org/10.1016/j.ccell.2023.05.010,True,high,DOI,10.1016/j.ccell.2023.05.010,DOI
1450,,1894295570.0,,0,0,0,蓝V,https://www.scirp.org/journal/paperinformation.aspx?paperid=125891&utm_campaign=weibo&utm_medium=chenling,https://www.scirp.org/journal/paperinformation.aspx?paperid=125891&utm_campaign=weibo&utm_medium=chenling,True,high,SCIRP 美国科研出版社,,SCIRP 美国科研出版社
1451,,6433304918.0,,0,0,0,蓝V,https://arxiv.org/pdf/2306.14101.pdf,https://arxiv.org/pdf/2306.14101.pdf,True,high,arXiv,,arXiv
1452,,6433304918.0,,0,0,0,蓝V,https://arxiv.org/pdf/2306.13421.pdf,https://arxiv.org/pdf/2306.13421.pdf,True,high,arXiv,,arXiv
1453,,6433304918.0,,0,0,0,蓝V,https://arxiv.org/pdf/2306.03514.pdf,https://arxiv.org/pdf/2306.03514.pdf,True,high,arXiv,,arXiv
1454,,1830516311.0,,0,0,0,普通用户,https://arxiv.org/abs/2305.18703,https://arxiv.org/abs/2305.18703,True,high,arXiv,,arXiv
1455,,5976873363.0,,0,0,0,普通用户,https://agupubs.onlinelibrary.wiley.com/doi/10.1029/2023GL103509,https://agupubs.onlinelibrary.wiley.com/doi/10.1029/2023GL103509,True,high,DOI,10.1029/2023GL103509,DOI
1456,,6433304918.0,,0,0,0,蓝V,https://arxiv.org/pdf/2306.13292.pdf,https://arxiv.org/pdf/2306.13292.pdf,True,high,arXiv,,arXiv
1457,,1729014640.0,,0,0,0,蓝V,https://www.nature.com/articles/s41561-023-01208-0,https://www.nature.com/articles/s41561-023-01208-0,True,high,Nature,,Nature
1458,,2427364747.0,,0,0,0,蓝V,https://www.nature.com/articles/s41561-023-01208-0,https://www.nature.com/articles/s41561-023-01208-0,True,high,Nature,,Nature
1459,,6433304918.0,,0,0,0,蓝V,https://arxiv.org/abs/2305.16960,https://arxiv.org/abs/2305.16960,True,high,arXiv,,arXiv
1460,,1870858943.0,,0,0,0,蓝V,https://www.aminer.cn/pub/648151f0d68f896efa68792c/m-it-a-large-scale-dataset-towards-multi-modal-multilingual-instruction-tuning?f=wb,https://www.aminer.cn/pub/648151f0d68f896efa68792c/m-it-a-large-scale-dataset-towards-multi-modal-multilingual-instruction-tuning?f=wb,True,high,AMiner,,AMiner
1461,,5953063530.0,,0,0,0,普通用户,http://www.iapjournals.ac.cn/dqkx/cn/article/doi/10.3878/j.issn.1006-9895.2201.21081?viewType=HTML,http://www.iapjournals.ac.cn/dqkx/cn/article/doi/10.3878/j.issn.1006-9895.2201.21081?viewType=HTML,True,high,DOI,10.3878/j.issn.1006-9895.2201.21081?viewType=HTML,DOI
1462,,6433304918.0,,0,0,0,蓝V,https://arxiv.org/pdf/2305.13230.pdf,https://arxiv.org/pdf/2305.13230.pdf,True,high,arXiv,,arXiv
1463,,6433304918.0,,0,0,0,蓝V,https://arxiv.org/pdf/2306.04031.pdf,https://arxiv.org/pdf/2306.04031.pdf,True,high,arXiv,,arXiv
1464,,1870858943.0,,0,0,0,蓝V,https://www.aminer.cn/pub/648151f0d68f896efa6877c6/certified-reasoning-with-language-models?f=wb,https://www.aminer.cn/pub/648151f0d68f896efa6877c6/certified-reasoning-with-language-models?f=wb,True,high,AMiner,,AMiner
1465,,1870858943.0,,0,0,0,蓝V,https://www.aminer.cn/pub/648151f0d68f896efa6877d9/llmzip-lossless-text-compression-using-large-language-models?f=wb,https://www.aminer.cn/pub/648151f0d68f896efa6877d9/llmzip-lossless-text-compression-using-large-language-models?f=wb,True,high,AMiner,,AMiner
1466,,1870858943.0,,0,0,0,蓝V,https://www.aminer.cn/pub/648151f0d68f896efa687892/mobilenmt-enabling-translation-in-mb-and-ms?f=wb,https://www.aminer.cn/pub/648151f0d68f896efa687892/mobilenmt-enabling-translation-in-mb-and-ms?f=wb,True,high,AMiner,,AMiner
1467,,1870858943.0,,0,0,0,蓝V,https://www.aminer.cn/pub/648697e6d68f896efaa879da/mind-web-towards-a-generalist-agent-for-the-web,https://www.aminer.cn/pub/648697e6d68f896efaa879da/mind-web-towards-a-generalist-agent-for-the-web,True,high,AMiner,,AMiner
1468,,1870858943.0,,0,0,0,蓝V,https://www.aminer.cn/pub/648697e6d68f896efaa87862/embodied-executable-policy-learning-with-language-based-scene-summarization,https://www.aminer.cn/pub/648697e6d68f896efaa87862/embodied-executable-policy-learning-with-language-based-scene-summarization,True,high,AMiner,,AMiner
1469,,1870858943.0,,0,0,0,蓝V,https://www.aminer.cn/pub/648697dfd68f896efaa8766e/boot-data-free-distillation-of-denoising-diffusion-models-with-bootstrapping,https://www.aminer.cn/pub/648697dfd68f896efaa8766e/boot-data-free-distillation-of-denoising-diffusion-models-with-bootstrapping,True,high,AMiner,,AMiner
1470,,5510110713.0,,0,0,0,蓝V,https://doi.org/10.1016/j.devcel.2022.06.005,https://doi.org/10.1016/j.devcel.2022.06.005,True,high,DOI,10.1016/j.devcel.2022.06.005,DOI
1471,,1870858943.0,,0,0,0,蓝V,https://www.aminer.cn/pub/6481884993eaf7045294a0c4?f=wb,https://www.aminer.cn/pub/6481884993eaf7045294a0c4?f=wb,True,high,AMiner,,AMiner
1472,,5976873363.0,,0,0,0,普通用户,https://www.nature.com/articles/s41467-023-37588-5,https://www.nature.com/articles/s41467-023-37588-5,True,high,Nature,,Nature
1473,,5976873363.0,,0,0,0,普通用户,https://www.cell.com/cancer-cell/fulltext/S1535-6108(23)00177-0,https://www.cell.com/cancer-cell/fulltext/S1535-6108(23)00177-0,True,high,CELL PRESS,,CELL PRESS
1474,,1870858943.0,,0,0,0,蓝V,https://www.aminer.cn/pub/647d5ee0d68f896efa5969c6/fine-grained-human-feedback-gives-better-rewards-for-language-model-training?f=wb,https://www.aminer.cn/pub/647d5ee0d68f896efa5969c6/fine-grained-human-feedback-gives-better-rewards-for-language-model-training?f=wb,True,high,AMiner,,AMiner
1475,,1870858943.0,,0,0,0,蓝V,https://www.aminer.cn/pub/647817b2d68f896efa850fd4/chatgpt-an-enfj-bard-an-istj-empirical-study-on-personalities-of-large?f=wb,https://www.aminer.cn/pub/647817b2d68f896efa850fd4/chatgpt-an-enfj-bard-an-istj-empirical-study-on-personalities-of-large?f=wb,True,high,AMiner,,AMiner
1476,,5329434101.0,,0,0,0,蓝V,https://www.nature.com/articles/s41586-023-06098-1?utm_medium=organic_social&utm_source=weibo&utm_campaign=CONR_PF020_ENGM_AP_CNCM_002EB_weeklybrf,https://www.nature.com/articles/s41586-023-06098-1?utm_medium=organic_social&utm_source=weibo&utm_campaign=CONR_PF020_ENGM_AP_CNCM_002EB_weeklybrf,True,high,Nature,,Nature
1477,,1870858943.0,,0,0,0,蓝V,https://www.aminer.cn/pub/647d5ee0d68f896efa5969f1/dataseg-taming-a-universal-multi-dataset-multi-task-segmentation-model?f=wb,https://www.aminer.cn/pub/647d5ee0d68f896efa5969f1/dataseg-taming-a-universal-multi-dataset-multi-task-segmentation-model?f=wb,True,high,AMiner,,AMiner
1478,,1870858943.0,,0,0,0,蓝V,https://www.aminer.cn/pub/647d5ee0d68f896efa59677a/the-refinedweb-dataset-for-falcon-llm-outperforming-curated-corpora-with-web-data?f=wb,https://www.aminer.cn/pub/647d5ee0d68f896efa59677a/the-refinedweb-dataset-for-falcon-llm-outperforming-curated-corpora-with-web-data?f=wb,True,high,AMiner,,AMiner
1479,,1870858943.0,,0,0,0,蓝V,https://www.aminer.cn/pub/647d5ee0d68f896efa5969bd/harnessing-large-language-models-to-generate-private-synthetic-text?f=wb,https://www.aminer.cn/pub/647d5ee0d68f896efa5969bd/harnessing-large-language-models-to-generate-private-synthetic-text?f=wb,True,high,AMiner,,AMiner
1480,,3710258141.0,,0,0,0,金V,https://journals.aps.org/prx/abstract/10.1103/PhysRevX.12.021037,https://journals.aps.org/prx/abstract/10.1103/PhysRevX.12.021037,True,high,DOI,10.1103/PhysRevX.12.021037,DOI
1480,,3710258141.0,,0,0,0,金V,https://arxiv.org/abs/2209.14353,https://arxiv.org/abs/2209.14353,True,high,arXiv,,arXiv
1481,,1404601825.0,,0,0,0,普通用户,https://arxiv.org/abs/2306.02561,https://arxiv.org/abs/2306.02561,True,high,arXiv,,arXiv
1482,,6433304918.0,,0,0,0,蓝V,https://arxiv.org/pdf/2306.03872.pdf,https://arxiv.org/pdf/2306.03872.pdf,True,high,arXiv,,arXiv
1483,,1870858943.0,,0,0,0,蓝V,https://www.aminer.cn/pub/6482a38ed68f896efa8db3ef/optimizing-vivit-training-time-and-memory-reduction-for-action-recognition,https://www.aminer.cn/pub/6482a38ed68f896efa8db3ef/optimizing-vivit-training-time-and-memory-reduction-for-action-recognition,True,high,AMiner,,AMiner
1484,,1870858943.0,,0,0,0,蓝V,https://www.aminer.cn/pub/6482a38fd68f896efa8db6aa/grounded-text-to-image-synthesis-with-attention-refocusing,https://www.aminer.cn/pub/6482a38fd68f896efa8db6aa/grounded-text-to-image-synthesis-with-attention-refocusing,True,high,AMiner,,AMiner
1485,,1870858943.0,,0,0,0,蓝V,https://www.aminer.cn/pub/6482a38ed68f896efa8db3a7/how-far-can-camels-go-exploring-the-state-of-instruction-tuning-on,https://www.aminer.cn/pub/6482a38ed68f896efa8db3a7/how-far-can-camels-go-exploring-the-state-of-instruction-tuning-on,True,high,AMiner,,AMiner
1486,,1870858943.0,,0,0,0,蓝V,https://www.aminer.cn/pub/6482a38ed68f896efa8db4ba/t-l-translate-and-test-transfer-learning-for-cross-lingual-text-classification,https://www.aminer.cn/pub/6482a38ed68f896efa8db4ba/t-l-translate-and-test-transfer-learning-for-cross-lingual-text-classification,True,high,AMiner,,AMiner
1487,,1870858943.0,,0,0,0,蓝V,https://www.aminer.cn/pub/6482a38ed68f896efa8db467/covllm-large-language-models-for-covid-biomedical-literature,https://www.aminer.cn/pub/6482a38ed68f896efa8db467/covllm-large-language-models-for-covid-biomedical-literature,True,high,AMiner,,AMiner
1488,,1870858943.0,,0,0,0,蓝V,https://www.aminer.cn/pub/647d5ee0d68f896efa596943/segment-anything-in-high-quality?f=wb,https://www.aminer.cn/pub/647d5ee0d68f896efa596943/segment-anything-in-high-quality?f=wb,True,high,AMiner,,AMiner
1489,,1870858943.0,,0,0,0,蓝V,https://www.aminer.cn/pub/647d5ee0d68f896efa59685a?f=wb,https://www.aminer.cn/pub/647d5ee0d68f896efa59685a?f=wb,True,high,AMiner,,AMiner
1490,,1870858943.0,,0,0,0,蓝V,https://www.aminer.cn/pub/647eaf51d68f896efad41e8d/pokemonchat-auditing-chatgpt-for-pok-emon-universe-knowledge?f=wb,https://www.aminer.cn/pub/647eaf51d68f896efad41e8d/pokemonchat-auditing-chatgpt-for-pok-emon-universe-knowledge?f=wb,True,high,AMiner,,AMiner
1491,,1870858943.0,,0,0,0,蓝V,https://www.aminer.cn/pub/647eaf51d68f896efad41e62/polyvoice-language-models-for-speech-to-speech-translation?f=wb,https://www.aminer.cn/pub/647eaf51d68f896efad41e62/polyvoice-language-models-for-speech-to-speech-translation?f=wb,True,high,AMiner,,AMiner
1492,,1870858943.0,,0,0,0,蓝V,https://www.aminer.cn/pub/647eaf35d68f896efad4093e/a-technical-report-for-polyglot-ko-open-source-large-scale-korean-language?f=wb,https://www.aminer.cn/pub/647eaf35d68f896efad4093e/a-technical-report-for-polyglot-ko-open-source-large-scale-korean-language?f=wb,True,high,AMiner,,AMiner
1493,,1870858943.0,,0,0,0,蓝V,https://www.aminer.cn/pub/647eaf51d68f896efad41de7/video-llama-an-instruction-tuned-audio-visual-language-model-for-video-understanding?f=wb,https://www.aminer.cn/pub/647eaf51d68f896efad41de7/video-llama-an-instruction-tuned-audio-visual-language-model-for-video-understanding?f=wb,True,high,AMiner,,AMiner
1494,,1870858943.0,,0,0,0,蓝V,https://www.aminer.cn/pub/647eaf51d68f896efad41ec7/instructzero-efficient-instruction-optimization-for-black-box-large-language-models?f=wb,https://www.aminer.cn/pub/647eaf51d68f896efad41ec7/instructzero-efficient-instruction-optimization-for-black-box-large-language-models?f=wb,True,high,AMiner,,AMiner
1495,,1870858943.0,,0,0,0,蓝V,https://www.aminer.cn/pub/647eaf51d68f896efad41cbc/llm-blender-ensembling-large-language-models-with-pairwise-ranking-and-generative-fusion?f=wb,https://www.aminer.cn/pub/647eaf51d68f896efad41cbc/llm-blender-ensembling-large-language-models-with-pairwise-ranking-and-generative-fusion?f=wb,True,high,AMiner,,AMiner
1496,,1870858943.0,,0,0,0,蓝V,https://www.aminer.cn/pub/6482a38fd68f896efa8db6a3/scaling-spherical-cnns?f=wb,https://www.aminer.cn/pub/6482a38fd68f896efa8db6a3/scaling-spherical-cnns?f=wb,True,high,AMiner,,AMiner
1497,,1870858943.0,,0,0,0,蓝V,https://www.aminer.cn/pub/647eaf51d68f896efad41e9b/headsculpt-crafting-d-head-avatars-with-text?f=wb,https://www.aminer.cn/pub/647eaf51d68f896efad41e9b/headsculpt-crafting-d-head-avatars-with-text?f=wb,True,high,AMiner,,AMiner
1498,,1870858943.0,,0,0,0,蓝V,https://www.aminer.cn/pub/647eaf51d68f896efad41c9d/planner-generating-diversified-paragraph-via-latent-language-diffusion-model?f=wb,https://www.aminer.cn/pub/647eaf51d68f896efad41c9d/planner-generating-diversified-paragraph-via-latent-language-diffusion-model?f=wb,True,high,AMiner,,AMiner
1499,,6433304918.0,,0,0,0,蓝V,https://arxiv.org/pdf/2306.10231.pdf,https://arxiv.org/pdf/2306.10231.pdf,True,high,arXiv,,arXiv
1500,,2427364747.0,,0,0,0,蓝V,https://pubs.geoscienceworld.org/gsa/geology/article/doi/10.1130/G51095.1/623830/Hadean-tectonics-Insights-from-machine-learning,https://pubs.geoscienceworld.org/gsa/geology/article/doi/10.1130/G51095.1/623830/Hadean-tectonics-Insights-from-machine-learning,True,high,DOI,10.1130/G51095.1/623830/Hadean-tectonics-Insights-from-machine-learning,DOI
1501,,2427364747.0,,0,0,0,蓝V,https://www.nature.com/articles/s41588-023-01399-7,https://www.nature.com/articles/s41588-023-01399-7,True,high,Nature,,Nature
1502,,2427364747.0,,0,0,0,蓝V,https://doi.org/10.1111/gcb.16667,https://doi.org/10.1111/gcb.16667,True,high,DOI,10.1111/gcb.16667,DOI
1503,,1870858943.0,,0,0,0,蓝V,https://www.aminer.cn/pub/647eaf35d68f896efad40795/binary-and-ternary-natural-language-generation?f=wb,https://www.aminer.cn/pub/647eaf35d68f896efad40795/binary-and-ternary-natural-language-generation?f=wb,True,high,AMiner,,AMiner
1504,,1727858283.0,,0,0,0,金V,https://arxiv.org/pdf/2306.16092.pdf,https://arxiv.org/pdf/2306.16092.pdf,True,high,arXiv,,arXiv
1505,,6433304918.0,,0,0,0,蓝V,https://arxiv.org/abs/2306.04640,https://arxiv.org/abs/2306.04640,True,high,arXiv,,arXiv
1506,,1764919567.0,,0,0,0,红V,https://arxiv.org/abs/2306.03777,https://arxiv.org/abs/2306.03777,True,high,arXiv,,arXiv
1507,,1870858943.0,,0,0,0,蓝V,https://www.aminer.cn/pub/647817b2d68f896efa851040/tree-ring-watermarks-fingerprints-for-diffusion-images-that-are-invisible-and-robust?f=wb,https://www.aminer.cn/pub/647817b2d68f896efa851040/tree-ring-watermarks-fingerprints-for-diffusion-images-that-are-invisible-and-robust?f=wb,True,high,AMiner,,AMiner
1508,,1870858943.0,,0,0,0,蓝V,https://www.aminer.cn/pub/647817b2d68f896efa851078/understanding-and-mitigating-copying-in-diffusion-models?f=wb,https://www.aminer.cn/pub/647817b2d68f896efa851078/understanding-and-mitigating-copying-in-diffusion-models?f=wb,True,high,AMiner,,AMiner
1509,,1870858943.0,,0,0,0,蓝V,https://www.aminer.cn/pub/647817b2d68f896efa85102c/human-or-not-a-gamified-approach-to-the-turing-test?f=wb,https://www.aminer.cn/pub/647817b2d68f896efa85102c/human-or-not-a-gamified-approach-to-the-turing-test?f=wb,True,high,AMiner,,AMiner
1510,,1870858943.0,,0,0,0,蓝V,https://www.aminer.cn/pub/647817b2d68f896efa85107a/improving-clip-training-with-language-rewrites?f=wb,https://www.aminer.cn/pub/647817b2d68f896efa85107a/improving-clip-training-with-language-rewrites?f=wb,True,high,AMiner,,AMiner
1511,,1870858943.0,,0,0,0,蓝V,https://www.aminer.cn/pub/647eaf35d68f896efad4072a/gpt-models-meet-robotic-applications-co-speech-gesturing-chat-system?f=wb,https://www.aminer.cn/pub/647eaf35d68f896efad4072a/gpt-models-meet-robotic-applications-co-speech-gesturing-chat-system?f=wb,True,high,AMiner,,AMiner
1512,,1870858943.0,,0,0,0,蓝V,https://www.aminer.cn/pub/6464afe9d68f896efa356974/neuralangelo-high-fidelity-neural-surface-reconstruction?f=wb,https://www.aminer.cn/pub/6464afe9d68f896efa356974/neuralangelo-high-fidelity-neural-surface-reconstruction?f=wb,True,high,AMiner,,AMiner
1513,,1870858943.0,,0,0,0,蓝V,https://www.aminer.cn/pub/64796914d68f896efa13491a/thought-cloning-learning-to-think-while-acting-by-imitating-human-thinking?f=wb,https://www.aminer.cn/pub/64796914d68f896efa13491a/thought-cloning-learning-to-think-while-acting-by-imitating-human-thinking?f=wb,True,high,AMiner,,AMiner
1514,,1870858943.0,,0,0,0,蓝V,https://www.aminer.cn/pub/648000a9d68f896efaa12464/mega-tts-zero-shot-text-to-speech-at-scale-with-intrinsic-inductive?f=wb,https://www.aminer.cn/pub/648000a9d68f896efaa12464/mega-tts-zero-shot-text-to-speech-at-scale-with-intrinsic-inductive?f=wb,True,high,AMiner,,AMiner
1515,,1894295570.0,,0,0,0,蓝V,https://www.scirp.org/journal/paperinformation.aspx?paperid=125811&utm_campaign=weibo&utm_medium=chenling,https://www.scirp.org/journal/paperinformation.aspx?paperid=125811&utm_campaign=weibo&utm_medium=chenling,True,high,SCIRP 美国科研出版社,,SCIRP 美国科研出版社
1516,,2427364747.0,,0,0,0,蓝V,https://www.nature.com/articles/s41586-023-06058-9,https://www.nature.com/articles/s41586-023-06058-9,True,high,Nature,,Nature
1517,,1870858943.0,,0,0,0,蓝V,https://www.aminer.cn/pub/648000a9d68f896efaa12469/recognize-anything-a-strong-image-tagging-model?f=wb,https://www.aminer.cn/pub/648000a9d68f896efaa12469/recognize-anything-a-strong-image-tagging-model?f=wb,True,high,AMiner,,AMiner
1518,,1870858943.0,,0,0,0,蓝V,https://www.aminer.cn/pub/646465fdd68f896efa19517b/pre-training-to-learn-in-context?f=wb,https://www.aminer.cn/pub/646465fdd68f896efa19517b/pre-training-to-learn-in-context?f=wb,True,high,AMiner,,AMiner
1519,,1870858943.0,,0,0,0,蓝V,https://www.aminer.cn/pub/64659ad1d68f896efa875298/a-survey-on-zero-pronoun-translation?f=wb,https://www.aminer.cn/pub/64659ad1d68f896efa875298/a-survey-on-zero-pronoun-translation?f=wb,True,high,AMiner,,AMiner
1520,,1870858943.0,,0,0,0,蓝V,https://www.aminer.cn/pub/6487ea09d68f896efa4833c4/scalable-d-captioning-with-pretrained-models?f=wb,https://www.aminer.cn/pub/6487ea09d68f896efa4833c4/scalable-d-captioning-with-pretrained-models?f=wb,True,high,AMiner,,AMiner
1521,,6433304918.0,,0,0,0,蓝V,https://arxiv.org/abs/2306.11816,https://arxiv.org/abs/2306.11816,True,high,arXiv,,arXiv
1522,,6433304918.0,,0,0,0,蓝V,https://arxiv.org/abs//2306.12156,https://arxiv.org/abs//2306.12156,True,high,arXiv,,arXiv
1523,,1729014640.0,,0,0,0,蓝V,https://doi.org/10.1126/science.adg9328,https://doi.org/10.1126/science.adg9328,True,high,DOI,10.1126/science.adg9328,DOI
1524,,1870858943.0,,0,0,0,蓝V,https://www.aminer.cn/pub/64796919d68f896efa134de2/llava-med-training-a-large-language-and-vision-assistant-for-biomedicine-in?f=wb,https://www.aminer.cn/pub/64796919d68f896efa134de2/llava-med-training-a-large-language-and-vision-assistant-for-biomedicine-in?f=wb,True,high,AMiner,,AMiner
1525,,1870858943.0,,0,0,0,蓝V,https://www.aminer.cn/pub/64796919d68f896efa134e2d/cocktail-mixing-multi-modality-controls-for-text-conditional-image-generation?f=wb,https://www.aminer.cn/pub/64796919d68f896efa134e2d/cocktail-mixing-multi-modality-controls-for-text-conditional-image-generation?f=wb,True,high,AMiner,,AMiner
1526,,6433304918.0,,0,0,0,蓝V,https://arxiv.org/abs/2305.16765,https://arxiv.org/abs/2305.16765,True,high,arXiv,,arXiv
1527,,6433304918.0,,0,0,0,蓝V,https://arxiv.org/abs/2212.10156,https://arxiv.org/abs/2212.10156,True,high,arXiv,,arXiv
1528,,6433304918.0,,0,0,0,蓝V,https://arxiv.org/pdf/2306.12672.pdf,https://arxiv.org/pdf/2306.12672.pdf,True,high,arXiv,,arXiv
1529,,6433304918.0,,0,0,0,蓝V,https://arxiv.org/pdf/2306.00802.pdf,https://arxiv.org/pdf/2306.00802.pdf,True,high,arXiv,,arXiv
1530,,7453555440.0,,0,0,0,普通用户,https://arxiv.org/pdf/2305.15408.pdf,https://arxiv.org/pdf/2305.15408.pdf,True,high,arXiv,,arXiv
1531,,1870858943.0,,0,0,0,蓝V,https://www.aminer.cn/pub/64796919d68f896efa134e43/diffusion-self-guidance-for-controllable-image-generation?f=wb,https://www.aminer.cn/pub/64796919d68f896efa134e43/diffusion-self-guidance-for-controllable-image-generation?f=wb,True,high,AMiner,,AMiner
1532,,1870858943.0,,0,0,0,蓝V,https://www.aminer.cn/pub/64796919d68f896efa134e18/make-your-video-customized-video-generation-using-textual-and-structural-guidance?f=wb,https://www.aminer.cn/pub/64796919d68f896efa134e18/make-your-video-customized-video-generation-using-textual-and-structural-guidance?f=wb,True,high,AMiner,,AMiner
1533,,1870858943.0,,0,0,0,蓝V,https://www.aminer.cn/pub/64796914d68f896efa134ac8/sql-palm-improved-large-language-modeladaptation-for-text-to-sql?f=wb,https://www.aminer.cn/pub/64796914d68f896efa134ac8/sql-palm-improved-large-language-modeladaptation-for-text-to-sql?f=wb,True,high,AMiner,,AMiner
1534,,1870858943.0,,0,0,0,蓝V,https://www.aminer.cn/pub/64796919d68f896efa134e46/hiera-a-hierarchical-vision-transformer-without-the-bells-and-whistles?f=wb,https://www.aminer.cn/pub/64796919d68f896efa134e46/hiera-a-hierarchical-vision-transformer-without-the-bells-and-whistles?f=wb,True,high,AMiner,,AMiner
1535,,1870858943.0,,0,0,0,蓝V,https://www.aminer.cn/pub/64796914d68f896efa134b07/birth-of-a-transformer-a-memory-viewpoint?f=wb,https://www.aminer.cn/pub/64796914d68f896efa134b07/birth-of-a-transformer-a-memory-viewpoint?f=wb,True,high,AMiner,,AMiner
1536,,1870858943.0,,0,0,0,蓝V,https://www.aminer.cn/pub/64796914d68f896efa13484a/safediffuser-safe-planning-with-diffusion-probabilistic-models?f=wb,https://www.aminer.cn/pub/64796914d68f896efa13484a/safediffuser-safe-planning-with-diffusion-probabilistic-models?f=wb,True,high,AMiner,,AMiner
1537,,1870858943.0,,0,0,0,蓝V,https://www.aminer.cn/pub/64796919d68f896efa134e06/inserting-anybody-in-diffusion-models-via-celeb-basis?f=wb,https://www.aminer.cn/pub/64796919d68f896efa134e06/inserting-anybody-in-diffusion-models-via-celeb-basis?f=wb,True,high,AMiner,,AMiner
1538,,1870858943.0,,0,0,0,蓝V,https://www.aminer.cn/pub/64796919d68f896efa134e41/stablerep-synthetic-images-from-text-to-image-models-make-strong-visual-representation?f=wb,https://www.aminer.cn/pub/64796919d68f896efa134e41/stablerep-synthetic-images-from-text-to-image-models-make-strong-visual-representation?f=wb,True,high,AMiner,,AMiner
1539,,1870858943.0,,0,0,0,蓝V,https://www.aminer.cn/pub/64796919d68f896efa134e40/styledrop-text-to-image-generation-in-any-style?f=wb,https://www.aminer.cn/pub/64796919d68f896efa134e40/styledrop-text-to-image-generation-in-any-style?f=wb,True,high,AMiner,,AMiner
1540,,3710258141.0,,0,0,0,金V,https://akjournals.com/view/journals/2006/aop/article-10.1556-2006.2023.00014/article-10.1556-2006.2023.00014.xml,https://akjournals.com/view/journals/2006/aop/article-10.1556-2006.2023.00014/article-10.1556-2006.2023.00014.xml,True,high,AKJournals,,AKJournals
1541,,6433304918.0,,0,0,0,蓝V,https://arxiv.org/abs/2306.06031,https://arxiv.org/abs/2306.06031,True,high,arXiv,,arXiv
1542,,1870858943.0,,0,0,0,蓝V,https://www.aminer.cn/pub/648697e6d68f896efaa879b3/fingpt-open-source-financial-large-language-models?f=wb,https://www.aminer.cn/pub/648697e6d68f896efaa879b3/fingpt-open-source-financial-large-language-models?f=wb,True,high,AMiner,,AMiner
1543,,1870858943.0,,0,0,0,蓝V,https://www.aminer.cn/pub/64796913d68f896efa1347be/brainformers-trading-simplicity-for-efficiency?f=wb,https://www.aminer.cn/pub/64796913d68f896efa1347be/brainformers-trading-simplicity-for-efficiency?f=wb,True,high,AMiner,,AMiner
1544,,1870858943.0,,0,0,0,蓝V,https://www.aminer.cn/pub/64796914d68f896efa1348a6/bytes-are-all-you-need-transformers-operating-directly-on-file-bytes?f=wb,https://www.aminer.cn/pub/64796914d68f896efa1348a6/bytes-are-all-you-need-transformers-operating-directly-on-file-bytes?f=wb,True,high,AMiner,,AMiner
1545,,1870858943.0,,0,0,0,蓝V,https://www.aminer.cn/pub/64796919d68f896efa134e3d/snapfusion-text-to-image-diffusion-model-on-mobile-devices-within-two-seconds?f=wb,https://www.aminer.cn/pub/64796919d68f896efa134e3d/snapfusion-text-to-image-diffusion-model-on-mobile-devices-within-two-seconds?f=wb,True,high,AMiner,,AMiner
1546,,1870858943.0,,0,0,0,蓝V,https://www.aminer.cn/pub/64781108b650407c48cfd9ba?f=wb,https://www.aminer.cn/pub/64781108b650407c48cfd9ba?f=wb,True,high,AMiner,,AMiner
1547,,1887344341.0,,0,0,0,蓝V,https://doi.org/10.1242/jcs.260976,https://doi.org/10.1242/jcs.260976,True,high,DOI,10.1242/jcs.260976,DOI
1547,,1887344341.0,,0,0,0,蓝V,https://doi.org/10.1038/s41467-023-38294-y,https://doi.org/10.1038/s41467-023-38294-y,True,high,DOI,10.1038/s41467-023-38294-y,DOI
1548,,5976873363.0,,0,0,0,普通用户,https://www.frontiersin.org/articles/10.3389/fnut.2023.1195045/full,https://www.frontiersin.org/articles/10.3389/fnut.2023.1195045/full,True,high,DOI,10.3389/fnut.2023.1195045/full,DOI
1549,,1727858283.0,,0,0,0,金V,https://arxiv.org/abs/2303.12712,https://arxiv.org/abs/2303.12712,True,high,arXiv,,arXiv
1550,,6974787068.0,,0,0,0,红V,https://arxiv.org/pdf/2307.09009.pdf,https://arxiv.org/pdf/2307.09009.pdf,True,high,arXiv,,arXiv
1551,,7724109384.0,,0,0,0,蓝V,https://openreview.net/forum?id=tRhQsHnoFw,https://openreview.net/forum?id=tRhQsHnoFw,True,high,openreview,,openreview
1552,,1870858943.0,,0,0,0,蓝V,https://www.aminer.cn/pub/64bf48f93fda6d7f0627475c/optimized-network-architectures-for-large-language-model-training-with-billions-of-parameters,https://www.aminer.cn/pub/64bf48f93fda6d7f0627475c/optimized-network-architectures-for-large-language-model-training-with-billions-of-parameters,True,high,AMiner,,AMiner
1553,,1812166904.0,,0,0,0,黄V,https://arxiv.org/pdf/2306.05179.pdf,https://arxiv.org/pdf/2306.05179.pdf,True,high,arXiv,,arXiv
1554,,1870858943.0,,0,0,0,蓝V,https://www.aminer.cn/pub/646d863cd68f896efa09f1bc/llm-grounded-diffusion-enhancing-prompt-understanding-of-text-to-image-diffusion-models,https://www.aminer.cn/pub/646d863cd68f896efa09f1bc/llm-grounded-diffusion-enhancing-prompt-understanding-of-text-to-image-diffusion-models,True,high,AMiner,,AMiner
1555,,1870858943.0,,0,0,0,蓝V,https://www.aminer.cn/pub/64bf49013fda6d7f062752c7/is-attention-all-you-need-in-medical-image-analysis-a-review,https://www.aminer.cn/pub/64bf49013fda6d7f062752c7/is-attention-all-you-need-in-medical-image-analysis-a-review,True,high,AMiner,,AMiner
1556,,1870858943.0,,0,0,0,蓝V,https://www.aminer.cn/pub/64c1ec613fda6d7f0639732f/e-vpt-an-effective-and-efficient-approach-for-visual-prompt-tuning,https://www.aminer.cn/pub/64c1ec613fda6d7f0639732f/e-vpt-an-effective-and-efficient-approach-for-visual-prompt-tuning,True,high,AMiner,,AMiner
1557,,1870858943.0,,0,0,0,蓝V,https://www.aminer.cn/pub/64b60eaa3fda6d7f06eaed33/tablegpt-towards-unifying-tables-nature-language-and-commands-into-one-gpt,https://www.aminer.cn/pub/64b60eaa3fda6d7f06eaed33/tablegpt-towards-unifying-tables-nature-language-and-commands-into-one-gpt,True,high,AMiner,,AMiner
1558,,6433304918.0,,0,0,0,蓝V,https://arxiv.org/abs/2307.10457,https://arxiv.org/abs/2307.10457,True,high,arXiv,,arXiv
1559,,6433304918.0,,0,0,0,蓝V,https://arxiv.org/pdf/2307.09668.pdf,https://arxiv.org/pdf/2307.09668.pdf,True,high,arXiv,,arXiv
1560,,6433304918.0,,0,0,0,蓝V,https://arxiv.org/abs/2307.10635,https://arxiv.org/abs/2307.10635,True,high,arXiv,,arXiv
1561,,6433304918.0,,0,0,0,蓝V,https://arxiv.org/abs/2307.10928,https://arxiv.org/abs/2307.10928,True,high,arXiv,,arXiv
1562,,1870858943.0,,0,0,0,蓝V,https://www.aminer.cn/pub/64b4bd0d3fda6d7f0654fb9a/,https://www.aminer.cn/pub/64b4bd0d3fda6d7f0654fb9a/,True,high,AMiner,,AMiner
1563,,6433304918.0,,0,0,0,蓝V,https://arxiv.org/abs/2203.11171,https://arxiv.org/abs/2203.11171,True,high,arXiv,,arXiv
1564,,6433304918.0,,0,0,0,蓝V,https://arxiv.org/abs/2306.05685,https://arxiv.org/abs/2306.05685,True,high,arXiv,,arXiv
1564,,6433304918.0,,0,0,0,蓝V,https://arxiv.org/pdf/2305.17926v1.pdf,https://arxiv.org/pdf/2305.17926v1.pdf,True,high,arXiv,,arXiv
1565,,6433304918.0,,0,0,0,蓝V,https://arxiv.org/abs/2306.11987,https://arxiv.org/abs/2306.11987,True,high,arXiv,,arXiv
1566,,1870858943.0,,0,0,0,蓝V,https://www.aminer.cn/pub/64b4bd093fda6d7f0654f518/,https://www.aminer.cn/pub/64b4bd093fda6d7f0654f518/,True,high,AMiner,,AMiner
1567,,6433304918.0,,0,0,0,蓝V,https://arxiv.org/pdf/2306.15595.pdf,https://arxiv.org/pdf/2306.15595.pdf,True,high,arXiv,,arXiv
1568,,6433304918.0,,0,0,0,蓝V,https://arxiv.org/abs/2307.10802,https://arxiv.org/abs/2307.10802,True,high,arXiv,,arXiv
1569,,6433304918.0,,0,0,0,蓝V,https://arxiv.org/pdf/2307.11088.pdf,https://arxiv.org/pdf/2307.11088.pdf,True,high,arXiv,,arXiv
1570,,6433304918.0,,0,0,0,蓝V,https://arxiv.org/pdf/2307.12973.pdf,https://arxiv.org/pdf/2307.12973.pdf,True,high,arXiv,,arXiv
1571,,1870858943.0,,0,0,0,蓝V,https://www.aminer.cn/pub/64b76c703fda6d7f068eed4c/biomaker-ca-a-biome-maker-project-using-cellular-automata,https://www.aminer.cn/pub/64b76c703fda6d7f068eed4c/biomaker-ca-a-biome-maker-project-using-cellular-automata,True,high,AMiner,,AMiner
1572,,1870858943.0,,0,0,0,蓝V,https://www.aminer.cn/pub/64b76c6a3fda6d7f068ee31b/how-is-chatgpt-s-behavior-changing-over-time,https://www.aminer.cn/pub/64b76c6a3fda6d7f068ee31b/how-is-chatgpt-s-behavior-changing-over-time,True,high,AMiner,,AMiner
1573,,6433304918.0,,0,0,0,蓝V,https://arxiv.org/pdf/2307.12983.pdf,https://arxiv.org/pdf/2307.12983.pdf,True,high,arXiv,,arXiv
1574,,3710258141.0,,0,0,0,金V,https://www.science.org/doi/10.1126/science.adg4084,https://www.science.org/doi/10.1126/science.adg4084,True,high,DOI,10.1126/science.adg4084,DOI
1575,,6433304918.0,,0,0,0,蓝V,https://arxiv.org/pdf/2307.06290.pdf,https://arxiv.org/pdf/2307.06290.pdf,True,high,arXiv,,arXiv
1576,,1870858943.0,,0,0,0,蓝V,https://www.aminer.cn/pub/64ae8ecebb296d05669f83c9/objaverse-xl-a-universe-of-m-d-objects,https://www.aminer.cn/pub/64ae8ecebb296d05669f83c9/objaverse-xl-a-universe-of-m-d-objects,True,high,AMiner,,AMiner
1577,,6433304918.0,,0,0,0,蓝V,https://arxiv.org/pdf/2307.04964.pdf,https://arxiv.org/pdf/2307.04964.pdf,True,high,arXiv,,arXiv
1578,,1870858943.0,,0,0,0,蓝V,https://www.aminer.cn/pub/64af76f13fda6d7f06471852/instruction-mining-high-quality-instruction-data-selection-for-large-language-models,https://www.aminer.cn/pub/64af76f13fda6d7f06471852/instruction-mining-high-quality-instruction-data-selection-for-large-language-models,True,high,AMiner,,AMiner
1579,,1870858943.0,,0,0,0,蓝V,https://www.aminer.cn/pub/64af76ed3fda6d7f0647132f/polylm-an-open-source-polyglot-large-language-model,https://www.aminer.cn/pub/64af76ed3fda6d7f0647132f/polylm-an-open-source-polyglot-large-language-model,True,high,AMiner,,AMiner
1580,,1830516311.0,,0,0,0,普通用户,https://arxiv.org/pdf/2304.13712.pdf,https://arxiv.org/pdf/2304.13712.pdf,True,high,arXiv,,arXiv
1581,,6433304918.0,,0,0,0,蓝V,https://arxiv.org/pdf/2307.08674.pdf,https://arxiv.org/pdf/2307.08674.pdf,True,high,arXiv,,arXiv
1582,,1870858943.0,,0,0,0,蓝V,https://www.aminer.cn/pub/64abee0f286e8b4b6fcd5c84,https://www.aminer.cn/pub/64abee0f286e8b4b6fcd5c84,True,high,AMiner,,AMiner
1583,,1870858943.0,,0,0,0,蓝V,https://www.aminer.cn/pub/64acd41c3fda6d7f06b36379/large-language-models-for-supply-chain-optimization,https://www.aminer.cn/pub/64acd41c3fda6d7f06b36379/large-language-models-for-supply-chain-optimization,True,high,AMiner,,AMiner
1584,,1870858943.0,,0,0,0,蓝V,https://www.aminer.cn/pub/64ae259c3fda6d7f0658f3b5/generative-pretraining-in-multimodality,https://www.aminer.cn/pub/64ae259c3fda6d7f0658f3b5/generative-pretraining-in-multimodality,True,high,AMiner,,AMiner
1585,,1870858943.0,,0,0,0,蓝V,https://www.aminer.cn/pub/64b0d4cc3fda6d7f06b436a7/self-consistency-for-open-ended-generations,https://www.aminer.cn/pub/64b0d4cc3fda6d7f06b436a7/self-consistency-for-open-ended-generations,True,high,AMiner,,AMiner
1586,,1870858943.0,,0,0,0,蓝V,https://www.aminer.cn/pub/64b0d4cc3fda6d7f06b436fc/domain-agnostic-tuning-encoder-for-fast-personalization-of-text-to-image-models,https://www.aminer.cn/pub/64b0d4cc3fda6d7f06b436fc/domain-agnostic-tuning-encoder-for-fast-personalization-of-text-to-image-models,True,high,AMiner,,AMiner
1587,,6433304918.0,,0,0,0,蓝V,https://arxiv.org/pdf/2307.08701.pdf,https://arxiv.org/pdf/2307.08701.pdf,True,high,arXiv,,arXiv
1588,,6433304918.0,,0,0,0,蓝V,https://arxiv.org/pdf/2307.03172.pdf,https://arxiv.org/pdf/2307.03172.pdf,True,high,arXiv,,arXiv
1589,,5976873363.0,,0,0,0,普通用户,https://www.nature.com/articles/s43016-023-00790-1,https://www.nature.com/articles/s43016-023-00790-1,True,high,Nature,,Nature
1590,,1870858943.0,,0,0,0,蓝V,https://www.aminer.cn/pub/6344dee690e50fcafd24e90b/what-the-daam-interpreting-stable-diffusion-using-cross-attention,https://www.aminer.cn/pub/6344dee690e50fcafd24e90b/what-the-daam-interpreting-stable-diffusion-using-cross-attention,True,high,AMiner,,AMiner
1591,,6433304918.0,,0,0,0,蓝V,https://arxiv.org/pdf/2307.08621.pdf,https://arxiv.org/pdf/2307.08621.pdf,True,high,arXiv,,arXiv
1592,,6433304918.0,,0,0,0,蓝V,https://ai.meta.com/research/publications/llama-2-open-foundation-and-fine-tuned-chat-models/,https://ai.meta.com/research/publications/llama-2-open-foundation-and-fine-tuned-chat-models/,True,medium,学术特征,,/publications/
1593,,6433304918.0,,0,0,0,蓝V,https://arxiv.org/pdf/2307.03172.pdf,https://arxiv.org/pdf/2307.03172.pdf,True,high,arXiv,,arXiv
1594,,6433304918.0,,0,0,0,蓝V,https://arxiv.org/abs/2307.04767,https://arxiv.org/abs/2307.04767,True,high,arXiv,,arXiv
1595,,6433304918.0,,0,0,0,蓝V,https://aclanthology.org/2023.findings-acl.426/,https://aclanthology.org/2023.findings-acl.426/,True,high,ACL,,ACL
1596,,1870858943.0,,0,0,0,蓝V,https://www.aminer.cn/pub/64b0d4cc3fda6d7f06b43712/in-context-autoencoder-for-context-compression-in-a-large-language-model,https://www.aminer.cn/pub/64b0d4cc3fda6d7f06b43712/in-context-autoencoder-for-context-compression-in-a-large-language-model,True,high,AMiner,,AMiner
1597,,1870858943.0,,0,0,0,蓝V,https://www.aminer.cn/pub/64b0d4cc3fda6d7f06b4370e/internvid-a-large-scale-video-text-dataset-for-multimodal-understanding-and-generation,https://www.aminer.cn/pub/64b0d4cc3fda6d7f06b4370e/internvid-a-large-scale-video-text-dataset-for-multimodal-understanding-and-generation,True,high,AMiner,,AMiner
1598,,7157387582.0,,0,0,0,蓝V,https://arxiv.org/abs/2306.11510,https://arxiv.org/abs/2306.11510,True,high,arXiv,,arXiv
1599,,6433304918.0,,0,0,0,蓝V,https://arxiv.org/pdf/2307.02477.pdf,https://arxiv.org/pdf/2307.02477.pdf,True,high,arXiv,,arXiv
1600,,6433304918.0,,0,0,0,蓝V,https://arxiv.org/pdf/2307.03381.pdf,https://arxiv.org/pdf/2307.03381.pdf,True,high,arXiv,,arXiv
1601,,6433304918.0,,0,0,0,蓝V,https://arxiv.org/pdf/2307.06962.pdf,https://arxiv.org/pdf/2307.06962.pdf,True,high,arXiv,,arXiv
1602,,6433304918.0,,0,0,0,蓝V,https://arxiv.org/pdf/2307.12856.pdf,https://arxiv.org/pdf/2307.12856.pdf,True,high,arXiv,,arXiv
1603,,6433304918.0,,0,0,0,蓝V,https://arxiv.org/pdf/2307.11768.pdf,https://arxiv.org/pdf/2307.11768.pdf,True,high,arXiv,,arXiv
1604,,6433304918.0,,0,0,0,蓝V,https://arxiv.org/pdf/2307.07164.pdf,https://arxiv.org/pdf/2307.07164.pdf,True,high,arXiv,,arXiv
1605,,1894295570.0,,0,0,0,蓝V,https://www.scirp.org/journal/paperinformation.aspx?paperid=126185&utm_campaign=weibo&utm_medium=chenling,https://www.scirp.org/journal/paperinformation.aspx?paperid=126185&utm_campaign=weibo&utm_medium=chenling,True,high,SCIRP 美国科研出版社,,SCIRP 美国科研出版社
1606,,6433304918.0,,0,0,0,蓝V,https://arxiv.org/abs/2303.18223,https://arxiv.org/abs/2303.18223,True,high,arXiv,,arXiv
1607,,6433304918.0,,0,0,0,蓝V,https://arxiv.org/pdf/2306.15934.pdf,https://arxiv.org/pdf/2306.15934.pdf,True,high,arXiv,,arXiv
1608,,1644027280.0,,0,0,0,金V,https://arxiv.org/pdf/2307.08621.pdf,https://arxiv.org/pdf/2307.08621.pdf,True,high,arXiv,,arXiv
1609,,5976873363.0,,0,0,0,普通用户,https://www.nature.com/articles/s41591-023-02440-2,https://www.nature.com/articles/s41591-023-02440-2,True,high,Nature,,Nature
1610,,6433304918.0,,0,0,0,蓝V,https://arxiv.org/pdf/2307.05300.pdf,https://arxiv.org/pdf/2307.05300.pdf,True,high,arXiv,,arXiv
1611,,6433304918.0,,0,0,0,蓝V,https://arxiv.org/pdf/2307.06018.pdf,https://arxiv.org/pdf/2307.06018.pdf,True,high,arXiv,,arXiv
1612,,1870858943.0,,0,0,0,蓝V,https://www.aminer.cn/pub/64a78f1fd68f896efa01eae2/a-survey-on-evaluation-of-large-language-models,https://www.aminer.cn/pub/64a78f1fd68f896efa01eae2/a-survey-on-evaluation-of-large-language-models,True,high,AMiner,,AMiner
1613,,1870858943.0,,0,0,0,蓝V,https://www.aminer.cn/pub/64a78f1fd68f896efa01eb31/whisper-at-noise-robust-automatic-speech-recognizers-are-also-strong-general-audio,https://www.aminer.cn/pub/64a78f1fd68f896efa01eb31/whisper-at-noise-robust-automatic-speech-recognizers-are-also-strong-general-audio,True,high,AMiner,,AMiner
1614,,1870858943.0,,0,0,0,蓝V,https://www.aminer.cn/pub/64a63bddd68f896efaec679d/dragondiffusion-enabling-drag-style-manipulation-on-diffusion-models,https://www.aminer.cn/pub/64a63bddd68f896efaec679d/dragondiffusion-enabling-drag-style-manipulation-on-diffusion-models,True,high,AMiner,,AMiner
1615,,6056910008.0,,0,0,0,普通用户,https://www.nature.com/articles/s41586-023-06185-3,https://www.nature.com/articles/s41586-023-06185-3,True,high,Nature,,Nature
1616,,1676317545.0,,0,0,0,蓝V,https://www.nature.com/articles/s41586-023-06184-4,https://www.nature.com/articles/s41586-023-06184-4,True,high,Nature,,Nature
1617,,6433304918.0,,0,0,0,蓝V,https://arxiv.org/pdf/2306.17759.pdf,https://arxiv.org/pdf/2306.17759.pdf,True,high,arXiv,,arXiv
1618,,6433304918.0,,0,0,0,蓝V,https://arxiv.org/abs/2306.09212,https://arxiv.org/abs/2306.09212,True,high,arXiv,,arXiv
1619,,6433304918.0,,0,0,0,蓝V,https://www.nature.com/articles/s41586-023-06291-2?utm_source=twitter&utm_medium=social&utm_content=organic&utm_campaign=CONR_JRNLS_AWA1_GL_SCON_SMEDA_NATUREPORTFOLIO,https://www.nature.com/articles/s41586-023-06291-2?utm_source=twitter&utm_medium=social&utm_content=organic&utm_campaign=CONR_JRNLS_AWA1_GL_SCON_SMEDA_NATUREPORTFOLIO,True,high,Nature,,Nature
1620,,6433304918.0,,0,0,0,蓝V,https://arxiv.org/pdf/2307.02053.pdf,https://arxiv.org/pdf/2307.02053.pdf,True,high,arXiv,,arXiv
1621,,1657470871.0,,0,0,0,黄V,https://arxiv.org/abs/2307.06082,https://arxiv.org/abs/2307.06082,True,high,arXiv,,arXiv
1622,,6433304918.0,,0,0,0,蓝V,https://arxiv.org/pdf/2307.00184.pdf,https://arxiv.org/pdf/2307.00184.pdf,True,high,arXiv,,arXiv
1623,,6433304918.0,,0,0,0,蓝V,https://arxiv.org/pdf/2307.00119.pdf,https://arxiv.org/pdf/2307.00119.pdf,True,high,arXiv,,arXiv
1624,,6433304918.0,,0,0,0,蓝V,https://arxiv.org/pdf/2306.09896.pdf,https://arxiv.org/pdf/2306.09896.pdf,True,high,arXiv,,arXiv
1625,,6433304918.0,,0,0,0,蓝V,https://arxiv.org/pdf/2306.12672.pdf,https://arxiv.org/pdf/2306.12672.pdf,True,high,arXiv,,arXiv
1626,,2427364747.0,,0,0,0,蓝V,https://doi.org/10.1038/s41467-023-39418-0,https://doi.org/10.1038/s41467-023-39418-0,True,high,DOI,10.1038/s41467-023-39418-0,DOI
1627,,1870858943.0,,0,0,0,蓝V,https://www.aminer.cn/pub/6467126fd68f896efaf14fd5/,https://www.aminer.cn/pub/6467126fd68f896efaf14fd5/,True,high,AMiner,,AMiner
1627,,1870858943.0,,0,0,0,蓝V,https://www.aminer.cn/pub/63cdfab690e50fcafd106f57/,https://www.aminer.cn/pub/63cdfab690e50fcafd106f57/,True,high,AMiner,,AMiner
1627,,1870858943.0,,0,0,0,蓝V,https://www.aminer.cn/pub/6441ff2eed329dcc6bb7493e/,https://www.aminer.cn/pub/6441ff2eed329dcc6bb7493e/,True,high,AMiner,,AMiner
1627,,1870858943.0,,0,0,0,蓝V,https://www.aminer.cn/pub/64659ad1d68f896efa875375/,https://www.aminer.cn/pub/64659ad1d68f896efa875375/,True,high,AMiner,,AMiner
1627,,1870858943.0,,0,0,0,蓝V,https://www.aminer.cn/pub/64671256d68f896efaf13fb3/,https://www.aminer.cn/pub/64671256d68f896efaf13fb3/,True,high,AMiner,,AMiner
1627,,1870858943.0,,0,0,0,蓝V,https://www.aminer.cn/pub/64671261d68f896efaf14554/,https://www.aminer.cn/pub/64671261d68f896efaf14554/,True,high,AMiner,,AMiner
1627,,1870858943.0,,0,0,0,蓝V,https://www.aminer.cn/pub/64671269d68f896efaf14c11/,https://www.aminer.cn/pub/64671269d68f896efaf14c11/,True,high,AMiner,,AMiner
1627,,1870858943.0,,0,0,0,蓝V,https://www.aminer.cn/pub/6467126bd68f896efaf14c92/,https://www.aminer.cn/pub/6467126bd68f896efaf14c92/,True,high,AMiner,,AMiner
1628,,5329434101.0,,0,0,0,蓝V,https://www.nature.com/articles/s41591-023-02440-2?utm_medium=organic_social&utm_source=weibo&utm_campaign=CONR_PF020_ENGM_AP_CNCM_002EA_weeklyS,https://www.nature.com/articles/s41591-023-02440-2?utm_medium=organic_social&utm_source=weibo&utm_campaign=CONR_PF020_ENGM_AP_CNCM_002EA_weeklyS,True,high,Nature,,Nature
1629,,7792673439.0,,0,0,0,蓝V,https://www.nature.com/articles/s41587-023-01821-9,https://www.nature.com/articles/s41587-023-01821-9,True,high,Nature,,Nature
1630,,1870858943.0,,0,0,0,蓝V,https://www.aminer.cn/pub/64a39885d68f896efa31e206/journeydb-a-benchmark-for-generative-image-understanding,https://www.aminer.cn/pub/64a39885d68f896efa31e206/journeydb-a-benchmark-for-generative-image-understanding,True,high,AMiner,,AMiner
1631,,1870858943.0,,0,0,0,蓝V,https://www.aminer.cn/pub/64a39885d68f896efa31dfa3/personality-traits-in-large-language-models,https://www.aminer.cn/pub/64a39885d68f896efa31dfa3/personality-traits-in-large-language-models,True,high,AMiner,,AMiner
1632,,1870858943.0,,0,0,0,蓝V,https://www.aminer.cn/pub/64a39889d68f896efa31ec86/squeezing-large-scale-diffusion-models-for-mobile,https://www.aminer.cn/pub/64a39889d68f896efa31ec86/squeezing-large-scale-diffusion-models-for-mobile,True,high,AMiner,,AMiner
1633,,1870858943.0,,0,0,0,蓝V,https://www.aminer.cn/pub/64990ccbd68f896efaf8480a/mme-a-comprehensive-evaluation-benchmark-for-multimodal-large-language-models,https://www.aminer.cn/pub/64990ccbd68f896efaf8480a/mme-a-comprehensive-evaluation-benchmark-for-multimodal-large-language-models,True,high,AMiner,,AMiner
1634,,1870858943.0,,0,0,0,蓝V,https://www.aminer.cn/pub/64a625ccbb296d05669f582e,https://www.aminer.cn/pub/64a625ccbb296d05669f582e,True,high,AMiner,,AMiner
1635,,1729014640.0,,0,0,0,蓝V,https://doi.org/10.1038/s41467-023-39418-0,https://doi.org/10.1038/s41467-023-39418-0,True,high,DOI,10.1038/s41467-023-39418-0,DOI
1636,,1729014640.0,,0,0,0,蓝V,https://doi.org/10.1038/s43587-023-00441-x,https://doi.org/10.1038/s43587-023-00441-x,True,high,DOI,10.1038/s43587-023-00441-x,DOI
1637,,5803416260.0,,0,0,0,黄V,https://pattern.swarma.org/paper/72598964-3576-11ee-b6ce-0242ac17000d,https://pattern.swarma.org/paper/72598964-3576-11ee-b6ce-0242ac17000d,True,medium,学术特征,,/paper/
1637,,5803416260.0,,0,0,0,黄V,https://www.nature.com/articles/s41467-023-40056-9,https://www.nature.com/articles/s41467-023-40056-9,True,high,Nature,,Nature
1638,,1870858943.0,,0,0,0,蓝V,https://www.aminer.cn/pub/64dc49933fda6d7f06389f5c/link-context-learning-for-multimodal-llms,https://www.aminer.cn/pub/64dc49933fda6d7f06389f5c/link-context-learning-for-multimodal-llms,True,high,AMiner,,AMiner
1639,,1870858943.0,,0,0,0,蓝V,https://www.aminer.cn/pub/64dafb2f3fda6d7f064e349b/jurassic-world-remake-bringing-ancient-fossils-back-to-life-via-zero-shot,https://www.aminer.cn/pub/64dafb2f3fda6d7f064e349b/jurassic-world-remake-bringing-ancient-fossils-back-to-life-via-zero-shot,True,high,AMiner,,AMiner
1640,,1870858943.0,,0,0,0,蓝V,https://www.aminer.cn/pub/64dd9b053fda6d7f0622e756/scenerflow-time-consistent-reconstruction-of-general-dynamic-scenes,https://www.aminer.cn/pub/64dd9b053fda6d7f0622e756/scenerflow-time-consistent-reconstruction-of-general-dynamic-scenes,True,high,AMiner,,AMiner
1641,,1870858943.0,,0,0,0,蓝V,https://www.aminer.cn/pub/64dd9b053fda6d7f0622e6a1/dragnuwa-fine-grained-control-in-video-generation-by-integrating-text-image-and,https://www.aminer.cn/pub/64dd9b053fda6d7f0622e6a1/dragnuwa-fine-grained-control-in-video-generation-by-integrating-text-image-and,True,high,AMiner,,AMiner
1642,,1870858943.0,,0,0,0,蓝V,https://www.aminer.cn/pub/64dc49903fda6d7f06389c5f/a-survey-on-model-compression-for-large-language-models,https://www.aminer.cn/pub/64dc49903fda6d7f06389c5f/a-survey-on-model-compression-for-large-language-models,True,high,AMiner,,AMiner
1643,,6433304918.0,,0,0,0,蓝V,https://arxiv.org/pdf/2306.02707.pdf,https://arxiv.org/pdf/2306.02707.pdf,True,high,arXiv,,arXiv
1644,,6433304918.0,,0,0,0,蓝V,https://arxiv.org/abs/2306.13812,https://arxiv.org/abs/2306.13812,True,high,arXiv,,arXiv
1645,,1894295570.0,,0,0,0,蓝V,https://www.scirp.org/journal/paperinformation.aspx?paperid=127038&utm_campaign=weibo&utm_source=chenling,https://www.scirp.org/journal/paperinformation.aspx?paperid=127038&utm_campaign=weibo&utm_source=chenling,True,high,SCIRP 美国科研出版社,,SCIRP 美国科研出版社
1646,,1870858943.0,,0,0,0,蓝V,https://www.aminer.cn/pub/64ed716d3fda6d7f0658a8c6/federated-fine-tuning-of-billion-sized-language-models-across-mobile-devices,https://www.aminer.cn/pub/64ed716d3fda6d7f0658a8c6/federated-fine-tuning-of-billion-sized-language-models-across-mobile-devices,True,high,AMiner,,AMiner
1647,,1870858943.0,,0,0,0,蓝V,https://www.aminer.cn/pub/64ec1b763fda6d7f0626f449/omniquant-omnidirectionally-calibrated-quantization-for-large-language-models,https://www.aminer.cn/pub/64ec1b763fda6d7f0626f449/omniquant-omnidirectionally-calibrated-quantization-for-large-language-models,True,high,AMiner,,AMiner
1648,,6433304918.0,,0,0,0,蓝V,https://arxiv.org/pdf/2308.07921.pdf,https://arxiv.org/pdf/2308.07921.pdf,True,high,arXiv,,arXiv
1649,,6433304918.0,,0,0,0,蓝V,https://arxiv.org/pdf/2308.07633.pdf,https://arxiv.org/pdf/2308.07633.pdf,True,high,arXiv,,arXiv
1650,,6433304918.0,,0,0,0,蓝V,https://arxiv.org/pdf/2308.07968.pdf,https://arxiv.org/pdf/2308.07968.pdf,True,high,arXiv,,arXiv
1651,,7367946162.0,,0,0,0,蓝V,https://onlinelibrary.wiley.com/doi/10.1111/gcb.16537,https://onlinelibrary.wiley.com/doi/10.1111/gcb.16537,True,high,DOI,10.1111/gcb.16537,DOI
1652,,3710258141.0,,0,0,0,金V,https://doi.org/10.1103/PhysRevMaterials.3.104802,https://doi.org/10.1103/PhysRevMaterials.3.104802,True,high,DOI,10.1103/PhysRevMaterials.3.104802,DOI
1652,,3710258141.0,,0,0,0,金V,https://doi.org/10.1103/PhysRevLett.104.057007,https://doi.org/10.1103/PhysRevLett.104.057007,True,high,DOI,10.1103/PhysRevLett.104.057007,DOI
1652,,3710258141.0,,0,0,0,金V,https://www.nature.com/articles/ncomms14549,https://www.nature.com/articles/ncomms14549,True,high,Nature,,Nature
1652,,3710258141.0,,0,0,0,金V,https://www.nature.com/articles/s41535-022-00491-1,https://www.nature.com/articles/s41535-022-00491-1,True,high,Nature,,Nature
1653,,5976873363.0,,0,0,0,普通用户,https://www.nature.com/articles/s41612-023-00437-9,https://www.nature.com/articles/s41612-023-00437-9,True,high,Nature,,Nature
1654,,2427364747.0,,0,0,0,蓝V,https://doi.org/10.1038/s41612-023-00437-9,https://doi.org/10.1038/s41612-023-00437-9,True,high,DOI,10.1038/s41612-023-00437-9,DOI
1655,,3052465574.0,,0,0,0,普通用户,https://academic.oup.com/nsr/advance-article/doi/10.1093/nsr/nwab209/6442253,https://academic.oup.com/nsr/advance-article/doi/10.1093/nsr/nwab209/6442253,True,high,DOI,10.1093/nsr/nwab209/6442253,DOI
1656,,5602911905.0,,0,0,0,蓝V,https://doi.org/10.1038/s41612-023-00437-9,https://doi.org/10.1038/s41612-023-00437-9,True,high,DOI,10.1038/s41612-023-00437-9,DOI
1657,,1729014640.0,,0,0,0,蓝V,https://doi.org/10.1016/j.medj.2023.06.007,https://doi.org/10.1016/j.medj.2023.06.007,True,high,DOI,10.1016/j.medj.2023.06.007,DOI
1658,,5976873363.0,,0,0,0,普通用户,https://www.nature.com/articles/s41561-023-01216-0,https://www.nature.com/articles/s41561-023-01216-0,True,high,Nature,,Nature
1659,,1870858943.0,,0,0,0,蓝V,https://www.aminer.cn/pub/64d9a6873fda6d7f061d37bc/foundation-model-is-efficient-multimodal-multitask-model-selector,https://www.aminer.cn/pub/64d9a6873fda6d7f061d37bc/foundation-model-is-efficient-multimodal-multitask-model-selector,True,high,AMiner,,AMiner
1660,,6433304918.0,,0,0,0,蓝V,https://arxiv.org/abs/2308.10882,https://arxiv.org/abs/2308.10882,True,high,arXiv,,arXiv
1661,,6052862414.0,,0,0,0,黄V,https://academic.oup.com/nsr/advance-article/doi/10.1093/nsr/nwab209/6442253,https://academic.oup.com/nsr/advance-article/doi/10.1093/nsr/nwab209/6442253,True,high,DOI,10.1093/nsr/nwab209/6442253,DOI
1662,,2583001030.0,,0,0,0,金V,https://academic.oup.com/nsr/advance-article/doi/10.1093/nsr/nwab209/6442253,https://academic.oup.com/nsr/advance-article/doi/10.1093/nsr/nwab209/6442253,True,high,DOI,10.1093/nsr/nwab209/6442253,DOI
1663,,2673430262.0,,0,0,0,黄V,https://academic.oup.com/nsr/advance-article/doi/10.1093/nsr/nwab209/6442253,https://academic.oup.com/nsr/advance-article/doi/10.1093/nsr/nwab209/6442253,True,high,DOI,10.1093/nsr/nwab209/6442253,DOI
1664,,5976873363.0,,0,0,0,普通用户,https://www.nature.com/articles/s41586-023-06337-5,https://www.nature.com/articles/s41586-023-06337-5,True,high,Nature,,Nature
1665,,1870858943.0,,0,0,0,蓝V,https://www.aminer.cn/pub/64d5b21d3fda6d7f060d0db9/follow-anything-open-set-detection-tracking-and-following-in-real-time,https://www.aminer.cn/pub/64d5b21d3fda6d7f060d0db9/follow-anything-open-set-detection-tracking-and-following-in-real-time,True,high,AMiner,,AMiner
1666,,6433304918.0,,0,0,0,蓝V,https://arxiv.org/pdf/2307.11031.pdf,https://arxiv.org/pdf/2307.11031.pdf,True,high,arXiv,,arXiv
1667,,6433304918.0,,0,0,0,蓝V,https://arxiv.org/pdf/2308.03688.pdf,https://arxiv.org/pdf/2308.03688.pdf,True,high,arXiv,,arXiv
1668,,6433304918.0,,0,0,0,蓝V,https://arxiv.org/pdf/2308.06259.pdf,https://arxiv.org/pdf/2308.06259.pdf,True,high,arXiv,,arXiv
1669,,1887344341.0,,0,0,0,蓝V,https://academic.oup.com/nsr/advance-article/doi/10.1093/nsr/nwab209/6442253,https://academic.oup.com/nsr/advance-article/doi/10.1093/nsr/nwab209/6442253,True,high,DOI,10.1093/nsr/nwab209/6442253,DOI
1670,,1870858943.0,,0,0,0,蓝V,https://www.aminer.cn/pub/64e6d5bd3fda6d7f0652c7df/cgt-gan-clip-guided-text-gan-for-image-captioning,https://www.aminer.cn/pub/64e6d5bd3fda6d7f0652c7df/cgt-gan-clip-guided-text-gan-for-image-captioning,True,high,AMiner,,AMiner
1671,,1870858943.0,,0,0,0,蓝V,https://www.aminer.cn/pub/64e6d5bd3fda6d7f0652c7f0/flexkbqa-a-flexible-llm-powered-framework-for-few-shot-knowledge-base-question,https://www.aminer.cn/pub/64e6d5bd3fda6d7f0652c7f0/flexkbqa-a-flexible-llm-powered-framework-for-few-shot-knowledge-base-question,True,high,AMiner,,AMiner
1672,,1870858943.0,,0,0,0,蓝V,https://www.aminer.cn/pub/64e6d5bd3fda6d7f0652c7f0/flexkbqa-a-flexible-llm-powered-framework-for-few-shot-knowledge-base-question,https://www.aminer.cn/pub/64e6d5bd3fda6d7f0652c7f0/flexkbqa-a-flexible-llm-powered-framework-for-few-shot-knowledge-base-question,True,high,AMiner,,AMiner
1673,,6433304918.0,,0,0,0,蓝V,https://arxiv.org/pdf/2308.09687.pdf,https://arxiv.org/pdf/2308.09687.pdf,True,high,arXiv,,arXiv
1674,,7367946162.0,,0,0,0,蓝V,https://doi.org/10.1029/2021EF002214,https://doi.org/10.1029/2021EF002214,True,high,DOI,10.1029/2021EF002214,DOI
1675,,2678093863.0,,0,0,0,普通用户,https://arxiv.org/abs/2307.12981,https://arxiv.org/abs/2307.12981,True,high,arXiv,,arXiv
1676,,5976873363.0,,0,0,0,普通用户,https://www.cell.com/cell-reports/fulltext/S2211-1247(23)00926-9?_returnURL=https%3A%2F%2Flinkinghub.elsevier.com%2Fretrieve%2Fpii%2FS2211124723009269%3Fshowall%3Dtrue,https://www.cell.com/cell-reports/fulltext/S2211-1247(23)00926-9?_returnURL=https://linkinghub.elsevier.com/retrieve/pii/S2211124723009269?showall=true,True,high,Elsevier,,Elsevier
1677,,1870858943.0,,0,0,0,蓝V,https://www.aminer.cn/pub/64d1bdf93fda6d7f06ec4af3/agentbench-evaluating-llms-as-agents,https://www.aminer.cn/pub/64d1bdf93fda6d7f06ec4af3/agentbench-evaluating-llms-as-agents,True,high,AMiner,,AMiner
1678,,1870858943.0,,0,0,0,蓝V,https://www.aminer.cn/pub/64c88cec3fda6d7f0627053f/origin-of-correlated-isolated-flat-bands-in-copper-substituted-lead-phosphate-apatite,https://www.aminer.cn/pub/64c88cec3fda6d7f0627053f/origin-of-correlated-isolated-flat-bands-in-copper-substituted-lead-phosphate-apatite,True,high,AMiner,,AMiner
1679,,1870858943.0,,0,0,0,蓝V,https://www.aminer.cn/pub/64c88ca43fda6d7f06268998/lp-musiccaps-llm-based-pseudo-music-captioning,https://www.aminer.cn/pub/64c88ca43fda6d7f06268998/lp-musiccaps-llm-based-pseudo-music-captioning,True,high,AMiner,,AMiner
1680,,1870858943.0,,0,0,0,蓝V,https://www.aminer.cn/pub/64c88ca43fda6d7f06268b55/on-the-trustworthiness-landscape-of-state-of-the-art-generative-models-a,https://www.aminer.cn/pub/64c88ca43fda6d7f06268b55/on-the-trustworthiness-landscape-of-state-of-the-art-generative-models-a,True,high,AMiner,,AMiner
1681,,1870858943.0,,0,0,0,蓝V,https://www.aminer.cn/pub/64c88ca33fda6d7f06268618/holistic-survey-of-privacy-and-fairness-in-machine-learning,https://www.aminer.cn/pub/64c88ca33fda6d7f06268618/holistic-survey-of-privacy-and-fairness-in-machine-learning,True,high,AMiner,,AMiner
1682,,1870858943.0,,0,0,0,蓝V,https://www.aminer.cn/pub/64d30f2d3fda6d7f06f6c294/reclip-refine-contrastive-language-image-pre-training-with-source-free-domain-adaptation,https://www.aminer.cn/pub/64d30f2d3fda6d7f06f6c294/reclip-refine-contrastive-language-image-pre-training-with-source-free-domain-adaptation,True,high,AMiner,,AMiner
1683,,1870858943.0,,0,0,0,蓝V,https://www.aminer.cn/pub/64d30f353fda6d7f06f6cb27/cumulative-reasoning-with-large-language-models,https://www.aminer.cn/pub/64d30f353fda6d7f06f6cb27/cumulative-reasoning-with-large-language-models,True,high,AMiner,,AMiner
1684,,6433304918.0,,0,0,0,蓝V,https://arxiv.org/abs/2308.00692,https://arxiv.org/abs/2308.00692,True,high,arXiv,,arXiv
1685,,1870858943.0,,0,0,0,蓝V,https://www.aminer.cn/pub/64cc77ba3fda6d7f06aec6a3/scaling-relationship-on-learning-mathematical-reasoning-with-large-language-models,https://www.aminer.cn/pub/64cc77ba3fda6d7f06aec6a3/scaling-relationship-on-learning-mathematical-reasoning-with-large-language-models,True,high,AMiner,,AMiner
1686,,6433304918.0,,0,0,0,蓝V,https://arxiv.org/abs/2307.15189,https://arxiv.org/abs/2307.15189,True,high,arXiv,,arXiv
1687,,6433304918.0,,0,0,0,蓝V,https://arxiv.org/abs/2307.12966,https://arxiv.org/abs/2307.12966,True,high,arXiv,,arXiv
1688,,1729014640.0,,0,0,0,蓝V,https://doi.org/10.1101/2022.12.09.519446,https://doi.org/10.1101/2022.12.09.519446,True,high,DOI,10.1101/2022.12.09.519446,DOI
1689,,2492779894.0,,0,0,0,蓝V,https://onlinelibrary.wiley.com/doi/abs/10.1002/col.22875,https://onlinelibrary.wiley.com/doi/abs/10.1002/col.22875,True,high,DOI,10.1002/col.22875,DOI
1690,,6433304918.0,,0,0,0,蓝V,https://arxiv.org/pdf/2307.16645.pdf,https://arxiv.org/pdf/2307.16645.pdf,True,high,arXiv,,arXiv
1691,,6433304918.0,,0,0,0,蓝V,https://arxiv.org/pdf/2308.01240.pdf,https://arxiv.org/pdf/2308.01240.pdf,True,high,arXiv,,arXiv
1692,,6433304918.0,,0,0,0,蓝V,https://arxiv.org/pdf/2308.00951.pdf,https://arxiv.org/pdf/2308.00951.pdf,True,high,arXiv,,arXiv
1693,,5976873363.0,,0,0,0,普通用户,https://www.mdpi.com/2075-4418/13/14/2355,https://www.mdpi.com/2075-4418/13/14/2355,True,high,MDPI,,MDPI
1694,,1870858943.0,,0,0,0,蓝V,https://www.aminer.cn/pub/64cb267b3fda6d7f06ab6af4/from-sparse-to-soft-mixtures-of-experts,https://www.aminer.cn/pub/64cb267b3fda6d7f06ab6af4/from-sparse-to-soft-mixtures-of-experts,True,high,AMiner,,AMiner
1695,,2427364747.0,,0,0,0,蓝V,https://doi.org/10.1101/2022.12.09.519446,https://doi.org/10.1101/2022.12.09.519446,True,high,DOI,10.1101/2022.12.09.519446,DOI
1696,,6433304918.0,,0,0,0,蓝V,https://arxiv.org/pdf/2307.15780.pdf,https://arxiv.org/pdf/2307.15780.pdf,True,high,arXiv,,arXiv
1697,,6433304918.0,,0,0,0,蓝V,https://arxiv.org/pdf/2308.00190.pdf,https://arxiv.org/pdf/2308.00190.pdf,True,high,arXiv,,arXiv
1698,,1870858943.0,,0,0,0,蓝V,https://www.aminer.cn/pub/64cb267b3fda6d7f06ab6c70/calibration-in-deep-learning-a-survey-of-the-state-of-the-art,https://www.aminer.cn/pub/64cb267b3fda6d7f06ab6c70/calibration-in-deep-learning-a-survey-of-the-state-of-the-art,True,high,AMiner,,AMiner
1699,,1870858943.0,,0,0,0,蓝V,https://www.aminer.cn/pub/64c731d03fda6d7f06824392/med-flamingo-a-multimodal-medical-few-shot-learner,https://www.aminer.cn/pub/64c731d03fda6d7f06824392/med-flamingo-a-multimodal-medical-few-shot-learner,True,high,AMiner,,AMiner
1700,,1870858943.0,,0,0,0,蓝V,https://www.aminer.cn/pub/64c7632d47023912398be1f5,https://www.aminer.cn/pub/64c7632d47023912398be1f5,True,high,AMiner,,AMiner
1701,,6433304918.0,,0,0,0,蓝V,https://arxiv.org/pdf/2307.15504.pdf,https://arxiv.org/pdf/2307.15504.pdf,True,high,arXiv,,arXiv
1702,,6433304918.0,,0,0,0,蓝V,https://arxiv.org/pdf/2307.15337.pdf,https://arxiv.org/pdf/2307.15337.pdf,True,high,arXiv,,arXiv
1703,,6433304918.0,,0,0,0,蓝V,https://arxiv.org/pdf/2307.15217.pdf,https://arxiv.org/pdf/2307.15217.pdf,True,high,arXiv,,arXiv
1704,,1870858943.0,,0,0,0,蓝V,https://www.aminer.cn/pub/64c33dc33fda6d7f0695871d/scaling-transnormer-to-billion-parameters,https://www.aminer.cn/pub/64c33dc33fda6d7f0695871d/scaling-transnormer-to-billion-parameters,True,high,AMiner,,AMiner
1705,,6433304918.0,,0,0,0,蓝V,https://arxiv.org/abs/2307.14430,https://arxiv.org/abs/2307.14430,True,high,arXiv,,arXiv
1706,,6433304918.0,,0,0,0,蓝V,https://arxiv.org/pdf/2307.15217,https://arxiv.org/pdf/2307.15217,True,high,arXiv,,arXiv
1707,,6433304918.0,,0,0,0,蓝V,https://arxiv.org/abs/2307.12966,https://arxiv.org/abs/2307.12966,True,high,arXiv,,arXiv
1708,,6433304918.0,,0,0,0,蓝V,https://arxiv.org/pdf/2307.15593,https://arxiv.org/pdf/2307.15593,True,high,arXiv,,arXiv
1709,,6433304918.0,,0,0,0,蓝V,https://arxiv.org/pdf/2307.13085.pdf,https://arxiv.org/pdf/2307.13085.pdf,True,high,arXiv,,arXiv
1710,,6433304918.0,,0,0,0,蓝V,https://arxiv.org/pdf/2307.13528.pdf,https://arxiv.org/pdf/2307.13528.pdf,True,high,arXiv,,arXiv
1711,,6433304918.0,,0,0,0,蓝V,https://arxiv.org/pdf/2307.11760.pdf,https://arxiv.org/pdf/2307.11760.pdf,True,high,arXiv,,arXiv
1712,,3710258141.0,,0,0,0,金V,https://doi.org/10.1093/nsr/nwac262,https://doi.org/10.1093/nsr/nwac262,True,high,DOI,10.1093/nsr/nwac262,DOI
1712,,3710258141.0,,0,0,0,金V,https://journals.aps.org/prl/abstract/10.1103/PhysRevLett.131.071801,https://journals.aps.org/prl/abstract/10.1103/PhysRevLett.131.071801,True,high,DOI,10.1103/PhysRevLett.131.071801,DOI
1712,,3710258141.0,,0,0,0,金V,https://www.pnas.org/doi/10.1073/pnas.2302145120,https://www.pnas.org/doi/10.1073/pnas.2302145120,True,high,DOI,10.1073/pnas.2302145120,DOI
1713,,6433304918.0,,0,0,0,蓝V,https://arxiv.org/pdf/2309.08520.pdf,https://arxiv.org/pdf/2309.08520.pdf,True,high,arXiv,,arXiv
1714,,6433304918.0,,0,0,0,蓝V,https://arxiv.org/pdf/2309.12307.pdf,https://arxiv.org/pdf/2309.12307.pdf,True,high,arXiv,,arXiv
1715,,6433304918.0,,0,0,0,蓝V,https://arxiv.org/pdf/2309.05519.pdf,https://arxiv.org/pdf/2309.05519.pdf,True,high,arXiv,,arXiv
1716,,6433304918.0,,0,0,0,蓝V,https://arxiv.org/pdf/2309.04564.pdf,https://arxiv.org/pdf/2309.04564.pdf,True,high,arXiv,,arXiv
1717,,3710258141.0,,0,0,0,金V,https://www.nature.com/articles/171740a0,https://www.nature.com/articles/171740a0,True,high,Nature,,Nature
1718,,1870858943.0,,0,0,0,蓝V,https://www.aminer.cn/pub/6503bec83fda6d7f067c7765,https://www.aminer.cn/pub/6503bec83fda6d7f067c7765,True,high,AMiner,,AMiner
1719,,1870858943.0,,0,0,0,蓝V,https://www.aminer.cn/pub/6503bec83fda6d7f067c7787,https://www.aminer.cn/pub/6503bec83fda6d7f067c7787,True,high,AMiner,,AMiner
1720,,6433304918.0,,0,0,0,蓝V,https://arxiv.org/pdf/2309.06180.pdf,https://arxiv.org/pdf/2309.06180.pdf,True,high,arXiv,,arXiv
1721,,5371078660.0,,0,0,0,普通用户,https://www.nature.com/articles/s41598-023-42979-1,https://www.nature.com/articles/s41598-023-42979-1,True,high,Nature,,Nature
1722,,1870858943.0,,0,0,0,蓝V,https://www.aminer.org/pub/64cc9f0a3fda6d7f06d7f683/?f=wb,https://www.aminer.org/pub/64cc9f0a3fda6d7f06d7f683/?f=wb,True,high,AMiner,,AMiner
1723,,1870858943.0,,0,0,0,蓝V,https://www.aminer.org/pub/6507b3e03fda6d7f06799bcc?f=wb,https://www.aminer.org/pub/6507b3e03fda6d7f06799bcc?f=wb,True,high,AMiner,,AMiner
1724,,1870858943.0,,0,0,0,蓝V,https://www.aminer.org/pub/6510eda73fda6d7f06b901e3?f=wb,https://www.aminer.org/pub/6510eda73fda6d7f06b901e3?f=wb,True,high,AMiner,,AMiner
1725,,1870858943.0,,0,0,0,蓝V,https://www.aminer.org/pub/6510edb83fda6d7f06b90fd8?f=wb,https://www.aminer.org/pub/6510edb83fda6d7f06b90fd8?f=wb,True,high,AMiner,,AMiner
1726,,1870858943.0,,0,0,0,蓝V,https://www.aminer.org/pub/6507b3e03fda6d7f06799c1c?f=wb,https://www.aminer.org/pub/6507b3e03fda6d7f06799c1c?f=wb,True,high,AMiner,,AMiner
1727,,5976873363.0,,0,0,0,普通用户,https://www.nature.com/articles/s41598-023-40858-3,https://www.nature.com/articles/s41598-023-40858-3,True,high,Nature,,Nature
1728,,6974787068.0,,0,0,0,红V,https://arxiv.org/pdf/2309.05689.pdf,https://arxiv.org/pdf/2309.05689.pdf,True,high,arXiv,,arXiv
1729,,1870858943.0,,0,0,0,蓝V,https://www.aminer.org/pub/6510edb83fda6d7f06b90db1?f=wb,https://www.aminer.org/pub/6510edb83fda6d7f06b90db1?f=wb,True,high,AMiner,,AMiner
1730,,1870858943.0,,0,0,0,蓝V,https://www.aminer.cn/pub/650a566d3fda6d7f067eccc7?f=wb,https://www.aminer.cn/pub/650a566d3fda6d7f067eccc7?f=wb,True,high,AMiner,,AMiner
1731,,1870858943.0,,0,0,0,蓝V,https://www.aminer.cn/pub/650905523fda6d7f06cd71ac?f=wb,https://www.aminer.cn/pub/650905523fda6d7f06cd71ac?f=wb,True,high,AMiner,,AMiner
1732,,2279408463.0,,0,0,0,蓝V,https://sleep.biomedcentral.com/articles/10.1186/s41606-023-00088-y?utm_medium=organic_social&utm_source=weibo&utm_campaign=CONR_JRNLS_ENGM_AP_CNCM_002EC_editpick,https://sleep.biomedcentral.com/articles/10.1186/s41606-023-00088-y?utm_medium=organic_social&utm_source=weibo&utm_campaign=CONR_JRNLS_ENGM_AP_CNCM_002EC_editpick,True,high,DOI,10.1186/s41606-023-00088-y?utm_medium=organic_social&utm_source=weibo&utm_campaign=CONR_JRNLS_ENGM_AP_CNCM_002EC_editpick,DOI
1733,,1870858943.0,,0,0,0,蓝V,https://www.aminer.cn/pub/650904f23fda6d7f06cd5276?f=wb,https://www.aminer.cn/pub/650904f23fda6d7f06cd5276?f=wb,True,high,AMiner,,AMiner
1734,,1870858943.0,,0,0,0,蓝V,https://www.aminer.cn/pub/650904db3fda6d7f06cd4839?f=wb,https://www.aminer.cn/pub/650904db3fda6d7f06cd4839?f=wb,True,high,AMiner,,AMiner
1735,,6433304918.0,,0,0,0,蓝V,https://arxiv.org/abs/2309.00754,https://arxiv.org/abs/2309.00754,True,high,arXiv,,arXiv
1736,,5703921756.0,,0,0,0,蓝V,https://arxiv.org/abs/2309.10313,https://arxiv.org/abs/2309.10313,True,high,arXiv,,arXiv
1737,,1870858943.0,,0,0,0,蓝V,https://www.aminer.cn/pub/64ffca703fda6d7f06cd89c6,https://www.aminer.cn/pub/64ffca703fda6d7f06cd89c6,True,high,AMiner,,AMiner
1738,,5329434101.0,,0,0,0,蓝V,https://www.nature.com/articles/s41586-023-06555-x?utm_medium=organic_social&utm_source=wechat&utm_campaign=CONR_PF020_ENGM_AP_CNCM_002EB_weeklybrf,https://www.nature.com/articles/s41586-023-06555-x?utm_medium=organic_social&utm_source=wechat&utm_campaign=CONR_PF020_ENGM_AP_CNCM_002EB_weeklybrf,True,high,Nature,,Nature
1739,,2194035935.0,,0,0,0,金V,arxiv.org/abs/2309.05463,arxiv.org/abs/2309.05463,True,medium,学术特征,,/abs/
1740,,6433304918.0,,0,0,0,蓝V,https://arxiv.org/pdf/2308.12966.pdf,https://arxiv.org/pdf/2308.12966.pdf,True,high,arXiv,,arXiv
1741,,6433304918.0,,0,0,0,蓝V,https://arxiv.org/pdf/2308.14089.pdf,https://arxiv.org/pdf/2308.14089.pdf,True,high,arXiv,,arXiv
1742,,3806199621.0,,0,0,0,蓝V,https://doi.org/10.1126/sciadv.adg9297,https://doi.org/10.1126/sciadv.adg9297,True,high,DOI,10.1126/sciadv.adg9297,DOI
1743,,1870858943.0,,0,0,0,蓝V,https://www.aminer.cn/pub/65011be43fda6d7f060e4be3,https://www.aminer.cn/pub/65011be43fda6d7f060e4be3,True,high,AMiner,,AMiner
1744,,5976873363.0,,0,0,0,普通用户,https://www.nature.com/articles/s41561-023-01264-6,https://www.nature.com/articles/s41561-023-01264-6,True,high,Nature,,Nature
1745,,1870858943.0,,0,0,0,蓝V,https://www.aminer.org/pub/650cf92d3fda6d7f06d4447f/LMSYS-Chat-1M%3A%20A%20Large-Scale%20Real-World%20LLM%20Conversation%20Dataset?f=wb,https://www.aminer.org/pub/650cf92d3fda6d7f06d4447f/LMSYS-Chat-1M: A Large-Scale Real-World LLM Conversation Dataset?f=wb,True,high,AMiner,,AMiner
1746,,1870858943.0,,0,0,0,蓝V,https://www.aminer.org/pub/650cf9223fda6d7f06d42a80/A%20Paradigm%20Shift%20in%20Machine%20Translation%3A%20Boosting%20Translation%0A%20%20Performance%20of%20Large%20Language%20Models?f=wb,"https://www.aminer.org/pub/650cf9223fda6d7f06d42a80/A Paradigm Shift in Machine Translation: Boosting Translation
  Performance of Large Language Models?f=wb",True,high,AMiner,,AMiner
1747,,6433304918.0,,0,0,0,蓝V,https://arxiv.org/pdf/2308.12261v1.pdf,https://arxiv.org/pdf/2308.12261v1.pdf,True,high,arXiv,,arXiv
1748,,1894295570.0,,0,0,0,蓝V,https://www.scirp.org/journal/paperinformation.aspx?paperid=127874&utm_campaign=weibo&utm_source=chenling,https://www.scirp.org/journal/paperinformation.aspx?paperid=127874&utm_campaign=weibo&utm_source=chenling,True,high,SCIRP 美国科研出版社,,SCIRP 美国科研出版社
1749,,6433304918.0,,0,0,0,蓝V,https://arxiv.org/pdf/2309.00071.pdf,https://arxiv.org/pdf/2309.00071.pdf,True,high,arXiv,,arXiv
1750,,6433304918.0,,0,0,0,蓝V,https://arxiv.org/pdf/2309.00267.pdf,https://arxiv.org/pdf/2309.00267.pdf,True,high,arXiv,,arXiv
1751,,6433304918.0,,0,0,0,蓝V,https://arxiv.org/pdf/2309.07864.pdf,https://arxiv.org/pdf/2309.07864.pdf,True,high,arXiv,,arXiv
1752,,5976873363.0,,0,0,0,普通用户,https://www.pnas.org/doi/10.1073/pnas.2302275120,https://www.pnas.org/doi/10.1073/pnas.2302275120,True,high,DOI,10.1073/pnas.2302275120,DOI
1753,,7157387582.0,,0,0,0,蓝V,https://arxiv.org/abs/2309.03852,https://arxiv.org/abs/2309.03852,True,high,arXiv,,arXiv
1754,,3275213384.0,,0,0,0,蓝V,https://www.cell.com/cancer-cell/fulltext/S1535-6108(23)00278-7?utm_medium=weibo,https://www.cell.com/cancer-cell/fulltext/S1535-6108(23)00278-7?utm_medium=weibo,True,high,CELL PRESS,,CELL PRESS
1755,,5329434101.0,,0,0,0,蓝V,https://www.nature.com/articles/s41467-023-40849-y?utm_medium=organic_social&utm_source=weibo&utm_campaign=CONR_PF020_ENGM_AP_CNCM_002EA_weeklyS#citeas,https://www.nature.com/articles/s41467-023-40849-y?utm_medium=organic_social&utm_source=weibo&utm_campaign=CONR_PF020_ENGM_AP_CNCM_002EA_weeklyS#citeas,True,high,Nature,,Nature
1756,,5329434101.0,,0,0,0,蓝V,https://rdcu.be/dlOjK?utm_medium=organic_social&utm_source=weibo&utm_campaign=CONR_PF020_ENGM_AP_CNCM_002EA_weeklyS,https://rdcu.be/dlOjK?utm_medium=organic_social&utm_source=weibo&utm_campaign=CONR_PF020_ENGM_AP_CNCM_002EA_weeklyS,True,high,Nature,,Nature
1757,,6433304918.0,,0,0,0,蓝V,https://arxiv.org/pdf/2309.07062.pdf,https://arxiv.org/pdf/2309.07062.pdf,True,high,arXiv,,arXiv
1758,,6433304918.0,,0,0,0,蓝V,https://arxiv.org/pdf/2307.10802.pdf,https://arxiv.org/pdf/2307.10802.pdf,True,high,arXiv,,arXiv
1759,,6433304918.0,,0,0,0,蓝V,https://arxiv.org/pdf/2308.01390.pdf,https://arxiv.org/pdf/2308.01390.pdf,True,high,arXiv,,arXiv
1760,,6433304918.0,,0,0,0,蓝V,https://arxiv.org/abs/2308.00951,https://arxiv.org/abs/2308.00951,True,high,arXiv,,arXiv
1761,,5976873363.0,,0,0,0,普通用户,https://alz-journals.onlinelibrary.wiley.com/doi/10.1002/alz.13430,https://alz-journals.onlinelibrary.wiley.com/doi/10.1002/alz.13430,True,high,DOI,10.1002/alz.13430,DOI
1762,,5976873363.0,,0,0,0,普通用户,https://www.nature.com/articles/s44220-023-00106-z,https://www.nature.com/articles/s44220-023-00106-z,True,high,Nature,,Nature
1763,,6433304918.0,,0,0,0,蓝V,https://arxiv.org/pdf/2307.05610.pdf,https://arxiv.org/pdf/2307.05610.pdf,True,high,arXiv,,arXiv
1764,,2678093863.0,,0,0,0,普通用户,https://arxiv.org/pdf/2309.00986,https://arxiv.org/pdf/2309.00986,True,high,arXiv,,arXiv
1765,,6433304918.0,,0,0,0,蓝V,https://arxiv.org/pdf/2307.06440.pdf,https://arxiv.org/pdf/2307.06440.pdf,True,high,arXiv,,arXiv
1766,,6433304918.0,,0,0,0,蓝V,https://arxiv.org/pdf/2307.06945.pdf,https://arxiv.org/pdf/2307.06945.pdf,True,high,arXiv,,arXiv
1767,,1450305785.0,,0,0,0,普通用户,https://arxiv.org/abs/2308.10379,https://arxiv.org/abs/2308.10379,True,high,arXiv,,arXiv
1768,,5648162302.0,,0,0,0,红V,arxiv.org/abs/2308.16184v1,arxiv.org/abs/2308.16184v1,True,medium,学术特征,,/abs/
1769,,1870858943.0,,0,0,0,蓝V,https://www.aminer.cn/pub/64fa84403fda6d7f06700975/flm-b-an-open-llm-and-how-to-train-it-with-k,https://www.aminer.cn/pub/64fa84403fda6d7f06700975/flm-b-an-open-llm-and-how-to-train-it-with-k,True,high,AMiner,,AMiner
1770,,5976873363.0,,0,0,0,普通用户,https://www.nature.com/articles/s41586-023-06511-9,https://www.nature.com/articles/s41586-023-06511-9,True,high,Nature,,Nature
1771,,2678093863.0,,0,0,0,普通用户,https://arxiv.org/pdf/2309.01029,https://arxiv.org/pdf/2309.01029,True,high,arXiv,,arXiv
1772,,1464484735.0,,0,0,0,普通用户,https://arxiv.org/abs/2307.07924,https://arxiv.org/abs/2307.07924,True,high,arXiv,,arXiv
1773,,3275213384.0,,0,0,0,蓝V,https://www.cell.com/cell-reports-medicine/fulltext/S2666-3791(23)00325-7?utm_medium=weibo,https://www.cell.com/cell-reports-medicine/fulltext/S2666-3791(23)00325-7?utm_medium=weibo,True,high,CELL PRESS,,CELL PRESS
1774,,6433304918.0,,0,0,0,蓝V,https://arxiv.org/pdf/2307.14430.pdf,https://arxiv.org/pdf/2307.14430.pdf,True,high,arXiv,,arXiv
1775,,6433304918.0,,0,0,0,蓝V,https://arxiv.org/pdf/2307.09009.pdf,https://arxiv.org/pdf/2307.09009.pdf,True,high,arXiv,,arXiv
1776,,2279408463.0,,0,0,0,蓝V,https://jphysiolanthropol.biomedcentral.com/articles/10.1186/s40101-023-00328-1?utm_medium=organic_social&utm_source=wiebo&utm_campaign=CONR_JRNLS_ENGM_AP_CNCM_002EC_editpick,https://jphysiolanthropol.biomedcentral.com/articles/10.1186/s40101-023-00328-1?utm_medium=organic_social&utm_source=wiebo&utm_campaign=CONR_JRNLS_ENGM_AP_CNCM_002EC_editpick,True,high,DOI,10.1186/s40101-023-00328-1?utm_medium=organic_social&utm_source=wiebo&utm_campaign=CONR_JRNLS_ENGM_AP_CNCM_002EC_editpick,DOI
1777,,6433304918.0,,0,0,0,蓝V,https://arxiv.org/pdf/2308.08998.pdf,https://arxiv.org/pdf/2308.08998.pdf,True,high,arXiv,,arXiv
1778,,6433304918.0,,0,0,0,蓝V,https://arxiv.org/pdf/2307.08621.pdf,https://arxiv.org/pdf/2307.08621.pdf,True,high,arXiv,,arXiv
1779,,6433304918.0,,0,0,0,蓝V,https://arxiv.org/pdf/2307.08691.pdf,https://arxiv.org/pdf/2307.08691.pdf,True,high,arXiv,,arXiv
1780,,5703921756.0,,0,0,0,蓝V,https://arxiv.org/abs/2309.00267,https://arxiv.org/abs/2309.00267,True,high,arXiv,,arXiv
1781,,6433304918.0,,0,0,0,蓝V,https://arxiv.org/pdf/2308.01223.pdf,https://arxiv.org/pdf/2308.01223.pdf,True,high,arXiv,,arXiv
1782,,6433304918.0,,0,0,0,蓝V,https://arxiv.org/pdf/2307.05695.pdf,https://arxiv.org/pdf/2307.05695.pdf,True,high,arXiv,,arXiv
1783,,6433304918.0,,0,0,0,蓝V,https://arxiv.org/pdf/2310.11207.pdf,https://arxiv.org/pdf/2310.11207.pdf,True,high,arXiv,,arXiv
1784,,6433304918.0,,0,0,0,蓝V,https://arxiv.org/pdf/2310.12150.pdf,https://arxiv.org/pdf/2310.12150.pdf,True,high,arXiv,,arXiv
1785,,6433304918.0,,0,0,0,蓝V,https://arxiv.org/pdf/2310.02226.pdf,https://arxiv.org/pdf/2310.02226.pdf,True,high,arXiv,,arXiv
1786,,1657470871.0,,0,0,0,黄V,https://arxiv.org/abs/2310.09624,https://arxiv.org/abs/2310.09624,True,high,arXiv,,arXiv
1787,,6433304918.0,,0,0,0,蓝V,https://arxiv.org/pdf/2309.16588.pdf,https://arxiv.org/pdf/2309.16588.pdf,True,high,arXiv,,arXiv
1788,,6433304918.0,,0,0,0,蓝V,https://arxiv.org/pdf/2310.11511.pdf,https://arxiv.org/pdf/2310.11511.pdf,True,high,arXiv,,arXiv
1789,,6433304918.0,,0,0,0,蓝V,https://arxiv.org/pdf/2310.11453.pdf,https://arxiv.org/pdf/2310.11453.pdf,True,high,arXiv,,arXiv
1790,,1870858943.0,,0,0,0,蓝V,https://www.aminer.cn/pub/6535d747939a5f408295c4be/dpm-solver-v-improved-diffusion-ode-solver-with-empirical-model-statistics?f=wb,https://www.aminer.cn/pub/6535d747939a5f408295c4be/dpm-solver-v-improved-diffusion-ode-solver-with-empirical-model-statistics?f=wb,True,high,AMiner,,AMiner
1791,,7700536638.0,,0,0,0,普通用户,https://onlinelibrary.wiley.com/doi/10.1111/acel.13963,https://onlinelibrary.wiley.com/doi/10.1111/acel.13963,True,high,DOI,10.1111/acel.13963,DOI
1792,,6433304918.0,,0,0,0,蓝V,https://arxiv.org/pdf/2310.05869v2.pdf,https://arxiv.org/pdf/2310.05869v2.pdf,True,high,arXiv,,arXiv
1793,,6433304918.0,,0,0,0,蓝V,https://arxiv.org/pdf/2310.12931.pdf,https://arxiv.org/pdf/2310.12931.pdf,True,high,arXiv,,arXiv
1794,,6433304918.0,,0,0,0,蓝V,http://arxiv.org/abs/2310.06830,http://arxiv.org/abs/2310.06830,True,high,arXiv,,arXiv
1795,,1870858943.0,,0,0,0,蓝V,https://www.aminer.cn/pub/6531e2ca939a5f4082f5d68c/automix-automatically-mixing-language-models?f=wb,https://www.aminer.cn/pub/6531e2ca939a5f4082f5d68c/automix-automatically-mixing-language-models?f=wb,True,high,AMiner,,AMiner
1796,,1870858943.0,,0,0,0,蓝V,https://www.aminer.cn/pub/653f11c2939a5f4082888617/large-language-models-as-generalizable-policies-for-embodied-tasks?f=wb,https://www.aminer.cn/pub/653f11c2939a5f4082888617/large-language-models-as-generalizable-policies-for-embodied-tasks?f=wb,True,high,AMiner,,AMiner
1797,,1812166904.0,,0,0,0,黄V,https://arxiv.org/abs/2205.10625,https://arxiv.org/abs/2205.10625,True,high,arXiv,,arXiv
1797,,1812166904.0,,0,0,0,黄V,https://arxiv.org/abs/2203.11171,https://arxiv.org/abs/2203.11171,True,high,arXiv,,arXiv
1797,,1812166904.0,,0,0,0,黄V,https://arxiv.org/abs/2307.05300,https://arxiv.org/abs/2307.05300,True,high,arXiv,,arXiv
1798,,1894295570.0,,0,0,0,蓝V,https://www.scirp.org/journal/paperinformation.aspx?paperid=128410&utm_campaign=weibo&utm_source=chenling,https://www.scirp.org/journal/paperinformation.aspx?paperid=128410&utm_campaign=weibo&utm_source=chenling,True,high,SCIRP 美国科研出版社,,SCIRP 美国科研出版社
1799,,6433304918.0,,0,0,0,蓝V,https://arxiv.org/pdf/2310.03693.pdf,https://arxiv.org/pdf/2310.03693.pdf,True,high,arXiv,,arXiv
1800,,1870858943.0,,0,0,0,蓝V,https://www.aminer.cn/pub/652f3ff0939a5f4082e74d9f/bitnet-scaling-bit-transformers-for-large-language-models?f=wb,https://www.aminer.cn/pub/652f3ff0939a5f4082e74d9f/bitnet-scaling-bit-transformers-for-large-language-models?f=wb,True,high,AMiner,,AMiner
1801,,1870858943.0,,0,0,0,蓝V,https://www.aminer.cn/pub/652f3ff0939a5f4082e74b29/approximating-two-layer-feedforward-networks-for-efficient-transformers?f=wb,https://www.aminer.cn/pub/652f3ff0939a5f4082e74b29/approximating-two-layer-feedforward-networks-for-efficient-transformers?f=wb,True,high,AMiner,,AMiner
1802,,6433304918.0,,0,0,0,蓝V,https://arxiv.org/pdf/2310.07713.pdf,https://arxiv.org/pdf/2310.07713.pdf,True,high,arXiv,,arXiv
1803,,5602911905.0,,0,0,0,蓝V,https://ieeexplore.ieee.org/document/10254320,https://ieeexplore.ieee.org/document/10254320,True,high,IEEE Xplore,,IEEE Xplore
1804,,1870858943.0,,0,0,0,蓝V,https://www.aminer.cn/pub/652dee70939a5f4082b43450/reward-augmented-decoding-efficient-controlled-text-generation-with-a-unidirectional-reward-model?f=wb,https://www.aminer.cn/pub/652dee70939a5f4082b43450/reward-augmented-decoding-efficient-controlled-text-generation-with-a-unidirectional-reward-model?f=wb,True,high,AMiner,,AMiner
1805,,1870858943.0,,0,0,0,蓝V,https://www.aminer.cn/pub/652def0c939a5f4082b54103/in-context-pretraining-language-modeling-beyond-document-boundaries?f=wb,https://www.aminer.cn/pub/652def0c939a5f4082b54103/in-context-pretraining-language-modeling-beyond-document-boundaries?f=wb,True,high,AMiner,,AMiner
1806,,5976873363.0,,0,0,0,普通用户,https://www.nature.com/articles/s41586-023-06586-4,https://www.nature.com/articles/s41586-023-06586-4,True,high,Nature,,Nature
1807,,1727858283.0,,0,0,0,金V,https://arxiv.org/abs/2310.11441,https://arxiv.org/abs/2310.11441,True,high,arXiv,,arXiv
1808,,6433304918.0,,0,0,0,蓝V,https://arxiv.org/pdf/2309.14717.pdf,https://arxiv.org/pdf/2309.14717.pdf,True,high,arXiv,,arXiv
1809,,1870858943.0,,0,0,0,蓝V,https://www.aminer.cn/pub/65275731939a5f4082a44f5c/matchat-a-large-language-model-and-application-service-platform-for-materials-science?f=wb,https://www.aminer.cn/pub/65275731939a5f4082a44f5c/matchat-a-large-language-model-and-application-service-platform-for-materials-science?f=wb,True,high,AMiner,,AMiner
1810,,1870858943.0,,0,0,0,蓝V,https://www.aminer.cn/pub/65275731939a5f4082a44e95/large-language-models-can-learn-rules?f=wb,https://www.aminer.cn/pub/65275731939a5f4082a44e95/large-language-models-can-learn-rules?f=wb,True,high,AMiner,,AMiner
1811,,2753145955.0,,0,0,0,蓝V,https://doi.org/10.1038/s41561-023-01264-6,https://doi.org/10.1038/s41561-023-01264-6,True,high,DOI,10.1038/s41561-023-01264-6,DOI
1812,,2008779105.0,,0,0,0,蓝V,https://www.science.org/doi/10.1126/science.adh1174,https://www.science.org/doi/10.1126/science.adh1174,True,high,DOI,10.1126/science.adh1174,DOI
1813,,1727858283.0,,0,0,0,金V,https://arxiv.org/pdf/2310.06117.pdf,https://arxiv.org/pdf/2310.06117.pdf,True,high,arXiv,,arXiv
1814,,1615055180.0,,0,0,0,黄V,https://jcom.sissa.it/article/pubid/JCOM_2201_2023_A08/,https://jcom.sissa.it/article/pubid/JCOM_2201_2023_A08/,True,low,弱学术关键词,,article
1815,,1870858943.0,,0,0,0,蓝V,https://www.aminer.cn/pub/6528a864939a5f408257a0e1/prometheus-inducing-fine-grained-evaluation-capability-in-language-models?f=wb,https://www.aminer.cn/pub/6528a864939a5f408257a0e1/prometheus-inducing-fine-grained-evaluation-capability-in-language-models?f=wb,True,high,AMiner,,AMiner
1816,,1870858943.0,,0,0,0,蓝V,https://www.aminer.cn/pub/6528a864939a5f4082579f9d/learn-from-model-beyond-fine-tuning-a-survey?f=wb,https://www.aminer.cn/pub/6528a864939a5f4082579f9d/learn-from-model-beyond-fine-tuning-a-survey?f=wb,True,high,AMiner,,AMiner
1817,,2279408463.0,,0,0,0,蓝V,https://bmcmedicine.biomedcentral.com/articles/10.1186/s12916-023-03001-7?utm_medium=organic_social&utm_source=weibo&utm_campaign=CONR_JRNLS_ENGM_AP_CNCM_002EC_editpick,https://bmcmedicine.biomedcentral.com/articles/10.1186/s12916-023-03001-7?utm_medium=organic_social&utm_source=weibo&utm_campaign=CONR_JRNLS_ENGM_AP_CNCM_002EC_editpick,True,high,DOI,10.1186/s12916-023-03001-7?utm_medium=organic_social&utm_source=weibo&utm_campaign=CONR_JRNLS_ENGM_AP_CNCM_002EC_editpick,DOI
1818,,1699305164.0,,0,0,0,普通用户,https://arxiv.org/pdf/2310.01405.pdf,https://arxiv.org/pdf/2310.01405.pdf,True,high,arXiv,,arXiv
1819,,6433304918.0,,0,0,0,蓝V,https://arxiv.org/pdf/2309.17453.pdf,https://arxiv.org/pdf/2309.17453.pdf,True,high,arXiv,,arXiv
1820,,1727858283.0,,0,0,0,金V,https://arxiv.org/abs/2309.11495,https://arxiv.org/abs/2309.11495,True,high,arXiv,,arXiv
1821,,6433304918.0,,0,0,0,蓝V,https://arxiv.org/pdf/2311.09210.pdf,https://arxiv.org/pdf/2311.09210.pdf,True,high,arXiv,,arXiv
1822,,6433304918.0,,0,0,0,蓝V,https://arxiv.org/pdf/2311.07989.pdf,https://arxiv.org/pdf/2311.07989.pdf,True,high,arXiv,,arXiv
1823,,6433304918.0,,0,0,0,蓝V,https://arxiv.org/pdf/2311.07562.pdf,https://arxiv.org/pdf/2311.07562.pdf,True,high,arXiv,,arXiv
1824,,6433304918.0,,0,0,0,蓝V,https://arxiv.org/pdf/2311.09247.pdf,https://arxiv.org/pdf/2311.09247.pdf,True,high,arXiv,,arXiv
1825,,1812166904.0,,0,0,0,黄V,arxiv.org/pdf/2212.04356,arxiv.org/pdf/2212.04356,True,high,arXiv,,arXiv
1826,,6433304918.0,,0,0,0,蓝V,https://arxiv.org/pdf/2311.04219.pdf,https://arxiv.org/pdf/2311.04219.pdf,True,high,arXiv,,arXiv
1827,,1870858943.0,,0,0,0,蓝V,https://www.aminer.cn/pub/6566b085939a5f40827a970b/CharacterGLM%3A%20Customizing%20Chinese%20Conversational%20AI%20Characters%20with%0A%20%20Large%20Language%20Models?f=wb,"https://www.aminer.cn/pub/6566b085939a5f40827a970b/CharacterGLM: Customizing Chinese Conversational AI Characters with
  Large Language Models?f=wb",True,high,AMiner,,AMiner
1828,,6433304918.0,,0,0,0,蓝V,https://arxiv.org/pdf/2311.05997.pdf,https://arxiv.org/pdf/2311.05997.pdf,True,high,arXiv,,arXiv
1829,,6433304918.0,,0,0,0,蓝V,https://arxiv.org/pdf/2311.02462.pdf,https://arxiv.org/pdf/2311.02462.pdf,True,high,arXiv,,arXiv
1830,,6433304918.0,,0,0,0,蓝V,https://arxiv.org/pdf/2311.04589.pdf,https://arxiv.org/pdf/2311.04589.pdf,True,high,arXiv,,arXiv
1831,,2128464487.0,,0,0,0,黄V,https://www.sciencedirect.com/science/article/pii/S2666651023000141,https://www.sciencedirect.com/science/article/pii/S2666651023000141,True,high,SPRINGER,,SPRINGER
1832,,1870858943.0,,0,0,0,蓝V,https://www.aminer.cn/pub/655ebe60939a5f4082bb5c79/?f=wb,https://www.aminer.cn/pub/655ebe60939a5f4082bb5c79/?f=wb,True,high,AMiner,,AMiner
1833,,2008779105.0,,0,0,0,蓝V,https://www.nature.com/articles/s41592-023-02020-9,https://www.nature.com/articles/s41592-023-02020-9,True,high,Nature,,Nature
1834,,1870858943.0,,0,0,0,蓝V,https://www.aminer.cn/pub/65543326939a5f40820ac89d/diloco-distributed-low-communication-training-of-language-models?f=wb,https://www.aminer.cn/pub/65543326939a5f40820ac89d/diloco-distributed-low-communication-training-of-language-models?f=wb,True,high,AMiner,,AMiner
1835,,1870858943.0,,0,0,0,蓝V,https://www.aminer.cn/pub/65543326939a5f40820ac849/qwen-audio-advancing-universal-audio-understanding-via-unified-large-scale-audio-language?f=wb,https://www.aminer.cn/pub/65543326939a5f40820ac849/qwen-audio-advancing-universal-audio-understanding-via-unified-large-scale-audio-language?f=wb,True,high,AMiner,,AMiner
1836,,1870858943.0,,0,0,0,蓝V,https://www.aminer.cn/pub/6552df4a939a5f40823a0044/q-instruct-improving-low-level-visual-abilities-for-multi-modality-foundation-models?f=wb,https://www.aminer.cn/pub/6552df4a939a5f40823a0044/q-instruct-improving-low-level-visual-abilities-for-multi-modality-foundation-models?f=wb,True,high,AMiner,,AMiner
1837,,5976873363.0,,0,0,0,普通用户,https://www.science.org/doi/10.1126/scirobotics.abp9758,https://www.science.org/doi/10.1126/scirobotics.abp9758,True,high,DOI,10.1126/scirobotics.abp9758,DOI
1838,,1894295570.0,,0,0,0,蓝V,https://www.scirp.org/journal/paperinformation.aspx?paperid=129278&utm_campaign=weibochenling&utm_source=chenling&utm_medium=weibochenling,https://www.scirp.org/journal/paperinformation.aspx?paperid=129278&utm_campaign=weibochenling&utm_source=chenling&utm_medium=weibochenling,True,high,SCIRP 美国科研出版社,,SCIRP 美国科研出版社
1839,,1727858283.0,,0,0,0,金V,https://arxiv.org/abs/2305.20050,https://arxiv.org/abs/2305.20050,True,high,arXiv,,arXiv
1839,,1727858283.0,,0,0,0,金V,https://arxiv.org/abs/2305.10601,https://arxiv.org/abs/2305.10601,True,high,arXiv,,arXiv
1839,,1727858283.0,,0,0,0,金V,https://arxiv.org/abs/2308.09687,https://arxiv.org/abs/2308.09687,True,high,arXiv,,arXiv
1840,,6105753431.0,,0,0,0,蓝V,https://arxiv.org/abs/2311.06772,https://arxiv.org/abs/2311.06772,True,high,arXiv,,arXiv
1841,,1402400261.0,,0,0,0,金V,https://arxiv.org/abs/2311.09835,https://arxiv.org/abs/2311.09835,True,high,arXiv,,arXiv
1842,,2427364747.0,,0,0,0,蓝V,https://doi.org/10.1038/s41421-023-00606-3,https://doi.org/10.1038/s41421-023-00606-3,True,high,DOI,10.1038/s41421-023-00606-3,DOI
1843,,1812166904.0,,0,0,0,黄V,https://arxiv.org/abs/2212.10071,https://arxiv.org/abs/2212.10071,True,high,arXiv,,arXiv
1844,,5549728763.0,,0,0,0,蓝V,https://arxiv.org/pdf/2311.07562.pdf,https://arxiv.org/pdf/2311.07562.pdf,True,high,arXiv,,arXiv
1845,,6433304918.0,,0,0,0,蓝V,https://arxiv.org/pdf/2310.16944.pdf,https://arxiv.org/pdf/2310.16944.pdf,True,high,arXiv,,arXiv
1846,,1870858943.0,,0,0,0,蓝V,https://www.aminer.cn/pub/65543326939a5f40820ac868/a-survey-on-language-models-for-code?f=wb,https://www.aminer.cn/pub/65543326939a5f40820ac868/a-survey-on-language-models-for-code?f=wb,True,high,AMiner,,AMiner
1847,,1912085257.0,,0,0,0,红V,https://arxiv.org/abs/2311.00430,https://arxiv.org/abs/2311.00430,True,high,arXiv,,arXiv
1848,,6433304918.0,,0,0,0,蓝V,https://arxiv.org/pdf/2311.11829.pdf,https://arxiv.org/pdf/2311.11829.pdf,True,high,arXiv,,arXiv
1849,,1894295570.0,,0,0,0,蓝V,https://www.scirp.org/journal/paperinformation.aspx?paperid=129073&utm_campaign=weibochenling&utm_source=chenling&utm_medium=weibochenling,https://www.scirp.org/journal/paperinformation.aspx?paperid=129073&utm_campaign=weibochenling&utm_source=chenling&utm_medium=weibochenling,True,high,SCIRP 美国科研出版社,,SCIRP 美国科研出版社
1850,,5651875373.0,,0,0,0,普通用户,https://chn.oversea.cnki.net/KCMS/detail/detail.aspx?dbcode=CPFD&dbname=CPFDTEMPDAY&filename=ZHCG202309016095&uniplatform=OVERSEA&v=ONm8tbqGEUSpUgtEJFJ5GEEYCBrh74h8axHrx8IM6FgMX5CGbx1fCTrrAhKjpcF_1PEJdwzrkn8%3d,https://chn.oversea.cnki.net/KCMS/detail/detail.aspx?dbcode=CPFD&dbname=CPFDTEMPDAY&filename=ZHCG202309016095&uniplatform=OVERSEA&v=ONm8tbqGEUSpUgtEJFJ5GEEYCBrh74h8axHrx8IM6FgMX5CGbx1fCTrrAhKjpcF_1PEJdwzrkn8=,True,high,CNKI,,CNKI
1851,,1402400261.0,,0,0,0,金V,https://arxiv.org/abs/2311.12793,https://arxiv.org/abs/2311.12793,True,high,arXiv,,arXiv
1852,,1870858943.0,,0,0,0,蓝V,https://www.aminer.cn/pub/654af002939a5f40823c84c9/otterhd-a-high-resolution-multi-modality-model?f=wb,https://www.aminer.cn/pub/654af002939a5f40823c84c9/otterhd-a-high-resolution-multi-modality-model?f=wb,True,high,AMiner,,AMiner
1853,,6433304918.0,,0,0,0,蓝V,https://arxiv.org/pdf/2310.16795.pdf,https://arxiv.org/pdf/2310.16795.pdf,True,high,arXiv,,arXiv
1854,,1402400261.0,,0,0,0,金V,https://arxiv.org/abs/2311.08877,https://arxiv.org/abs/2311.08877,True,high,arXiv,,arXiv
1855,,1870858943.0,,0,0,0,蓝V,https://www.aminer.cn/pub/654c4abd939a5f4082b35938/lrm-large-reconstruction-model-for-single-image-to-d?f=wb,https://www.aminer.cn/pub/654c4abd939a5f4082b35938/lrm-large-reconstruction-model-for-single-image-to-d?f=wb,True,high,AMiner,,AMiner
1856,,1870858943.0,,0,0,0,蓝V,https://www.aminer.cn/pub/65499e11939a5f4082beca5d/glamm-pixel-grounding-large-multimodal-model?f=wb,https://www.aminer.cn/pub/65499e11939a5f4082beca5d/glamm-pixel-grounding-large-multimodal-model?f=wb,True,high,AMiner,,AMiner
1857,,1870858943.0,,0,0,0,蓝V,https://www.aminer.cn/pub/65499d90939a5f4082bea069/s-lora-serving-thousands-of-concurrent-lora-adapters?f=wb,https://www.aminer.cn/pub/65499d90939a5f4082bea069/s-lora-serving-thousands-of-concurrent-lora-adapters?f=wb,True,high,AMiner,,AMiner
1858,,1870858943.0,,0,0,0,蓝V,https://www.aminer.cn/pub/65499d88939a5f4082be98c0/relax-composable-abstractions-for-end-to-end-dynamic-machine-learning?f=wb,https://www.aminer.cn/pub/65499d88939a5f4082be98c0/relax-composable-abstractions-for-end-to-end-dynamic-machine-learning?f=wb,True,high,AMiner,,AMiner
1859,,1870858943.0,,0,0,0,蓝V,https://www.aminer.cn/pub/654c4abd939a5f4082b358f9/can-llms-follow-simple-rules?f=wb,https://www.aminer.cn/pub/654c4abd939a5f4082b358f9/can-llms-follow-simple-rules?f=wb,True,high,AMiner,,AMiner
1860,,2279408463.0,,0,0,0,蓝V,https://genomemedicine.biomedcentral.com/articles/10.1186/s13073-023-01242-y?utm_medium=organic_social&utm_source=weibo&utm_campaign=CONR_JRNLS_ENGM_AP_CNCM_002EC_editpick,https://genomemedicine.biomedcentral.com/articles/10.1186/s13073-023-01242-y?utm_medium=organic_social&utm_source=weibo&utm_campaign=CONR_JRNLS_ENGM_AP_CNCM_002EC_editpick,True,high,DOI,10.1186/s13073-023-01242-y?utm_medium=organic_social&utm_source=weibo&utm_campaign=CONR_JRNLS_ENGM_AP_CNCM_002EC_editpick,DOI
1860,,2279408463.0,,0,0,0,蓝V,https://genomemedicine.biomedcentral.com/articles/10.1186/s13073-023-01242-y?utm_medium=organic_social&utm_source=weibo&utm_campaign=CONR_JRNLS_ENGM_AP_CNCM_002EC_editpick,https://genomemedicine.biomedcentral.com/articles/10.1186/s13073-023-01242-y?utm_medium=organic_social&utm_source=weibo&utm_campaign=CONR_JRNLS_ENGM_AP_CNCM_002EC_editpick,True,high,DOI,10.1186/s13073-023-01242-y?utm_medium=organic_social&utm_source=weibo&utm_campaign=CONR_JRNLS_ENGM_AP_CNCM_002EC_editpick,DOI
1861,,5953063530.0,,0,0,0,普通用户,http://www.iapjournals.ac.cn/dqkx/cn/article/doi/10.3878/j.issn.1006-9895.2202.21236,http://www.iapjournals.ac.cn/dqkx/cn/article/doi/10.3878/j.issn.1006-9895.2202.21236,True,high,DOI,10.3878/j.issn.1006-9895.2202.21236,DOI
1862,,1618819632.0,,0,0,0,金V,https://arxiv.org/pdf/2307.11760.pdf,https://arxiv.org/pdf/2307.11760.pdf,True,high,arXiv,,arXiv
1863,,1870858943.0,,0,0,0,蓝V,https://www.aminer.cn/pub/65484c09939a5f4082af623d/don-t-make-your-llm-an-evaluation-benchmark-cheater?f=wb,https://www.aminer.cn/pub/65484c09939a5f4082af623d/don-t-make-your-llm-an-evaluation-benchmark-cheater?f=wb,True,high,AMiner,,AMiner
1864,,1815659631.0,,0,0,0,普通用户,https://arxiv.org/abs/2302.09520,https://arxiv.org/abs/2302.09520,True,high,arXiv,,arXiv
1865,,2279408463.0,,0,0,0,蓝V,https://microbiomejournal.biomedcentral.com/articles/10.1186/s40168-023-01645-4?utm_medium=organic_social&utm_source=weibo&utm_campaign=CONR_JRNLS_ENGM_AP_CNCM_002EC_editpick,https://microbiomejournal.biomedcentral.com/articles/10.1186/s40168-023-01645-4?utm_medium=organic_social&utm_source=weibo&utm_campaign=CONR_JRNLS_ENGM_AP_CNCM_002EC_editpick,True,high,DOI,10.1186/s40168-023-01645-4?utm_medium=organic_social&utm_source=weibo&utm_campaign=CONR_JRNLS_ENGM_AP_CNCM_002EC_editpick,DOI
1865,,2279408463.0,,0,0,0,蓝V,https://microbiomejournal.biomedcentral.com/articles/10.1186/s40168-023-01645-4?utm_medium=organic_social&utm_source=weibo&utm_campaign=CONR_JRNLS_ENGM_AP_CNCM_002EC_editpick,https://microbiomejournal.biomedcentral.com/articles/10.1186/s40168-023-01645-4?utm_medium=organic_social&utm_source=weibo&utm_campaign=CONR_JRNLS_ENGM_AP_CNCM_002EC_editpick,True,high,DOI,10.1186/s40168-023-01645-4?utm_medium=organic_social&utm_source=weibo&utm_campaign=CONR_JRNLS_ENGM_AP_CNCM_002EC_editpick,DOI
1866,,1894295570.0,,0,0,0,蓝V,https://www.scirp.org/journal/paperinformation.aspx?paperid=128908&utm_campaign=weibochenling&utm_source=chenling&utm_medium=weibochenling,https://www.scirp.org/journal/paperinformation.aspx?paperid=128908&utm_campaign=weibochenling&utm_source=chenling&utm_medium=weibochenling,True,high,SCIRP 美国科研出版社,,SCIRP 美国科研出版社
1867,,6433304918.0,,0,0,0,蓝V,https://arxiv.org/pdf/2304.09542v2.pdf,https://arxiv.org/pdf/2304.09542v2.pdf,True,high,arXiv,,arXiv
1868,,6433304918.0,,0,0,0,蓝V,https://arxiv.org/pdf/2307.11760.pdf,https://arxiv.org/pdf/2307.11760.pdf,True,high,arXiv,,arXiv
1869,,1870858943.0,,0,0,0,蓝V,https://www.aminer.cn/pub/6541a7aa939a5f40824bea19/battle-of-the-backbones-a-large-scale-comparison-of-pretrained-models-across?f=wb,https://www.aminer.cn/pub/6541a7aa939a5f40824bea19/battle-of-the-backbones-a-large-scale-comparison-of-pretrained-models-across?f=wb,True,high,AMiner,,AMiner
1870,,1912085257.0,,0,0,0,红V,https://arxiv.org/abs/2311.00430,https://arxiv.org/abs/2311.00430,True,high,arXiv,,arXiv
1871,,1727858283.0,,0,0,0,金V,https://arxiv.org/abs/2311.01166,https://arxiv.org/abs/2311.01166,True,high,arXiv,,arXiv
1872,,1870858943.0,,0,0,0,蓝V,https://www.aminer.cn/pub/6541f34a939a5f4082ce2115/atom-low-bit-quantization-for-efficient-and-accurate-llm-serving?f=wb,https://www.aminer.cn/pub/6541f34a939a5f4082ce2115/atom-low-bit-quantization-for-efficient-and-accurate-llm-serving?f=wb,True,high,AMiner,,AMiner
1873,,1870858943.0,,0,0,0,蓝V,https://www.aminer.cn/pub/655189d8939a5f4082a60f25/hiformer-heterogeneous-feature-interactions-learning-with-transformers-for-recommender-systems?f=wb,https://www.aminer.cn/pub/655189d8939a5f4082a60f25/hiformer-heterogeneous-feature-interactions-learning-with-transformers-for-recommender-systems?f=wb,True,high,AMiner,,AMiner
1874,,1870858943.0,,0,0,0,蓝V,https://www.aminer.cn/pub/65518952939a5f4082a5d9c9/lumos-learning-agents-with-unified-data-modular-design-and-open-source-llms?f=wb,https://www.aminer.cn/pub/65518952939a5f4082a5d9c9/lumos-learning-agents-with-unified-data-modular-design-and-open-source-llms?f=wb,True,high,AMiner,,AMiner
1875,,5329434101.0,,0,0,0,蓝V,https://www.nature.com/articles/s41558-023-01818-x?utm_medium=organic_social&utm_source=weibo&utm_campaign=CONR_PF020_ENGM_AP_CNCM_002EA_weeklyS,https://www.nature.com/articles/s41558-023-01818-x?utm_medium=organic_social&utm_source=weibo&utm_campaign=CONR_PF020_ENGM_AP_CNCM_002EA_weeklyS,True,high,Nature,,Nature
1876,,1943129625.0,,0,0,0,普通用户,https://arxiv.org/abs/2307.08715,https://arxiv.org/abs/2307.08715,True,high,arXiv,,arXiv
1877,,3744520365.0,,0,0,0,普通用户,https://arxiv.org/abs/2310.07298,https://arxiv.org/abs/2310.07298,True,high,arXiv,,arXiv
1878,,6433304918.0,,0,0,0,蓝V,https://arxiv.org/pdf/2310.17631.pdf,https://arxiv.org/pdf/2310.17631.pdf,True,high,arXiv,,arXiv
1879,,6433304918.0,,0,0,0,蓝V,https://arxiv.org/pdf/2310.19736.pdf,https://arxiv.org/pdf/2310.19736.pdf,True,high,arXiv,,arXiv
1880,,1894295570.0,,0,0,0,蓝V,https://www.scirp.org/journal/paperinformation.aspx?paperid=128766&utm_campaign=weibo&utm_source=chenling,https://www.scirp.org/journal/paperinformation.aspx?paperid=128766&utm_campaign=weibo&utm_source=chenling,True,high,SCIRP 美国科研出版社,,SCIRP 美国科研出版社
1881,,1912085257.0,,0,0,0,红V,https://arxiv.org/abs/2310.13548,https://arxiv.org/abs/2310.13548,True,high,arXiv,,arXiv
1882,,5976873363.0,,0,0,0,普通用户,https://www.nature.com/articles/s41467-023-42242-1,https://www.nature.com/articles/s41467-023-42242-1,True,high,Nature,,Nature
1883,,6433304918.0,,0,0,0,蓝V,https://arxiv.org/abs/2310.09199,https://arxiv.org/abs/2310.09199,True,high,arXiv,,arXiv
1884,,2794083144.0,,0,0,0,蓝V,https://jneuroinflammation.biomedcentral.com/articles/10.1186/s12974-023-02923-6,https://jneuroinflammation.biomedcentral.com/articles/10.1186/s12974-023-02923-6,True,high,DOI,10.1186/s12974-023-02923-6,DOI
1885,,1815659631.0,,0,0,0,普通用户,https://arxiv.org/abs/2307.11760,https://arxiv.org/abs/2307.11760,True,high,arXiv,,arXiv
1886,,6433304918.0,,0,0,0,蓝V,https://arxiv.org/pdf/2312.12456v1.pdf,https://arxiv.org/pdf/2312.12456v1.pdf,True,high,arXiv,,arXiv
1887,,6433304918.0,,0,0,0,蓝V,https://arxiv.org/pdf/2304.15004.pdf,https://arxiv.org/pdf/2304.15004.pdf,True,high,arXiv,,arXiv
1888,,6433304918.0,,0,0,0,蓝V,https://arxiv.org/pdf/2312.12491v1.pdf,https://arxiv.org/pdf/2312.12491v1.pdf,True,high,arXiv,,arXiv
1889,,6433304918.0,,0,0,0,蓝V,https://arxiv.org/pdf/2312.07409.pdf,https://arxiv.org/pdf/2312.07409.pdf,True,high,arXiv,,arXiv
1890,,3275213384.0,,0,0,0,蓝V,https://www.cell.com/cell-reports-physical-science/fulltext/S2666-3864(23)00561-1?utm_medium=weibo,https://www.cell.com/cell-reports-physical-science/fulltext/S2666-3864(23)00561-1?utm_medium=weibo,True,high,CELL PRESS,,CELL PRESS
1891,,6433304918.0,,0,0,0,蓝V,https://arxiv.org/pdf/2312.04985.pdf,https://arxiv.org/pdf/2312.04985.pdf,True,high,arXiv,,arXiv
1892,,6433304918.0,,0,0,0,蓝V,https://arxiv.org/pdf/2312.06550.pdf,https://arxiv.org/pdf/2312.06550.pdf,True,high,arXiv,,arXiv
1893,,6433304918.0,,0,0,0,蓝V,https://arxiv.org/pdf/2312.10003.pdf,https://arxiv.org/pdf/2312.10003.pdf,True,high,arXiv,,arXiv
1894,,1727858283.0,,0,0,0,金V,https://arxiv.org/abs/2312.04474v2,https://arxiv.org/abs/2312.04474v2,True,high,arXiv,,arXiv
1895,,6433304918.0,,0,0,0,蓝V,https://arxiv.org/pdf/2312.06585.pdf,https://arxiv.org/pdf/2312.06585.pdf,True,high,arXiv,,arXiv
1896,,6324766931.0,,0,0,0,黄V,https://pubmed.ncbi.nlm.nih.gov/37930106/,https://pubmed.ncbi.nlm.nih.gov/37930106/,True,high,PubMed,,PubMed
1897,,5976873363.0,,0,0,0,普通用户,https://www.nature.com/articles/s41467-023-43445-2,https://www.nature.com/articles/s41467-023-43445-2,True,high,Nature,,Nature
1898,,5662898461.0,,0,0,0,蓝V,https://www.sciencedirect.com/science/article/pii/S2095311923000977,https://www.sciencedirect.com/science/article/pii/S2095311923000977,True,high,SPRINGER,,SPRINGER
1899,,1727858283.0,,0,0,0,金V,https://arxiv.org/abs/2312.16862,https://arxiv.org/abs/2312.16862,True,high,arXiv,,arXiv
1900,,1727858283.0,,0,0,0,金V,https://arxiv.org/abs/2312.16886,https://arxiv.org/abs/2312.16886,True,high,arXiv,,arXiv
1901,,1870858943.0,,0,0,0,蓝V,https://www.aminer.cn/pub/6584fe9e939a5f40823975dc/appagent-multimodal-agents-as-smartphone-users?f=wb,https://www.aminer.cn/pub/6584fe9e939a5f40823975dc/appagent-multimodal-agents-as-smartphone-users?f=wb,True,high,AMiner,,AMiner
1902,,6433304918.0,,0,0,0,蓝V,https://arxiv.org/pdf/2312.04875.pdf,https://arxiv.org/pdf/2312.04875.pdf,True,high,arXiv,,arXiv
1903,,6433304918.0,,0,0,0,蓝V,https://arxiv.org/abs/2312.00752,https://arxiv.org/abs/2312.00752,True,high,arXiv,,arXiv
1904,,6433304918.0,,0,0,0,蓝V,https://arxiv.org/abs/2310.06816,https://arxiv.org/abs/2310.06816,True,high,arXiv,,arXiv
1905,,5976873363.0,,0,0,0,普通用户,https://www.cell.com/iscience/fulltext/S2589-0042(23)02626-3?_returnURL=https%3A%2F%2Flinkinghub.elsevier.com%2Fretrieve%2Fpii%2FS2589004223026263%3Fshowall%3Dtrue,https://www.cell.com/iscience/fulltext/S2589-0042(23)02626-3?_returnURL=https://linkinghub.elsevier.com/retrieve/pii/S2589004223026263?showall=true,True,high,Elsevier,,Elsevier
1906,,1727858283.0,,0,0,0,金V,https://arxiv.org/abs/2312.13771,https://arxiv.org/abs/2312.13771,True,high,arXiv,,arXiv
1907,,5341251100.0,,0,0,0,蓝V,https://doi.org/10.1029/2023GL105197,https://doi.org/10.1029/2023GL105197,True,high,DOI,10.1029/2023GL105197,DOI
1908,,1870858943.0,,0,0,0,蓝V,https://www.aminer.cn/pub/658255c3939a5f4082bfad00/a-challenger-to-gpt-v-early-explorations-of-gemini-in-visual-expertise?f=wb,https://www.aminer.cn/pub/658255c3939a5f4082bfad00/a-challenger-to-gpt-v-early-explorations-of-gemini-in-visual-expertise?f=wb,True,high,AMiner,,AMiner
1909,,1870858943.0,,0,0,0,蓝V,https://www.aminer.cn/pub/6583b18a939a5f408229acd8/powerinfer-fast-large-language-model-serving-with-a-consumer-grade-gpu?f=wb,https://www.aminer.cn/pub/6583b18a939a5f408229acd8/powerinfer-fast-large-language-model-serving-with-a-consumer-grade-gpu?f=wb,True,high,AMiner,,AMiner
1910,,1870858943.0,,0,0,0,蓝V,https://www.aminer.cn/pub/658254e0939a5f4082bc9f04/llm-in-a-flash-efficient-large-language-model-inference-with-limited-memory?f=wb,https://www.aminer.cn/pub/658254e0939a5f4082bc9f04/llm-in-a-flash-efficient-large-language-model-inference-with-limited-memory?f=wb,True,high,AMiner,,AMiner
1911,,1727858283.0,,0,0,0,金V,https://www.nature.com/articles/s41586-023-06792-0,https://www.nature.com/articles/s41586-023-06792-0,True,high,Nature,,Nature
1911,,1727858283.0,,0,0,0,金V,https://www.nature.com/articles/s41586-023-06792-0.pdf,https://www.nature.com/articles/s41586-023-06792-0.pdf,True,high,Nature,,Nature
1912,,5329434101.0,,0,0,0,蓝V,https://www.nature.com/articles/s41467-023-43272-5?utm_medium=organic_social&utm_source=weibo&utm_campaign=CONR_PF020_ENGM_AP_CNCM_002EA_weeklyS,https://www.nature.com/articles/s41467-023-43272-5?utm_medium=organic_social&utm_source=weibo&utm_campaign=CONR_PF020_ENGM_AP_CNCM_002EA_weeklyS,True,high,Nature,,Nature
1913,,1894295570.0,,0,0,0,蓝V,https://www.scirp.org/journal/paperinformation?paperid=129707&utm_campaign=weibochenling&utm_source=chenling&utm_medium=weibochenling,https://www.scirp.org/journal/paperinformation?paperid=129707&utm_campaign=weibochenling&utm_source=chenling&utm_medium=weibochenling,True,high,SCIRP 美国科研出版社,,SCIRP 美国科研出版社
1914,,3710258141.0,,0,0,0,金V,https://www.sciencedirect.com/science/article/pii/S209580992300293X,https://www.sciencedirect.com/science/article/pii/S209580992300293X,True,high,SPRINGER,,SPRINGER
1915,,1727858283.0,,0,0,0,金V,https://arxiv.org/abs/2312.16256,https://arxiv.org/abs/2312.16256,True,high,arXiv,,arXiv
1916,,1727858283.0,,0,0,0,金V,https://arxiv.org/abs/2312.16457,https://arxiv.org/abs/2312.16457,True,high,arXiv,,arXiv
1917,,1870858943.0,,0,0,0,蓝V,https://www.aminer.cn/pub/65824f86939a5f4082a849dd/Retrieval-Augmented%20Generation%20for%20Large%20Language%20Models:%20A%20Survey?f=wb,https://www.aminer.cn/pub/65824f86939a5f4082a849dd/Retrieval-Augmented Generation for Large Language Models: A Survey?f=wb,True,high,AMiner,,AMiner
1918,,1870858943.0,,0,0,0,蓝V,https://www.aminer.cn/pub/6583b18a939a5f408229ad02/streamdiffusion-a-pipeline-level-solution-for-real-time-interactive-generation?f=wb,https://www.aminer.cn/pub/6583b18a939a5f408229ad02/streamdiffusion-a-pipeline-level-solution-for-real-time-interactive-generation?f=wb,True,high,AMiner,,AMiner
1919,,2279408463.0,,0,0,0,蓝V,https://bmcmedicine.biomedcentral.com/articles/10.1186/s12916-023-03071-7?utm_medium=organic_social&utm_source=weibo&utm_campaign=CONR_JRNLS_ENGM_AP_CNCM_002EC_editpick,https://bmcmedicine.biomedcentral.com/articles/10.1186/s12916-023-03071-7?utm_medium=organic_social&utm_source=weibo&utm_campaign=CONR_JRNLS_ENGM_AP_CNCM_002EC_editpick,True,high,DOI,10.1186/s12916-023-03071-7?utm_medium=organic_social&utm_source=weibo&utm_campaign=CONR_JRNLS_ENGM_AP_CNCM_002EC_editpick,DOI
1919,,2279408463.0,,0,0,0,蓝V,https://bmcmedicine.biomedcentral.com/articles/10.1186/s12916-023-03071-7?utm_medium=organic_social&utm_source=weibo&utm_campaign=CONR_JRNLS_ENGM_AP_CNCM_002EC_editpick,https://bmcmedicine.biomedcentral.com/articles/10.1186/s12916-023-03071-7?utm_medium=organic_social&utm_source=weibo&utm_campaign=CONR_JRNLS_ENGM_AP_CNCM_002EC_editpick,True,high,DOI,10.1186/s12916-023-03071-7?utm_medium=organic_social&utm_source=weibo&utm_campaign=CONR_JRNLS_ENGM_AP_CNCM_002EC_editpick,DOI
1920,,6433304918.0,,0,0,0,蓝V,https://arxiv.org/pdf/2308.00352.pdf,https://arxiv.org/pdf/2308.00352.pdf,True,high,arXiv,,arXiv
1921,,1870858943.0,,0,0,0,蓝V,https://www.aminer.cn/pub/65262443939a5f4082bc51f7/longllmlingua-accelerating-and-enhancing-llms-in-long-context-scenarios-via-prompt-compression?f=wb,https://www.aminer.cn/pub/65262443939a5f4082bc51f7/longllmlingua-accelerating-and-enhancing-llms-in-long-context-scenarios-via-prompt-compression?f=wb,True,high,AMiner,,AMiner
1922,,6433304918.0,,0,0,0,蓝V,https://arxiv.org/pdf/2312.00438.pdf,https://arxiv.org/pdf/2312.00438.pdf,True,high,arXiv,,arXiv
1923,,1870858943.0,,0,0,0,蓝V,https://www.aminer.cn/pub/6584fc29939a5f4082385f4a/videopoet-a-large-language-model-for-zero-shot-video-generation?f=wb,https://www.aminer.cn/pub/6584fc29939a5f4082385f4a/videopoet-a-large-language-model-for-zero-shot-video-generation?f=wb,True,high,AMiner,,AMiner
1924,,6433304918.0,,0,0,0,蓝V,https://arxiv.org/pdf/2311.18257.pdf,https://arxiv.org/pdf/2311.18257.pdf,True,high,arXiv,,arXiv
1925,,6433304918.0,,0,0,0,蓝V,https://arxiv.org/pdf/2312.00589.pdf,https://arxiv.org/pdf/2312.00589.pdf,True,high,arXiv,,arXiv
1926,,6433304918.0,,0,0,0,蓝V,https://arxiv.org/pdf/2311.16452.pdf,https://arxiv.org/pdf/2311.16452.pdf,True,high,arXiv,,arXiv
1927,,1402400261.0,,0,0,0,金V,https://arxiv.org/abs/2312.08361,https://arxiv.org/abs/2312.08361,True,high,arXiv,,arXiv
1928,,1727858283.0,,0,0,0,金V,https://arxiv.org/pdf/2304.13714.pdf,https://arxiv.org/pdf/2304.13714.pdf,True,high,arXiv,,arXiv
1928,,1727858283.0,,0,0,0,金V,https://arxiv.org/pdf/2303.01229.pdf,https://arxiv.org/pdf/2303.01229.pdf,True,high,arXiv,,arXiv
1929,,1402400261.0,,0,0,0,金V,https://arxiv.org/abs/2307.05695,https://arxiv.org/abs/2307.05695,True,high,arXiv,,arXiv
1930,,1402400261.0,,0,0,0,金V,https://arxiv.org/abs/2312.12682,https://arxiv.org/abs/2312.12682,True,high,arXiv,,arXiv
1931,,6508016609.0,,0,0,0,蓝V,https://www.nature.com/articles/s41586-023-06589-1,https://www.nature.com/articles/s41586-023-06589-1,True,high,Nature,,Nature
1932,,5976873363.0,,0,0,0,普通用户,https://www.nature.com/articles/s41598-023-46958-4,https://www.nature.com/articles/s41598-023-46958-4,True,high,Nature,,Nature
1933,,1943129625.0,,0,0,0,普通用户,https://arxiv.org/abs/2311.15033,https://arxiv.org/abs/2311.15033,True,high,arXiv,,arXiv
1934,,2794083144.0,,0,0,0,蓝V,https://doi.org/10.1021/jacs.3c08852,https://doi.org/10.1021/jacs.3c08852,True,high,DOI,10.1021/jacs.3c08852,DOI
1935,,6433304918.0,,0,0,0,蓝V,https://arxiv.org/pdf/2311.09578.pdf,https://arxiv.org/pdf/2311.09578.pdf,True,high,arXiv,,arXiv
1936,,1402400261.0,,0,0,0,金V,https://arxiv.org/abs/2312.16171,https://arxiv.org/abs/2312.16171,True,high,arXiv,,arXiv
1937,,6433304918.0,,0,0,0,蓝V,https://arxiv.org/abs/2310.12036,https://arxiv.org/abs/2310.12036,True,high,arXiv,,arXiv
1938,,1657470871.0,,0,0,0,黄V,https://arxiv.org/abs/2307.06082,https://arxiv.org/abs/2307.06082,True,high,arXiv,,arXiv
1939,,6433304918.0,,0,0,0,蓝V,https://arxiv.org/pdf/2311.12983.pdf,https://arxiv.org/pdf/2311.12983.pdf,True,high,arXiv,,arXiv
1940,,6433304918.0,,0,0,0,蓝V,https://arxiv.org/abs/2311.11045,https://arxiv.org/abs/2311.11045,True,high,arXiv,,arXiv
1941,,7700536638.0,,0,0,0,普通用户,https://doi.org/10.1038/s41467-023-41608-9,https://doi.org/10.1038/s41467-023-41608-9,True,high,DOI,10.1038/s41467-023-41608-9,DOI
1942,,1812166904.0,,0,0,0,黄V,https://arxiv.org/abs/2109.01652,https://arxiv.org/abs/2109.01652,True,high,arXiv,,arXiv
1942,,1812166904.0,,0,0,0,黄V,https://arxiv.org/abs/2005.14165,https://arxiv.org/abs/2005.14165,True,high,arXiv,,arXiv
1942,,1812166904.0,,0,0,0,黄V,https://arxiv.org/abs/2201.11903,https://arxiv.org/abs/2201.11903,True,high,arXiv,,arXiv
1942,,1812166904.0,,0,0,0,黄V,https://arxiv.org/abs/2305.10601,https://arxiv.org/abs/2305.10601,True,high,arXiv,,arXiv
1942,,1812166904.0,,0,0,0,黄V,https://arxiv.org/abs/2308.09687,https://arxiv.org/abs/2308.09687,True,high,arXiv,,arXiv
1942,,1812166904.0,,0,0,0,黄V,https://arxiv.org/abs/2203.11171,https://arxiv.org/abs/2203.11171,True,high,arXiv,,arXiv
1942,,1812166904.0,,0,0,0,黄V,https://arxiv.org/abs/2307.05300,https://arxiv.org/abs/2307.05300,True,high,arXiv,,arXiv
1942,,1812166904.0,,0,0,0,黄V,https://arxiv.org/abs/2205.10625,https://arxiv.org/abs/2205.10625,True,high,arXiv,,arXiv
1942,,1812166904.0,,0,0,0,黄V,https://arxiv.org/abs/2310.06117,https://arxiv.org/abs/2310.06117,True,high,arXiv,,arXiv
1942,,1812166904.0,,0,0,0,黄V,https://arxiv.org/abs/2303.09014,https://arxiv.org/abs/2303.09014,True,high,arXiv,,arXiv
1942,,1812166904.0,,0,0,0,黄V,https://arxiv.org/abs/2210.03629,https://arxiv.org/abs/2210.03629,True,high,arXiv,,arXiv
1942,,1812166904.0,,0,0,0,黄V,https://arxiv.org/abs/2303.11366,https://arxiv.org/abs/2303.11366,True,high,arXiv,,arXiv
1942,,1812166904.0,,0,0,0,黄V,https://arxiv.org/abs/2005.11401,https://arxiv.org/abs/2005.11401,True,high,arXiv,,arXiv
1943,,1870858943.0,,0,0,0,蓝V,https://www.aminer.cn/pub/656d39e9939a5f4082626c58/dolphins-multimodal-language-model-for-driving?f=wb,https://www.aminer.cn/pub/656d39e9939a5f4082626c58/dolphins-multimodal-language-model-for-driving?f=wb,True,high,AMiner,,AMiner
1944,,1402400261.0,,0,0,0,金V,https://arxiv.org/abs/2312.11518,https://arxiv.org/abs/2312.11518,True,high,arXiv,,arXiv
1945,,1870858943.0,,0,0,0,蓝V,https://www.aminer.cn/pub/656d3aa3939a5f408262bf1f/beyond-chatbots-explorellm-for-structured-thoughts-and-personalized-model-responses?f=wb,https://www.aminer.cn/pub/656d3aa3939a5f408262bf1f/beyond-chatbots-explorellm-for-structured-thoughts-and-personalized-model-responses?f=wb,True,high,AMiner,,AMiner
1946,,2126427211.0,,0,0,0,黄V,https://www.aminer.cn/pub/6583b18a939a5f408229acd8/powerinfer-fast-large-language-model-serving-with-a-consumer-grade-gpu,https://www.aminer.cn/pub/6583b18a939a5f408229acd8/powerinfer-fast-large-language-model-serving-with-a-consumer-grade-gpu,True,high,AMiner,,AMiner
1947,,1727858283.0,,0,0,0,金V,https://arxiv.org/abs/2312.14862,https://arxiv.org/abs/2312.14862,True,high,arXiv,,arXiv
1948,,1402400261.0,,0,0,0,金V,https://openreview.net/forum?id=ceATjGPTUD,https://openreview.net/forum?id=ceATjGPTUD,True,high,openreview,,openreview
1949,,1402400261.0,,0,0,0,金V,https://arxiv.org/abs/2312.03863,https://arxiv.org/abs/2312.03863,True,high,arXiv,,arXiv
1950,,1812166904.0,,0,0,0,黄V,https://arxiv.org/abs/2307.03109,https://arxiv.org/abs/2307.03109,True,high,arXiv,,arXiv
1951,,1727858283.0,,0,0,0,金V,https://arxiv.org/abs/2311.16498,https://arxiv.org/abs/2311.16498,True,high,arXiv,,arXiv
1952,,6433304918.0,,0,0,0,蓝V,https://arxiv.org/pdf/2401.08541.pdf,https://arxiv.org/pdf/2401.08541.pdf,True,high,arXiv,,arXiv
1953,,6433304918.0,,0,0,0,蓝V,https://arxiv.org/pdf/2401.04092.pdf,https://arxiv.org/pdf/2401.04092.pdf,True,high,arXiv,,arXiv
1954,,2535161187.0,,0,0,0,黄V,arxiv.org/abs/2401.13601,arxiv.org/abs/2401.13601,True,medium,学术特征,,/abs/
1955,,5648162302.0,,0,0,0,红V,arxiv.org/abs/2401.13601,arxiv.org/abs/2401.13601,True,medium,学术特征,,/abs/
1956,,6433304918.0,,0,0,0,蓝V,https://arxiv.org/pdf/2401.06102.pdf,https://arxiv.org/pdf/2401.06102.pdf,True,high,arXiv,,arXiv
1957,,6433304918.0,,0,0,0,蓝V,https://arxiv.org/pdf/2401.07103.pdf,https://arxiv.org/pdf/2401.07103.pdf,True,high,arXiv,,arXiv
1958,,6433304918.0,,0,0,0,蓝V,https://arxiv.org/pdf/2401.08565.pdf,https://arxiv.org/pdf/2401.08565.pdf,True,high,arXiv,,arXiv
1959,,6433304918.0,,0,0,0,蓝V,https://arxiv.org/pdf/2401.04070.pdf,https://arxiv.org/pdf/2401.04070.pdf,True,high,arXiv,,arXiv
1960,,6433304918.0,,0,0,0,蓝V,https://arxiv.org/pdf/2310.05736.pdf,https://arxiv.org/pdf/2310.05736.pdf,True,high,arXiv,,arXiv
1961,,6433304918.0,,0,0,0,蓝V,https://arxiv.org/pdf/2401.10020.pdf,https://arxiv.org/pdf/2401.10020.pdf,True,high,arXiv,,arXiv
1962,,6433304918.0,,0,0,0,蓝V,https://arxiv.org/pdf/2310.05914v2.pdf,https://arxiv.org/pdf/2310.05914v2.pdf,True,high,arXiv,,arXiv
1963,,6433304918.0,,0,0,0,蓝V,https://arxiv.org/pdf/2401.05566.pdf,https://arxiv.org/pdf/2401.05566.pdf,True,high,arXiv,,arXiv
1964,,6433304918.0,,0,0,0,蓝V,https://arxiv.org/pdf/2401.08406.pdf,https://arxiv.org/pdf/2401.08406.pdf,True,high,arXiv,,arXiv
1965,,6433304918.0,,0,0,0,蓝V,https://arxiv.org/abs/2310.09518v1,https://arxiv.org/abs/2310.09518v1,True,high,arXiv,,arXiv
1966,,6433304918.0,,0,0,0,蓝V,https://arxiv.org/abs/2401.06121,https://arxiv.org/abs/2401.06121,True,high,arXiv,,arXiv
1967,,1683020051.0,,0,0,0,普通用户,https://arxiv.org/pdf/2401.10491.pdf,https://arxiv.org/pdf/2401.10491.pdf,True,high,arXiv,,arXiv
1968,,6433304918.0,,0,0,0,蓝V,https://arxiv.org/abs/2401.06751,https://arxiv.org/abs/2401.06751,True,high,arXiv,,arXiv
1969,,2279408463.0,,0,0,0,蓝V,https://genomemedicine.biomedcentral.com/articles/10.1186/s13073-023-01252-w?utm_medium=organic_social&utm_source=weibo&utm_campaign=CONR_JRNLS_ENGM_AP_CNCM_002EC_editpick,https://genomemedicine.biomedcentral.com/articles/10.1186/s13073-023-01252-w?utm_medium=organic_social&utm_source=weibo&utm_campaign=CONR_JRNLS_ENGM_AP_CNCM_002EC_editpick,True,high,DOI,10.1186/s13073-023-01252-w?utm_medium=organic_social&utm_source=weibo&utm_campaign=CONR_JRNLS_ENGM_AP_CNCM_002EC_editpick,DOI
1970,,6433304918.0,,0,0,0,蓝V,https://arxiv.org/abs/2401.08967,https://arxiv.org/abs/2401.08967,True,high,arXiv,,arXiv
1971,,3275213384.0,,0,0,0,蓝V,https://www.cell.com/current-biology/fulltext/S0960-9822(23)01662-7?utm_medium=weibo,https://www.cell.com/current-biology/fulltext/S0960-9822(23)01662-7?utm_medium=weibo,True,high,CELL PRESS,,CELL PRESS
1972,,6433304918.0,,0,0,0,蓝V,https://arxiv.org/abs/2401.04621,https://arxiv.org/abs/2401.04621,True,high,arXiv,,arXiv
1973,,1894295570.0,,0,0,0,蓝V,https://www.scirp.org/journal/paperinformation?paperid=130659&utm_campaign=weibochenling&utm_source=chenling&utm_medium=weibochenling,https://www.scirp.org/journal/paperinformation?paperid=130659&utm_campaign=weibochenling&utm_source=chenling&utm_medium=weibochenling,True,high,SCIRP 美国科研出版社,,SCIRP 美国科研出版社
1974,,6182606334.0,,0,0,0,红V,https://arxiv.org/abs/2401.11708,https://arxiv.org/abs/2401.11708,True,high,arXiv,,arXiv
1975,,2279408463.0,,0,0,0,蓝V,https://bmcmedicine.biomedcentral.com/articles/10.1186/s12916-023-03171-4?utm_medium=organic_social&utm_source=weibo&utm_campaign=CONR_JRNLS_ENGM_AP_CNCM_002EC_editpick,https://bmcmedicine.biomedcentral.com/articles/10.1186/s12916-023-03171-4?utm_medium=organic_social&utm_source=weibo&utm_campaign=CONR_JRNLS_ENGM_AP_CNCM_002EC_editpick,True,high,DOI,10.1186/s12916-023-03171-4?utm_medium=organic_social&utm_source=weibo&utm_campaign=CONR_JRNLS_ENGM_AP_CNCM_002EC_editpick,DOI
1976,,1894053795.0,,0,0,0,普通用户,https://arxiv.org/pdf/2401.05654.pdf,https://arxiv.org/pdf/2401.05654.pdf,True,high,arXiv,,arXiv
1977,,6433304918.0,,0,0,0,蓝V,https://arxiv.org/pdf/2401.00788.pdf,https://arxiv.org/pdf/2401.00788.pdf,True,high,arXiv,,arXiv
1978,,6433304918.0,,0,0,0,蓝V,https://arxiv.org/pdf/2401.00368.pdf,https://arxiv.org/pdf/2401.00368.pdf,True,high,arXiv,,arXiv
1979,,6433304918.0,,0,0,0,蓝V,https://arxiv.org/pdf/2401.00908.pdf,https://arxiv.org/pdf/2401.00908.pdf,True,high,arXiv,,arXiv
1980,,2008779105.0,,0,0,0,蓝V,https://arxiv.org/pdf/2208.02199.pdf,https://arxiv.org/pdf/2208.02199.pdf,True,high,arXiv,,arXiv
1981,,6182606334.0,,0,0,0,红V,https://arxiv.org/html/2401.10020v1,https://arxiv.org/html/2401.10020v1,True,high,arXiv,,arXiv
1982,,5976873363.0,,0,0,0,普通用户,https://www.science.org/doi/10.1126/sciadv.adi0329,https://www.science.org/doi/10.1126/sciadv.adi0329,True,high,DOI,10.1126/sciadv.adi0329,DOI
1983,,6433304918.0,,0,0,0,蓝V,https://arxiv.org/pdf/2305.05862.pdf,https://arxiv.org/pdf/2305.05862.pdf,True,high,arXiv,,arXiv
1984,,6105753431.0,,0,0,0,蓝V,https://arxiv.org/abs/2401.04621,https://arxiv.org/abs/2401.04621,True,high,arXiv,,arXiv
1985,,5329434101.0,,0,0,0,蓝V,https://www.nature.com/articles/s41586-023-06863-2.epdf?sharing_token=2EctkkGuT3zqRJ2qv5XE39RgN0jAjWel9jnR3ZoTv0Pcew_aMz7qHMDjrF_9OLTe9G2rHjaX-GtPwmZhsJ8RBajJaNPPWLO664fJ-USl5Y3fqzoGYA4HvtgQ170ndnnrZyeJYfa8uFBMQoLw5H0B8JB2GRTeyKWMCoSgSfUXTb8%3D,https://www.nature.com/articles/s41586-023-06863-2.epdf?sharing_token=2EctkkGuT3zqRJ2qv5XE39RgN0jAjWel9jnR3ZoTv0Pcew_aMz7qHMDjrF_9OLTe9G2rHjaX-GtPwmZhsJ8RBajJaNPPWLO664fJ-USl5Y3fqzoGYA4HvtgQ170ndnnrZyeJYfa8uFBMQoLw5H0B8JB2GRTeyKWMCoSgSfUXTb8=,True,high,Nature,,Nature
1986,,6433304918.0,,0,0,0,蓝V,https://arxiv.org/pdf/2401.02994.pdf,https://arxiv.org/pdf/2401.02994.pdf,True,high,arXiv,,arXiv
1987,,6433304918.0,,0,0,0,蓝V,https://arxiv.org/pdf/2312.01479v5.pdf,https://arxiv.org/pdf/2312.01479v5.pdf,True,high,arXiv,,arXiv
1988,,5976873363.0,,0,0,0,普通用户,https://journals.aps.org/prl/abstract/10.1103/PhysRevLett.132.020601,https://journals.aps.org/prl/abstract/10.1103/PhysRevLett.132.020601,True,high,DOI,10.1103/PhysRevLett.132.020601,DOI
1989,,2128464487.0,,0,0,0,黄V,https://arxiv.org/pdf/2401.04088.pdf,https://arxiv.org/pdf/2401.04088.pdf,True,high,arXiv,,arXiv
1990,,2327362664.0,,0,0,0,普通用户,https://arxiv.org/pdf/2303.17651.pdf,https://arxiv.org/pdf/2303.17651.pdf,True,high,arXiv,,arXiv
1991,,6433304918.0,,0,0,0,蓝V,https://arxiv.org/abs/2401.06104,https://arxiv.org/abs/2401.06104,True,high,arXiv,,arXiv
1992,,6433304918.0,,0,0,0,蓝V,https://arxiv.org/pdf/2401.10020.pdf,https://arxiv.org/pdf/2401.10020.pdf,True,high,arXiv,,arXiv
1993,,6433304918.0,,0,0,0,蓝V,https://arxiv.org/pdf/2401.09417.pdf,https://arxiv.org/pdf/2401.09417.pdf,True,high,arXiv,,arXiv
1994,,2008779105.0,,0,0,0,蓝V,https://dl.acm.org/doi/10.1145/2660267.2660358,https://dl.acm.org/doi/10.1145/2660267.2660358,True,high,DOI,10.1145/2660267.2660358,DOI
1994,,2008779105.0,,0,0,0,蓝V,https://www.semanticscholar.org/paper/LightSpy%3A-Optical-eavesdropping-on-displays-using-Chakraborty-Ouyang/13ffdf3a54709ffa69efb9a21723fa9299925791,https://www.semanticscholar.org/paper/LightSpy:-Optical-eavesdropping-on-displays-using-Chakraborty-Ouyang/13ffdf3a54709ffa69efb9a21723fa9299925791,True,medium,学术特征,,/paper/
1994,,2008779105.0,,0,0,0,蓝V,https://dl.acm.org/doi/10.1145/2666620.2666622,https://dl.acm.org/doi/10.1145/2666620.2666622,True,high,DOI,10.1145/2666620.2666622,DOI
1994,,2008779105.0,,0,0,0,蓝V,https://www.science.org/doi/10.1126/sciadv.adj3608,https://www.science.org/doi/10.1126/sciadv.adj3608,True,high,DOI,10.1126/sciadv.adj3608,DOI
1995,,6433304918.0,,0,0,0,蓝V,https://arxiv.org/pdf/2401.00368.pdf,https://arxiv.org/pdf/2401.00368.pdf,True,high,arXiv,,arXiv
1996,,6433304918.0,,0,0,0,蓝V,https://arxiv.org/pdf/2312.14187.pdf,https://arxiv.org/pdf/2312.14187.pdf,True,high,arXiv,,arXiv
1997,,1402400261.0,,0,0,0,金V,https://arxiv.org/abs/2401.12874,https://arxiv.org/abs/2401.12874,True,high,arXiv,,arXiv
1998,,2327362664.0,,0,0,0,普通用户,https://arxiv.org/pdf/2401.01335.pdf,https://arxiv.org/pdf/2401.01335.pdf,True,high,arXiv,,arXiv
1999,,6433304918.0,,0,0,0,蓝V,https://arxiv.org/pdf/2401.00448.pdf,https://arxiv.org/pdf/2401.00448.pdf,True,high,arXiv,,arXiv
2000,,6433304918.0,,0,0,0,蓝V,https://arxiv.org/pdf/2305.16264.pdf,https://arxiv.org/pdf/2305.16264.pdf,True,high,arXiv,,arXiv
2001,,6433304918.0,,0,0,0,蓝V,https://arxiv.org/pdf/2312.16337.pdf,https://arxiv.org/pdf/2312.16337.pdf,True,high,arXiv,,arXiv
2002,,1727858283.0,,0,0,0,金V,https://arxiv.org/abs/2401.13649,https://arxiv.org/abs/2401.13649,True,high,arXiv,,arXiv
2003,,2687517190.0,,0,0,0,普通用户,https://arxiv.org/abs/2401.04468,https://arxiv.org/abs/2401.04468,True,high,arXiv,,arXiv
2004,,5648162302.0,,0,0,0,红V,arxiv.org/abs/2311.03054,arxiv.org/abs/2311.03054,True,medium,学术特征,,/abs/
2005,,5976873363.0,,0,0,0,普通用户,https://iopscience.iop.org/article/10.3847/1538-4357/acf999,https://iopscience.iop.org/article/10.3847/1538-4357/acf999,True,high,DOI,10.3847/1538-4357/acf999,DOI
2006,,1894295570.0,,0,0,0,蓝V,https://www.scirp.org/journal/paperinformation?paperid=130360&utm_campaign=weibochenling&utm_source=chenling&utm_medium=weibochenling,https://www.scirp.org/journal/paperinformation?paperid=130360&utm_campaign=weibochenling&utm_source=chenling&utm_medium=weibochenling,True,high,SCIRP 美国科研出版社,,SCIRP 美国科研出版社
2007,,1870858943.0,,0,0,0,蓝V,https://www.aminer.cn/pub/658e4adc939a5f4082dbe4d6/tinygpt-v-efficient-multimodal-large-language-model-via-small-backbones?f=wb,https://www.aminer.cn/pub/658e4adc939a5f4082dbe4d6/tinygpt-v-efficient-multimodal-large-language-model-via-small-backbones?f=wb,True,high,AMiner,,AMiner
2008,,6433304918.0,,0,0,0,蓝V,https://arxiv.org/abs/2312.01479,https://arxiv.org/abs/2312.01479,True,high,arXiv,,arXiv
2009,,1870858943.0,,0,0,0,蓝V,https://www.aminer.cn/pub/658e4adc939a5f4082dbe629/fast-inference-of-mixture-of-experts-language-models-with-offloading?f=wb,https://www.aminer.cn/pub/658e4adc939a5f4082dbe629/fast-inference-of-mixture-of-experts-language-models-with-offloading?f=wb,True,high,AMiner,,AMiner
2010,,1870858943.0,,0,0,0,蓝V,https://www.aminer.cn/pub/65922e12939a5f40826c104e/pangu-enhancing-language-model-architectures-via-nonlinearity-compensation?f=wb,https://www.aminer.cn/pub/65922e12939a5f40826c104e/pangu-enhancing-language-model-architectures-via-nonlinearity-compensation?f=wb,True,high,AMiner,,AMiner
2011,,1870858943.0,,0,0,0,蓝V,https://www.aminer.cn/pub/65922fe2939a5f40826ca60c/larp-language-agent-role-play-for-open-world-games?f=wb,https://www.aminer.cn/pub/65922fe2939a5f40826ca60c/larp-language-agent-role-play-for-open-world-games?f=wb,True,high,AMiner,,AMiner
2012,,3109939781.0,,0,0,0,金V,arxiv.org/pdf/2312.03013.pdf,arxiv.org/pdf/2312.03013.pdf,True,high,arXiv,,arXiv
2013,,1402400261.0,,0,0,0,金V,https://arxiv.org/abs/2401.00448,https://arxiv.org/abs/2401.00448,True,high,arXiv,,arXiv
2014,,1727858283.0,,0,0,0,金V,https://arxiv.org/abs/2401.04398v1,https://arxiv.org/abs/2401.04398v1,True,high,arXiv,,arXiv
2015,,7803656884.0,,0,0,0,黄V,https://arxiv.org/pdf/2401.01065.pdf,https://arxiv.org/pdf/2401.01065.pdf,True,high,arXiv,,arXiv
2016,,1727858283.0,,0,0,0,金V,https://arxiv.org/abs/2401.04468,https://arxiv.org/abs/2401.04468,True,high,arXiv,,arXiv
2017,,6433304918.0,,0,0,0,蓝V,https://arxiv.org/pdf/2401.01335.pdf,https://arxiv.org/pdf/2401.01335.pdf,True,high,arXiv,,arXiv
2018,,6433304918.0,,0,0,0,蓝V,https://arxiv.org/pdf/2401.02412.pdf,https://arxiv.org/pdf/2401.02412.pdf,True,high,arXiv,,arXiv
2019,,5703921756.0,,0,0,0,蓝V,https://arxiv.org/pdf/2312.17172.pdf,https://arxiv.org/pdf/2312.17172.pdf,True,high,arXiv,,arXiv
2020,,1402400261.0,,0,0,0,金V,https://arxiv.org/abs/2401.01301,https://arxiv.org/abs/2401.01301,True,high,arXiv,,arXiv
2021,,5803416260.0,,0,0,0,黄V,https://doi.org/10.1093/scan/nsac036,https://doi.org/10.1093/scan/nsac036,True,high,DOI,10.1093/scan/nsac036,DOI
2022,,6433304918.0,,0,0,0,蓝V,https://arxiv.org/pdf/2402.01680.pdf,https://arxiv.org/pdf/2402.01680.pdf,True,high,arXiv,,arXiv
2023,,6433304918.0,,0,0,0,蓝V,https://arxiv.org/pdf/2401.16380.pdf,https://arxiv.org/pdf/2401.16380.pdf,True,high,arXiv,,arXiv
2024,,6433304918.0,,0,0,0,蓝V,https://arxiv.org/abs/2402.00157,https://arxiv.org/abs/2402.00157,True,high,arXiv,,arXiv
2025,,6433304918.0,,0,0,0,蓝V,https://arxiv.org/abs/2401.15884,https://arxiv.org/abs/2401.15884,True,high,arXiv,,arXiv
2026,,6433304918.0,,0,0,0,蓝V,https://arxiv.org/pdf/2401.17464.pdf,https://arxiv.org/pdf/2401.17464.pdf,True,high,arXiv,,arXiv
2027,,6433304918.0,,0,0,0,蓝V,https://arxiv.org/pdf/2401.14887.pdf,https://arxiv.org/pdf/2401.14887.pdf,True,high,arXiv,,arXiv
2028,,6433304918.0,,0,0,0,蓝V,https://arxiv.org/pdf/2401.13178.pdf,https://arxiv.org/pdf/2401.13178.pdf,True,high,arXiv,,arXiv
2029,,6433304918.0,,0,0,0,蓝V,https://arxiv.org/pdf/2401.10891v1.pdf,https://arxiv.org/pdf/2401.10891v1.pdf,True,high,arXiv,,arXiv
2030,,6433304918.0,,0,0,0,蓝V,https://arxiv.org/pdf/2401.12208.pdf,https://arxiv.org/pdf/2401.12208.pdf,True,high,arXiv,,arXiv
2031,,6433304918.0,,0,0,0,蓝V,https://arxiv.org/pdf/2401.12070.pdf,https://arxiv.org/pdf/2401.12070.pdf,True,high,arXiv,,arXiv
2032,,6433304918.0,,0,0,0,蓝V,https://arxiv.org/pdf/2402.06664v1.pdf,https://arxiv.org/pdf/2402.06664v1.pdf,True,high,arXiv,,arXiv
2033,,6433304918.0,,0,0,0,蓝V,https://arxiv.org/pdf/2402.06196.pdf,https://arxiv.org/pdf/2402.06196.pdf,True,high,arXiv,,arXiv
2034,,5648162302.0,,0,0,0,红V,arxiv.org/abs/2401.00935,arxiv.org/abs/2401.00935,True,medium,学术特征,,/abs/
2035,,1676317545.0,,0,0,0,蓝V,https://www.nature.com/articles/s41591-023-02702-z,https://www.nature.com/articles/s41591-023-02702-z,True,high,Nature,,Nature
2036,,6433304918.0,,0,0,0,蓝V,https://arxiv.org/abs/2402.06852,https://arxiv.org/abs/2402.06852,True,high,arXiv,,arXiv
2037,,1627825392.0,,0,0,0,金V,https://arxiv.org/abs/2402.15151v1,https://arxiv.org/abs/2402.15151v1,True,high,arXiv,,arXiv
2038,,5648162302.0,,0,0,0,红V,arxiv.org/abs/2402.13753,arxiv.org/abs/2402.13753,True,medium,学术特征,,/abs/
2039,,6974787068.0,,0,0,0,红V,https://arxiv.org/abs/2402.15627,https://arxiv.org/abs/2402.15627,True,high,arXiv,,arXiv
2039,,6974787068.0,,0,0,0,红V,https://arxiv.org/abs/2402.15627,https://arxiv.org/abs/2402.15627,True,high,arXiv,,arXiv
2040,,2279408463.0,,0,0,0,蓝V,https://bmcmedicine.biomedcentral.com/articles/10.1186/s12916-023-03239-1?utm_medium=organic_social&utm_source=weibo&utm_campaign=CONR_JRNLS_ENGM_AP_CNCM_002EC_editpick,https://bmcmedicine.biomedcentral.com/articles/10.1186/s12916-023-03239-1?utm_medium=organic_social&utm_source=weibo&utm_campaign=CONR_JRNLS_ENGM_AP_CNCM_002EC_editpick,True,high,DOI,10.1186/s12916-023-03239-1?utm_medium=organic_social&utm_source=weibo&utm_campaign=CONR_JRNLS_ENGM_AP_CNCM_002EC_editpick,DOI
2040,,2279408463.0,,0,0,0,蓝V,https://bmcmedicine.biomedcentral.com/articles/10.1186/s12916-023-03239-1?utm_medium=organic_social&utm_source=weibo&utm_campaign=CONR_JRNLS_ENGM_AP_CNCM_002EC_editpick,https://bmcmedicine.biomedcentral.com/articles/10.1186/s12916-023-03239-1?utm_medium=organic_social&utm_source=weibo&utm_campaign=CONR_JRNLS_ENGM_AP_CNCM_002EC_editpick,True,high,DOI,10.1186/s12916-023-03239-1?utm_medium=organic_social&utm_source=weibo&utm_campaign=CONR_JRNLS_ENGM_AP_CNCM_002EC_editpick,DOI
2041,,1894295570.0,,0,0,0,蓝V,https://www.scirp.org/journal/paperinformation?paperid=131094&utm_campaign=weibochenling&utm_source=chenling&utm_medium=weibochenling,https://www.scirp.org/journal/paperinformation?paperid=131094&utm_campaign=weibochenling&utm_source=chenling&utm_medium=weibochenling,True,high,SCIRP 美国科研出版社,,SCIRP 美国科研出版社
2042,,1727858283.0,,0,0,0,金V,https://arxiv.org/abs/2402.01622,https://arxiv.org/abs/2402.01622,True,high,arXiv,,arXiv
2043,,6433304918.0,,0,0,0,蓝V,https://arxiv.org/pdf/2401.03729.pdf,https://arxiv.org/pdf/2401.03729.pdf,True,high,arXiv,,arXiv
2044,,6433304918.0,,0,0,0,蓝V,https://arxiv.org/pdf/2402.00253.pdf,https://arxiv.org/pdf/2402.00253.pdf,True,high,arXiv,,arXiv
2045,,6433304918.0,,0,0,0,蓝V,https://arxiv.org/pdf/2401.15024v1.pdf,https://arxiv.org/pdf/2401.15024v1.pdf,True,high,arXiv,,arXiv
2046,,6433304918.0,,0,0,0,蓝V,https://arxiv.org/pdf/2307.06281v3.pdf,https://arxiv.org/pdf/2307.06281v3.pdf,True,high,arXiv,,arXiv
2047,,1936025761.0,,0,0,0,黄V,https://arxiv.org/abs/2401.18059,https://arxiv.org/abs/2401.18059,True,high,arXiv,,arXiv
2048,,1727858283.0,,0,0,0,金V,https://arxiv.org/abs/2401.18059,https://arxiv.org/abs/2401.18059,True,high,arXiv,,arXiv
2049,,6433304918.0,,0,0,0,蓝V,https://arxiv.org/pdf/2402.13144.pdf,https://arxiv.org/pdf/2402.13144.pdf,True,high,arXiv,,arXiv
2050,,6433304918.0,,0,0,0,蓝V,https://arxiv.org/pdf/2402.12354v1.pdf,https://arxiv.org/pdf/2402.12354v1.pdf,True,high,arXiv,,arXiv
2051,,5976873363.0,,0,0,0,普通用户,https://www.cell.com/cell/abstract/S0092-8674(24)00108-9?_returnURL=https%3A%2F%2Flinkinghub.elsevier.com%2Fretrieve%2Fpii%2FS0092867424001089%3Fshowall%3Dtrue,https://www.cell.com/cell/abstract/S0092-8674(24)00108-9?_returnURL=https://linkinghub.elsevier.com/retrieve/pii/S0092867424001089?showall=true,True,high,Elsevier,,Elsevier
2052,,6433304918.0,,0,0,0,蓝V,https://arxiv.org/pdf/2401.13601.pdf,https://arxiv.org/pdf/2401.13601.pdf,True,high,arXiv,,arXiv
2053,,6433304918.0,,0,0,0,蓝V,https://arxiv.org/pdf/2402.00838.pdf,https://arxiv.org/pdf/2402.00838.pdf,True,high,arXiv,,arXiv
2054,,5953063530.0,,0,0,0,普通用户,http://www.iapjournals.ac.cn/dqkx/cn/article/doi/10.3878/j.issn.1006-9895.2302.22128,http://www.iapjournals.ac.cn/dqkx/cn/article/doi/10.3878/j.issn.1006-9895.2302.22128,True,high,DOI,10.3878/j.issn.1006-9895.2302.22128,DOI
2055,,6433304918.0,,0,0,0,蓝V,https://arxiv.org/pdf/2402.14658.pdf,https://arxiv.org/pdf/2402.14658.pdf,True,high,arXiv,,arXiv
2056,,6182606334.0,,0,0,0,红V,https://arxiv.org/abs/2402.17177v1,https://arxiv.org/abs/2402.17177v1,True,high,arXiv,,arXiv
2057,,3710258141.0,,0,0,0,金V,https://www.nature.com/articles/s41586-024-07024-9,https://www.nature.com/articles/s41586-024-07024-9,True,high,Nature,,Nature
2058,,1736207384.0,,0,0,0,蓝V,https://arxiv.org/pdf/2402.17113.pdf,https://arxiv.org/pdf/2402.17113.pdf,True,high,arXiv,,arXiv
2059,,5703921756.0,,0,0,0,蓝V,https://arxiv.org/abs/2402.08939,https://arxiv.org/abs/2402.08939,True,high,arXiv,,arXiv
2060,,6105753431.0,,0,0,0,蓝V,https://arxiv.org/abs/2402.17764,https://arxiv.org/abs/2402.17764,True,high,arXiv,,arXiv
2061,,6594439078.0,,0,0,0,普通用户,https://arxiv.org/abs/2402.17485,https://arxiv.org/abs/2402.17485,True,high,arXiv,,arXiv
2062,,1706699904.0,,0,0,0,红V,https://arxiv.org/abs/2402.17139,https://arxiv.org/abs/2402.17139,True,high,arXiv,,arXiv
2063,,6433304918.0,,0,0,0,蓝V,https://arxiv.org/pdf/2402.05861.pdf,https://arxiv.org/pdf/2402.05861.pdf,True,high,arXiv,,arXiv
2064,,6433304918.0,,0,0,0,蓝V,https://arxiv.org/pdf/2402.08268v1.pdf,https://arxiv.org/pdf/2402.08268v1.pdf,True,high,arXiv,,arXiv
2065,,6433304918.0,,0,0,0,蓝V,https://arxiv.org/pdf/2402.08093.pdf,https://arxiv.org/pdf/2402.08093.pdf,True,high,arXiv,,arXiv
2066,,6182606334.0,,0,0,0,红V,https://arxiv.org/abs/2212.09748,https://arxiv.org/abs/2212.09748,True,high,arXiv,,arXiv
2067,,7821767569.0,,0,0,0,普通用户,https://arxiv.org/pdf/2402.15391.pdf,https://arxiv.org/pdf/2402.15391.pdf,True,high,arXiv,,arXiv
2068,,5976873363.0,,0,0,0,普通用户,https://pubs.acs.org/doi/10.1021/jacs.3c12724,https://pubs.acs.org/doi/10.1021/jacs.3c12724,True,high,DOI,10.1021/jacs.3c12724,DOI
2069,,2535161187.0,,0,0,0,黄V,https://arxiv.org/abs/2301.07608,https://arxiv.org/abs/2301.07608,True,high,arXiv,,arXiv
2070,,1877180551.0,,0,0,0,普通用户,https://doi.org/10.1287/orsc.2023.1662,https://doi.org/10.1287/orsc.2023.1662,True,high,DOI,10.1287/orsc.2023.1662,DOI
2071,,5374548129.0,,0,0,0,普通用户,https://arxiv.org/abs/2305.01181,https://arxiv.org/abs/2305.01181,True,high,arXiv,,arXiv
2072,,1286528122.0,,0,0,0,蓝V,https://arxiv.org/abs/2202.06991,https://arxiv.org/abs/2202.06991,True,high,arXiv,,arXiv
2072,,1286528122.0,,0,0,0,蓝V,https://arxiv.org/abs/2204.10628,https://arxiv.org/abs/2204.10628,True,high,arXiv,,arXiv
2073,,6433304918.0,,0,0,0,蓝V,https://arxiv.org/pdf/2402.04315.pdf,https://arxiv.org/pdf/2402.04315.pdf,True,high,arXiv,,arXiv
2074,,6433304918.0,,0,0,0,蓝V,https://arxiv.org/pdf/2402.09371.pdf,https://arxiv.org/pdf/2402.09371.pdf,True,high,arXiv,,arXiv
2075,,2703634217.0,,0,0,0,红V,https://arxiv.org/pdf/2401.12286.pdf,https://arxiv.org/pdf/2401.12286.pdf,True,high,arXiv,,arXiv
2075,,2703634217.0,,0,0,0,红V,https://arxiv.org/pdf/1803.08930.pdf,https://arxiv.org/pdf/1803.08930.pdf,True,high,arXiv,,arXiv
2076,,6433304918.0,,0,0,0,蓝V,https://arxiv.org/pdf/2309.17102v2.pdf,https://arxiv.org/pdf/2309.17102v2.pdf,True,high,arXiv,,arXiv
2077,,6433304918.0,,0,0,0,蓝V,https://arxiv.org/pdf/2402.03620.pdf,https://arxiv.org/pdf/2402.03620.pdf,True,high,arXiv,,arXiv
2078,,6433304918.0,,0,0,0,蓝V,https://arxiv.org/pdf/2402.03667.pdf,https://arxiv.org/pdf/2402.03667.pdf,True,high,arXiv,,arXiv
2079,,6433304918.0,,0,0,0,蓝V,https://arxiv.org/pdf/2402.04253.pdf,https://arxiv.org/pdf/2402.04253.pdf,True,high,arXiv,,arXiv
2080,,6433304918.0,,0,0,0,蓝V,https://arxiv.org/abs/2402.04494,https://arxiv.org/abs/2402.04494,True,high,arXiv,,arXiv
2081,,6433304918.0,,0,0,0,蓝V,https://arxiv.org/pdf/2402.05120.pdf,https://arxiv.org/pdf/2402.05120.pdf,True,high,arXiv,,arXiv
2082,,1627825392.0,,0,0,0,金V,https://arxiv.org/abs/2402.13753,https://arxiv.org/abs/2402.13753,True,high,arXiv,,arXiv
2082,,1627825392.0,,0,0,0,金V,https://arxiv.org/pdf/2402.13753.pdf,https://arxiv.org/pdf/2402.13753.pdf,True,high,arXiv,,arXiv
2083,,1783475181.0,,0,0,0,红V,https://link.cnki.net/doi/10.16405/j.cnki.1004-129X.2024.01.010,https://link.cnki.net/doi/10.16405/j.cnki.1004-129X.2024.01.010,True,high,DOI,10.16405/j.cnki.1004-129X.2024.01.010,DOI
2084,,6433304918.0,,0,0,0,蓝V,https://arxiv.org/abs/2206.07682,https://arxiv.org/abs/2206.07682,True,high,arXiv,,arXiv
2084,,6433304918.0,,0,0,0,蓝V,https://arxiv.org/abs/2304.15004,https://arxiv.org/abs/2304.15004,True,high,arXiv,,arXiv
2085,,6433304918.0,,0,0,0,蓝V,https://arxiv.org/abs/2403.12008,https://arxiv.org/abs/2403.12008,True,high,arXiv,,arXiv
2086,,6433304918.0,,0,0,0,蓝V,https://arxiv.org/pdf/2403.08319.pdf,https://arxiv.org/pdf/2403.08319.pdf,True,high,arXiv,,arXiv
2087,,6433304918.0,,0,0,0,蓝V,https://arxiv.org/pdf/2402.09906.pdf,https://arxiv.org/pdf/2402.09906.pdf,True,high,arXiv,,arXiv
2088,,6433304918.0,,0,0,0,蓝V,https://storage.googleapis.com/deepmind-media/DeepMind.com/Blog/sima-generalist-ai-agent-for-3d-virtual-environments/Scaling%20Instructable%20Agents%20Across%20Many%20Simulated%20Worlds.pdf,https://storage.googleapis.com/deepmind-media/DeepMind.com/Blog/sima-generalist-ai-agent-for-3d-virtual-environments/Scaling Instructable Agents Across Many Simulated Worlds.pdf,False,none,,,
2089,,6433304918.0,,0,0,0,蓝V,https://arxiv.org/pdf/2403.05313.pdf,https://arxiv.org/pdf/2403.05313.pdf,True,high,arXiv,,arXiv
2090,,6433304918.0,,0,0,0,蓝V,https://arxiv.org/pdf/2403.03230v1.pdf,https://arxiv.org/pdf/2403.03230v1.pdf,True,high,arXiv,,arXiv
2091,,6433304918.0,,0,0,0,蓝V,https://arxiv.org/pdf/2402.18334v1.pdf,https://arxiv.org/pdf/2402.18334v1.pdf,True,high,arXiv,,arXiv
2092,,6974787068.0,,0,0,0,红V,https://arxiv.org/abs/2207.08815,https://arxiv.org/abs/2207.08815,True,high,arXiv,,arXiv
2093,,1706699904.0,,0,0,0,红V,https://arxiv.org/abs/2211.05102,https://arxiv.org/abs/2211.05102,True,high,arXiv,,arXiv
2094,,6182606334.0,,0,0,0,红V,https://arxiv.org/abs/2403.18818,https://arxiv.org/abs/2403.18818,True,high,arXiv,,arXiv
2095,,1870858943.0,,0,0,0,蓝V,https://www.aminer.cn/pub/65e9207613fb2c6cf62009e3/?f=wb,https://www.aminer.cn/pub/65e9207613fb2c6cf62009e3/?f=wb,True,high,AMiner,,AMiner
2096,,6182606334.0,,0,0,0,红V,https://arxiv.org/html/2403.09629v1,https://arxiv.org/html/2403.09629v1,True,high,arXiv,,arXiv
2097,,1830516311.0,,0,0,0,普通用户,https://arxiv.org/abs/2403.08632,https://arxiv.org/abs/2403.08632,True,high,arXiv,,arXiv
2098,,1870858943.0,,0,0,0,蓝V,https://www.aminer.cn/pub/65ea773a13fb2c6cf61fa015/?f=wb,https://www.aminer.cn/pub/65ea773a13fb2c6cf61fa015/?f=wb,True,high,AMiner,,AMiner
2099,,1233486457.0,,0,0,0,红V,https://arxiv.org/abs/2403.09611,https://arxiv.org/abs/2403.09611,True,high,arXiv,,arXiv
2100,,1870858943.0,,0,0,0,蓝V,https://www.aminer.cn/pub/65e7dcc013fb2c6cf6fddcf5/?f=wb,https://www.aminer.cn/pub/65e7dcc013fb2c6cf6fddcf5/?f=wb,True,high,AMiner,,AMiner
2101,,1699526244.0,,0,0,0,普通用户,https://academic.oup.com/nsr/advance-article/doi/10.1093/nsr/nwab209/6442253,https://academic.oup.com/nsr/advance-article/doi/10.1093/nsr/nwab209/6442253,True,high,DOI,10.1093/nsr/nwab209/6442253,DOI
2102,,6182606334.0,,0,0,0,红V,https://arxiv.org/pdf/2403.09611.pdf,https://arxiv.org/pdf/2403.09611.pdf,True,high,arXiv,,arXiv
2103,,3996876140.0,,0,0,0,蓝V,https://arxiv.org/pdf/2403.09611.pdf,https://arxiv.org/pdf/2403.09611.pdf,True,high,arXiv,,arXiv
2104,,1699526244.0,,0,0,0,普通用户,https://www.cell.com/molecular-plant/fulltext/S1674-2052(24)00075-3,https://www.cell.com/molecular-plant/fulltext/S1674-2052(24)00075-3,True,high,CELL PRESS,,CELL PRESS
2105,,1464484735.0,,0,0,0,普通用户,https://arxiv.org/abs/2402.11453,https://arxiv.org/abs/2402.11453,True,high,arXiv,,arXiv
2106,,6433304918.0,,0,0,0,蓝V,https://arxiv.org/abs/2403.00071,https://arxiv.org/abs/2403.00071,True,high,arXiv,,arXiv
2107,,6433304918.0,,0,0,0,蓝V,https://arxiv.org/pdf/2403.04132.pdf,https://arxiv.org/pdf/2403.04132.pdf,True,high,arXiv,,arXiv
2108,,1411760332.0,,0,0,0,黄V,https://doi.org/10.1038/s41467-024-45675-4,https://doi.org/10.1038/s41467-024-45675-4,True,high,DOI,10.1038/s41467-024-45675-4,DOI
2109,,6433304918.0,,0,0,0,蓝V,https://storage.googleapis.com/deepmind-media/gemma/gemma-report.pdf,https://storage.googleapis.com/deepmind-media/gemma/gemma-report.pdf,False,none,,,
2110,,6433304918.0,,0,0,0,蓝V,https://arxiv.org/pdf/2402.17764.pdf,https://arxiv.org/pdf/2402.17764.pdf,True,high,arXiv,,arXiv
2111,,6433304918.0,,0,0,0,蓝V,https://arxiv.org/pdf/2402.09906.pdf,https://arxiv.org/pdf/2402.09906.pdf,True,high,arXiv,,arXiv
2112,,6433304918.0,,0,0,0,蓝V,https://arxiv.org/pdf/2402.17485.pdf,https://arxiv.org/pdf/2402.17485.pdf,True,high,arXiv,,arXiv
2113,,5648162302.0,,0,0,0,红V,arxiv.org/abs/2311.07989,arxiv.org/abs/2311.07989,True,medium,学术特征,,/abs/
2114,,6433304918.0,,0,0,0,蓝V,https://arxiv.org/pdf/2402.15809.pdf,https://arxiv.org/pdf/2402.15809.pdf,True,high,arXiv,,arXiv
2115,,3996876140.0,,0,0,0,蓝V,https://arxiv.org/abs/2403.03507,https://arxiv.org/abs/2403.03507,True,high,arXiv,,arXiv
2116,,1464484735.0,,0,0,0,普通用户,https://arxiv.org/abs/2403.08281,https://arxiv.org/abs/2403.08281,True,high,arXiv,,arXiv
2117,,3996876140.0,,0,0,0,蓝V,https://arxiv.org/abs/2308.13137,https://arxiv.org/abs/2308.13137,True,high,arXiv,,arXiv
2117,,3996876140.0,,0,0,0,蓝V,https://openreview.net/forum?id=8Wuvhh0LYW,https://openreview.net/forum?id=8Wuvhh0LYW,True,high,openreview,,openreview
2118,,5976873363.0,,0,0,0,普通用户,https://www.science.org/doi/10.1126/scirobotics.adi7566,https://www.science.org/doi/10.1126/scirobotics.adi7566,True,high,DOI,10.1126/scirobotics.adi7566,DOI
2119,,6433304918.0,,0,0,0,蓝V,https://www.nature.com/articles/s41467-024-45965-x,https://www.nature.com/articles/s41467-024-45965-x,True,high,Nature,,Nature
2120,,6433304918.0,,0,0,0,蓝V,https://arxiv.org/pdf/2403.13187.pdf,https://arxiv.org/pdf/2403.13187.pdf,True,high,arXiv,,arXiv
2121,,7571106435.0,,0,0,0,蓝V,https://doi.org/10.1142/S0217751X24500076,https://doi.org/10.1142/S0217751X24500076,True,high,DOI,10.1142/S0217751X24500076,DOI
2122,,6105753431.0,,0,0,0,蓝V,https://arxiv.org/abs/2403.05525,https://arxiv.org/abs/2403.05525,True,high,arXiv,,arXiv
2123,,6433304918.0,,0,0,0,蓝V,https://arxiv.org/pdf/2402.10890.pdf,https://arxiv.org/pdf/2402.10890.pdf,True,high,arXiv,,arXiv
2124,,6433304918.0,,0,0,0,蓝V,https://arxiv.org/pdf/2402.10790.pdf,https://arxiv.org/pdf/2402.10790.pdf,True,high,arXiv,,arXiv
2125,,3996876140.0,,0,0,0,蓝V,https://arxiv.org/pdf/2403.03163.pdf,https://arxiv.org/pdf/2403.03163.pdf,True,high,arXiv,,arXiv
2126,,6182606334.0,,0,0,0,红V,https://arxiv.org/pdf/2403.07816.pdf,https://arxiv.org/pdf/2403.07816.pdf,True,high,arXiv,,arXiv
2127,,5703921756.0,,0,0,0,蓝V,https://arxiv.org/abs/2303.14389,https://arxiv.org/abs/2303.14389,True,high,arXiv,,arXiv
2128,,5602911905.0,,0,0,0,蓝V,https://www.the-innovation.org/article/doi/10.59717/j.xinn-geo.2023.100037,https://www.the-innovation.org/article/doi/10.59717/j.xinn-geo.2023.100037,True,high,DOI,10.59717/j.xinn-geo.2023.100037,DOI
2129,,1870858943.0,,0,0,0,蓝V,https://www.aminer.cn/pub/65e7d20613fb2c6cf6f5b22e/?f=wb,https://www.aminer.cn/pub/65e7d20613fb2c6cf6f5b22e/?f=wb,True,high,AMiner,,AMiner
2130,,6433304918.0,,0,0,0,蓝V,https://arxiv.org/abs/2402.14740,https://arxiv.org/abs/2402.14740,True,high,arXiv,,arXiv
2131,,5329434101.0,,0,0,0,蓝V,https://www.nature.com/articles/s41550-024-02206-x?utm_medium=organic_social&utm_source=weibo&utm_campaign=CONR_PF020_ENGM_AP_CNCM_002EA_weeklyS,https://www.nature.com/articles/s41550-024-02206-x?utm_medium=organic_social&utm_source=weibo&utm_campaign=CONR_PF020_ENGM_AP_CNCM_002EA_weeklyS,True,high,Nature,,Nature
2132,,1305025981.0,,0,0,0,普通用户,https://arxiv.org/abs/2402.15627,https://arxiv.org/abs/2402.15627,True,high,arXiv,,arXiv
2132,,1305025981.0,,0,0,0,普通用户,https://arxiv.org/abs/2402.15627,https://arxiv.org/abs/2402.15627,True,high,arXiv,,arXiv
2133,,5866398242.0,,0,0,0,普通用户,https://www.pnas.org/doi/10.1073/pnas.2319658121,https://www.pnas.org/doi/10.1073/pnas.2319658121,True,high,DOI,10.1073/pnas.2319658121,DOI
2134,,6433304918.0,,0,0,0,蓝V,https://arxiv.org/pdf/2402.13446.pdf,https://arxiv.org/pdf/2402.13446.pdf,True,high,arXiv,,arXiv
2135,,6433304918.0,,0,0,0,蓝V,https://arxiv.org/pdf/2402.09171.pdf,https://arxiv.org/pdf/2402.09171.pdf,True,high,arXiv,,arXiv
2136,,6433304918.0,,0,0,0,蓝V,https://arxiv.org/pdf/2402.14083.pdf,https://arxiv.org/pdf/2402.14083.pdf,True,high,arXiv,,arXiv
2137,,6433304918.0,,0,0,0,蓝V,https://arxiv.org/abs/2402.12185,https://arxiv.org/abs/2402.12185,True,high,arXiv,,arXiv
2138,,6105753431.0,,0,0,0,蓝V,https://arxiv.org/pdf/2305.13311.pdf,https://arxiv.org/pdf/2305.13311.pdf,True,high,arXiv,,arXiv
2139,,5976873363.0,,0,0,0,普通用户,https://www.nature.com/articles/s41467-024-45317-9,https://www.nature.com/articles/s41467-024-45317-9,True,high,Nature,,Nature
2140,,6324766931.0,,0,0,0,黄V,https://pubmed.ncbi.nlm.nih.gov/37930106/,https://pubmed.ncbi.nlm.nih.gov/37930106/,True,high,PubMed,,PubMed
2141,,1727858283.0,,0,0,0,金V,https://arxiv.org/html/2403.09539v1,https://arxiv.org/html/2403.09539v1,True,high,arXiv,,arXiv
2142,,3996876140.0,,0,0,0,蓝V,https://arxiv.org/pdf/2403.04692.pdf,https://arxiv.org/pdf/2403.04692.pdf,True,high,arXiv,,arXiv
2143,,1877686643.0,,0,0,0,蓝V,https://onlinelibrary.wiley.com/doi/10.1002/aisy.202300151,https://onlinelibrary.wiley.com/doi/10.1002/aisy.202300151,True,high,DOI,10.1002/aisy.202300151,DOI
2144,,5648162302.0,,0,0,0,红V,arxiv.org/abs/2402.17113,arxiv.org/abs/2402.17113,True,medium,学术特征,,/abs/
2145,,5976873363.0,,0,0,0,普通用户,https://www.nature.com/articles/s41550-024-02200-3,https://www.nature.com/articles/s41550-024-02200-3,True,high,Nature,,Nature
2146,,6105753431.0,,0,0,0,蓝V,https://arxiv.org/abs/2402.17113,https://arxiv.org/abs/2402.17113,True,high,arXiv,,arXiv
2147,,6182606334.0,,0,0,0,红V,https://arxiv.org/html/2402.17764v1,https://arxiv.org/html/2402.17764v1,True,high,arXiv,,arXiv
2148,,5329434101.0,,0,0,0,蓝V,https://www.nature.com/articles/s41586-024-07095-8?utm_medium=organic_social&utm_source=weibo&utm_campaign=CONR_PF020_ENGM_AP_CNCM_002EA_weeklyS,https://www.nature.com/articles/s41586-024-07095-8?utm_medium=organic_social&utm_source=weibo&utm_campaign=CONR_PF020_ENGM_AP_CNCM_002EA_weeklyS,True,high,Nature,,Nature
2149,,5976873363.0,,0,0,0,普通用户,https://journals.aps.org/prd/abstract/10.1103/PhysRevD.109.036034,https://journals.aps.org/prd/abstract/10.1103/PhysRevD.109.036034,True,high,DOI,10.1103/PhysRevD.109.036034,DOI
2150,,6433304918.0,,0,0,0,蓝V,https://arxiv.org/pdf/2403.20327.pdf,https://arxiv.org/pdf/2403.20327.pdf,True,high,arXiv,,arXiv
2151,,6433304918.0,,0,0,0,蓝V,https://cdn.sanity.io/files/4zrzovbb/website/af5633c94ed2beb282f6a53c595eb437e8e7b630.pdf,https://cdn.sanity.io/files/4zrzovbb/website/af5633c94ed2beb282f6a53c595eb437e8e7b630.pdf,True,high,MJH Life Sciences,,MJH Life Sciences
2152,,6433304918.0,,0,0,0,蓝V,https://arxiv.org/pdf/2404.02258.pdf,https://arxiv.org/pdf/2404.02258.pdf,True,high,arXiv,,arXiv
2153,,6433304918.0,,0,0,0,蓝V,https://arxiv.org/pdf/2404.03626.pdf,https://arxiv.org/pdf/2404.03626.pdf,True,high,arXiv,,arXiv
2154,,6433304918.0,,0,0,0,蓝V,https://arxiv.org/pdf/2404.03592.pdf,https://arxiv.org/pdf/2404.03592.pdf,True,high,arXiv,,arXiv
2155,,6433304918.0,,0,0,0,蓝V,https://arxiv.org/pdf/2404.02060.pdf,https://arxiv.org/pdf/2404.02060.pdf,True,high,arXiv,,arXiv
2156,,2048296694.0,,0,0,0,红V,https://doi.org/10.1136/jitc-2023-008053,https://doi.org/10.1136/jitc-2023-008053,True,high,DOI,10.1136/jitc-2023-008053,DOI
2156,,2048296694.0,,0,0,0,红V,https://doi.org/10.1158/0008-5472.CAN-22-3042,https://doi.org/10.1158/0008-5472.CAN-22-3042,True,high,DOI,10.1158/0008-5472.CAN-22-3042,DOI
2157,,6433304918.0,,0,0,0,蓝V,https://arxiv.org/pdf/2403.18802v1.pdf,https://arxiv.org/pdf/2403.18802v1.pdf,True,high,arXiv,,arXiv
2158,,6433304918.0,,0,0,0,蓝V,https://arxiv.org/pdf/2403.18103.pdf,https://arxiv.org/pdf/2403.18103.pdf,True,high,arXiv,,arXiv
2159,,6433304918.0,,0,0,0,蓝V,https://arxiv.org/pdf/2403.16971v2.pdf,https://arxiv.org/pdf/2403.16971v2.pdf,True,high,arXiv,,arXiv
2160,,1233486457.0,,0,0,0,红V,https://arxiv.org/abs/2402.05120,https://arxiv.org/abs/2402.05120,True,high,arXiv,,arXiv
2161,,5976873363.0,,0,0,0,普通用户,https://www.cell.com/stem-cell-reports/fulltext/S2213-6711(24)00049-3?_returnURL=https%3A%2F%2Flinkinghub.elsevier.com%2Fretrieve%2Fpii%2FS2213671124000493%3Fshowall%3Dtrue,https://www.cell.com/stem-cell-reports/fulltext/S2213-6711(24)00049-3?_returnURL=https://linkinghub.elsevier.com/retrieve/pii/S2213671124000493?showall=true,True,high,Elsevier,,Elsevier
2162,,6105753431.0,,0,0,0,蓝V,https://arxiv.org/abs/2404.03683,https://arxiv.org/abs/2404.03683,True,high,arXiv,,arXiv
2163,,1402400261.0,,0,0,0,金V,https://arxiv.org/abs/2404.03028,https://arxiv.org/abs/2404.03028,True,high,arXiv,,arXiv
2164,,1402400261.0,,0,0,0,金V,https://arxiv.org/abs/2404.02060,https://arxiv.org/abs/2404.02060,True,high,arXiv,,arXiv
2165,,1917491813.0,,0,0,0,黄V,https://arxiv.org/abs/2402.10424,https://arxiv.org/abs/2402.10424,True,high,arXiv,,arXiv
2166,,6182606334.0,,0,0,0,红V,https://arxiv.org/abs/2404.04204,https://arxiv.org/abs/2404.04204,True,high,arXiv,,arXiv
2167,,7571106435.0,,0,0,0,蓝V,https://doi.org/10.1103/PhysRevLett.132.131002,https://doi.org/10.1103/PhysRevLett.132.131002,True,high,DOI,10.1103/PhysRevLett.132.131002,DOI
2167,,7571106435.0,,0,0,0,蓝V,https://physics.aps.org/articles/v17/s39,https://physics.aps.org/articles/v17/s39,True,high,APS,,APS
2168,,6105753431.0,,0,0,0,蓝V,https://arxiv.org/abs/2311.03099,https://arxiv.org/abs/2311.03099,True,high,arXiv,,arXiv
2169,,1870858943.0,,0,0,0,蓝V,https://www.aminer.cn/pub/65ee65b413fb2c6cf61ae69f/?f=wb,https://www.aminer.cn/pub/65ee65b413fb2c6cf61ae69f/?f=wb,True,high,AMiner,,AMiner
2170,,1870858943.0,,0,0,0,蓝V,https://www.aminer.cn/pub/65f3abd913fb2c6cf6612a28/?f=wb,https://www.aminer.cn/pub/65f3abd913fb2c6cf6612a28/?f=wb,True,high,AMiner,,AMiner
2171,,1402400261.0,,0,0,0,金V,https://arxiv.org/abs/2404.07979,https://arxiv.org/abs/2404.07979,True,high,arXiv,,arXiv
2172,,5703921756.0,,0,0,0,蓝V,https://arxiv.org/abs/2404.00282,https://arxiv.org/abs/2404.00282,True,high,arXiv,,arXiv
2173,,7571106435.0,,0,0,0,蓝V,https://journals.aps.org/prl/abstract/10.1103/PhysRevLett.132.131402,https://journals.aps.org/prl/abstract/10.1103/PhysRevLett.132.131402,True,high,DOI,10.1103/PhysRevLett.132.131402,DOI
2174,,6433304918.0,,0,0,0,蓝V,https://arxiv.org/pdf/2404.05719.pdf,https://arxiv.org/pdf/2404.05719.pdf,True,high,arXiv,,arXiv
2175,,6433304918.0,,0,0,0,蓝V,https://arxiv.org/pdf/2404.07143.pdf,https://arxiv.org/pdf/2404.07143.pdf,True,high,arXiv,,arXiv
2176,,1894295570.0,,0,0,0,蓝V,https://www.scirp.org/journal/paperinformation?paperid=132436&utm_campaign=weibochenling&utm_source=chenling&utm_medium=weibochenlin,https://www.scirp.org/journal/paperinformation?paperid=132436&utm_campaign=weibochenling&utm_source=chenling&utm_medium=weibochenlin,True,high,SCIRP 美国科研出版社,,SCIRP 美国科研出版社
2177,,1870858943.0,,0,0,0,蓝V,https://www.aminer.cn/pub/65f108f113fb2c6cf6acf660/?f=wb,https://www.aminer.cn/pub/65f108f113fb2c6cf6acf660/?f=wb,True,high,AMiner,,AMiner
2178,,1870858943.0,,0,0,0,蓝V,https://www.aminer.cn/pub/65f108e413fb2c6cf6acd20f/?f=wb,https://www.aminer.cn/pub/65f108e413fb2c6cf6acd20f/?f=wb,True,high,AMiner,,AMiner
2179,,1894295570.0,,0,0,0,蓝V,https://www.scirp.org/journal/paperinformation?paperid=132189&utm_campaign=weibochenling&utm_source=chenling&utm_medium=weibochenling,https://www.scirp.org/journal/paperinformation?paperid=132189&utm_campaign=weibochenling&utm_source=chenling&utm_medium=weibochenling,True,high,SCIRP 美国科研出版社,,SCIRP 美国科研出版社
2180,,1807976937.0,,0,0,0,蓝V,https://arxiv.org/pdf/2404.08144.pdf,https://arxiv.org/pdf/2404.08144.pdf,True,high,arXiv,,arXiv
2181,,1870858943.0,,0,0,0,蓝V,https://www.aminer.cn/pub/65ee65b413fb2c6cf61ae76d/?f=wb,https://www.aminer.cn/pub/65ee65b413fb2c6cf61ae76d/?f=wb,True,high,AMiner,,AMiner
2182,,1870858943.0,,0,0,0,蓝V,https://www.aminer.cn/pub/65f25a4913fb2c6cf6e1253c/?f=wb,https://www.aminer.cn/pub/65f25a4913fb2c6cf6e1253c/?f=wb,True,high,AMiner,,AMiner
2183,,1870858943.0,,0,0,0,蓝V,https://www.aminer.cn/pub/66037e0413fb2c6cf6e7f66e/?f=wb,https://www.aminer.cn/pub/66037e0413fb2c6cf6e7f66e/?f=wb,True,high,AMiner,,AMiner
2184,,1870858943.0,,0,0,0,蓝V,https://www.aminer.cn/pub/6604cf2d13fb2c6cf6b93e0b/?f=wb,https://www.aminer.cn/pub/6604cf2d13fb2c6cf6b93e0b/?f=wb,True,high,AMiner,,AMiner
2185,,2535161187.0,,0,0,0,黄V,https://arxiv.org/abs/2303.18223,https://arxiv.org/abs/2303.18223,True,high,arXiv,,arXiv
2186,,6182606334.0,,0,0,0,红V,https://arxiv.org/abs/2403.19928,https://arxiv.org/abs/2403.19928,True,high,arXiv,,arXiv
2187,,5976873363.0,,0,0,0,普通用户,https://www.science.org/doi/10.1126/sciadv.adl1884,https://www.science.org/doi/10.1126/sciadv.adl1884,True,high,DOI,10.1126/sciadv.adl1884,DOI
2188,,1870858943.0,,0,0,0,蓝V,https://www.aminer.cn/pub/65f3abe013fb2c6cf6613327/?f=wb,https://www.aminer.cn/pub/65f3abe013fb2c6cf6613327/?f=wb,True,high,AMiner,,AMiner
2189,,1870858943.0,,0,0,0,蓝V,https://www.aminer.cn/pub/65f3abe013fb2c6cf6613361/?f=wb,https://www.aminer.cn/pub/65f3abe013fb2c6cf6613361/?f=wb,True,high,AMiner,,AMiner
2190,,5602911905.0,,0,0,0,蓝V,https://www.sciencedirect.com/science/article/pii/S0921344924000454?via%3Dihub,https://www.sciencedirect.com/science/article/pii/S0921344924000454?via=ihub,True,high,SPRINGER,,SPRINGER
2191,,1870858943.0,,0,0,0,蓝V,https://www.aminer.cn/pub/6604cf2313fb2c6cf6b8a631/?f=wb,https://www.aminer.cn/pub/6604cf2313fb2c6cf6b8a631/?f=wb,True,high,AMiner,,AMiner
2192,,1870858943.0,,0,0,0,蓝V,https://www.aminer.cn/pub/66037de513fb2c6cf6e64b9f/?f=wb,https://www.aminer.cn/pub/66037de513fb2c6cf6e64b9f/?f=wb,True,high,AMiner,,AMiner
2193,,1870858943.0,,0,0,0,蓝V,https://www.aminer.cn/pub/65f25a4813fb2c6cf6e12446/?f=wb,https://www.aminer.cn/pub/65f25a4813fb2c6cf6e12446/?f=wb,True,high,AMiner,,AMiner
2194,,1870858943.0,,0,0,0,蓝V,https://www.aminer.cn/pub/65f25a4813fb2c6cf6e124b2/?f=wb,https://www.aminer.cn/pub/65f25a4813fb2c6cf6e124b2/?f=wb,True,high,AMiner,,AMiner
2195,,1870858943.0,,0,0,0,蓝V,https://www.aminer.cn/pub/6600da6d13fb2c6cf6bf3195/?f=wb,https://www.aminer.cn/pub/6600da6d13fb2c6cf6bf3195/?f=wb,True,high,AMiner,,AMiner
2196,,1870858943.0,,0,0,0,蓝V,https://www.aminer.cn/pub/6600da6d13fb2c6cf6bf33e0/?f=wb,https://www.aminer.cn/pub/6600da6d13fb2c6cf6bf33e0/?f=wb,True,high,AMiner,,AMiner
2197,,1402400261.0,,0,0,0,金V,https://arxiv.org/abs/2404.00750,https://arxiv.org/abs/2404.00750,True,high,arXiv,,arXiv
2198,,1870858943.0,,0,0,0,蓝V,https://www.aminer.cn/pub/65fb94f713fb2c6cf682ffba/?f=wb,https://www.aminer.cn/pub/65fb94f713fb2c6cf682ffba/?f=wb,True,high,AMiner,,AMiner
2199,,1870858943.0,,0,0,0,蓝V,https://www.aminer.cn/pub/6600da6d13fb2c6cf6bf33ef/?f=wb,https://www.aminer.cn/pub/6600da6d13fb2c6cf6bf33ef/?f=wb,True,high,AMiner,,AMiner
2200,,1943129625.0,,0,0,0,普通用户,https://arxiv.org/pdf/2404.05719.pdf,https://arxiv.org/pdf/2404.05719.pdf,True,high,arXiv,,arXiv
2201,,1870858943.0,,0,0,0,蓝V,https://www.aminer.cn/pub/6604cf2313fb2c6cf6b8a682/?f=wb,https://www.aminer.cn/pub/6604cf2313fb2c6cf6b8a682/?f=wb,True,high,AMiner,,AMiner
2202,,1870858943.0,,0,0,0,蓝V,https://www.aminer.cn/pub/65fceae013fb2c6cf6927bb5/?f=wb,https://www.aminer.cn/pub/65fceae013fb2c6cf6927bb5/?f=wb,True,high,AMiner,,AMiner
2203,,1402400261.0,,0,0,0,金V,https://arxiv.org/abs/2404.04204,https://arxiv.org/abs/2404.04204,True,high,arXiv,,arXiv
2204,,1870858943.0,,0,0,0,蓝V,https://www.aminer.cn/pub/66023b3e13fb2c6cf69cc057/?f=wb,https://www.aminer.cn/pub/66023b3e13fb2c6cf69cc057/?f=wb,True,high,AMiner,,AMiner
2205,,1870858943.0,,0,0,0,蓝V,https://www.aminer.cn/pub/660cb7f713fb2c6cf66b3b2d/?f=wb,https://www.aminer.cn/pub/660cb7f713fb2c6cf66b3b2d/?f=wb,True,high,AMiner,,AMiner
2206,,1870858943.0,,0,0,0,蓝V,https://www.aminer.cn/pub/66023c0213fb2c6cf6aa7d1e/?f=wb,https://www.aminer.cn/pub/66023c0213fb2c6cf6aa7d1e/?f=wb,True,high,AMiner,,AMiner
2207,,5341251100.0,,0,0,0,蓝V,https://doi.org/10.1016/j.atmosenv.2024.120483,https://doi.org/10.1016/j.atmosenv.2024.120483,True,high,DOI,10.1016/j.atmosenv.2024.120483,DOI
2208,,5329434101.0,,0,0,0,蓝V,https://www.nature.com/articles/s41562-024-01863-2.epdf?sharing_token=uXDgmBfW8ePsweVk8yzFeNRgN0jAjWel9jnR3ZoTv0M_VqeTzsZdtA56qJQn39Pl_uEyaced_lYCtMBu4A6k8NretJzgsXGtUe1Kvwxv0YcoRnPY5UI_jS6l3utVPDuzmXzPouncDtANH3ijAF6ewi-MbCJk9DcMG_QIy0eZ1Vk%3D,https://www.nature.com/articles/s41562-024-01863-2.epdf?sharing_token=uXDgmBfW8ePsweVk8yzFeNRgN0jAjWel9jnR3ZoTv0M_VqeTzsZdtA56qJQn39Pl_uEyaced_lYCtMBu4A6k8NretJzgsXGtUe1Kvwxv0YcoRnPY5UI_jS6l3utVPDuzmXzPouncDtANH3ijAF6ewi-MbCJk9DcMG_QIy0eZ1Vk=,True,high,Nature,,Nature
2209,,1402400261.0,,0,0,0,金V,https://arxiv.org/abs/2404.07066,https://arxiv.org/abs/2404.07066,True,high,arXiv,,arXiv
2210,,1402400261.0,,0,0,0,金V,https://arxiv.org/abs/2404.06654,https://arxiv.org/abs/2404.06654,True,high,arXiv,,arXiv
2211,,1870858943.0,,0,0,0,蓝V,https://www.aminer.cn/pub/6606208b13fb2c6cf61c6e92/?f=wb,https://www.aminer.cn/pub/6606208b13fb2c6cf61c6e92/?f=wb,True,high,AMiner,,AMiner
2212,,1870858943.0,,0,0,0,蓝V,https://www.aminer.cn/pub/66023c0313fb2c6cf6aa8192/?f=wb,https://www.aminer.cn/pub/66023c0313fb2c6cf6aa8192/?f=wb,True,high,AMiner,,AMiner
2213,,6105753431.0,,0,0,0,蓝V,https://arxiv.org/abs/2404.13208,https://arxiv.org/abs/2404.13208,True,high,arXiv,,arXiv
2214,,1402400261.0,,0,0,0,金V,https://arxiv.org/abs/2404.08335,https://arxiv.org/abs/2404.08335,True,high,arXiv,,arXiv
2215,,6433304918.0,,0,0,0,蓝V,https://arxiv.org/pdf/2404.11584,https://arxiv.org/pdf/2404.11584,True,high,arXiv,,arXiv
2216,,1870858943.0,,0,0,0,蓝V,https://www.aminer.cn/pub/660f5aea13fb2c6cf6543c06/?f=wb,https://www.aminer.cn/pub/660f5aea13fb2c6cf6543c06/?f=wb,True,high,AMiner,,AMiner
2217,,1870858943.0,,0,0,0,蓝V,https://www.aminer.cn/pub/660f5aea13fb2c6cf6543daa/?f=wb,https://www.aminer.cn/pub/660f5aea13fb2c6cf6543daa/?f=wb,True,high,AMiner,,AMiner
2218,,1870858943.0,,0,0,0,蓝V,https://www.aminer.cn/pub/6618956313fb2c6cf62e09ee/?f=wb,https://www.aminer.cn/pub/6618956313fb2c6cf62e09ee/?f=wb,True,high,AMiner,,AMiner
2219,,1870858943.0,,0,0,0,蓝V,https://www.aminer.cn/pub/6618956313fb2c6cf62e0b5b/?f=wb,https://www.aminer.cn/pub/6618956313fb2c6cf62e0b5b/?f=wb,True,high,AMiner,,AMiner
2220,,6433304918.0,,0,0,0,蓝V,https://arxiv.org/pdf/2404.08801,https://arxiv.org/pdf/2404.08801,True,high,arXiv,,arXiv
2221,,1870858943.0,,0,0,0,蓝V,https://www.aminer.cn/pub/661c89df13fb2c6cf6de7fa7/?f=wb,https://www.aminer.cn/pub/661c89df13fb2c6cf6de7fa7/?f=wb,True,high,AMiner,,AMiner
2222,,2008779105.0,,0,0,0,蓝V,https://arxiv.org/abs/2403.08299,https://arxiv.org/abs/2403.08299,True,high,arXiv,,arXiv
2223,,1402400261.0,,0,0,0,金V,https://arxiv.org/abs/2404.12534,https://arxiv.org/abs/2404.12534,True,high,arXiv,,arXiv
2224,,1870858943.0,,0,0,0,蓝V,https://www.aminer.cn/pub/6614a0e313fb2c6cf6f80daa/?f=wb,https://www.aminer.cn/pub/6614a0e313fb2c6cf6f80daa/?f=wb,True,high,AMiner,,AMiner
2225,,1870858943.0,,0,0,0,蓝V,https://www.aminer.cn/pub/6615f2ab13fb2c6cf6dc7675/?f=wb,https://www.aminer.cn/pub/6615f2ab13fb2c6cf6dc7675/?f=wb,True,high,AMiner,,AMiner
2226,,1870858943.0,,0,0,0,蓝V,https://www.aminer.cn/pub/661c89df13fb2c6cf6de7efe/?f=wb,https://www.aminer.cn/pub/661c89df13fb2c6cf6de7efe/?f=wb,True,high,AMiner,,AMiner
2227,,1870858943.0,,0,0,0,蓝V,https://www.aminer.cn/pub/66134f3b13fb2c6cf6d79539/?f=wb,https://www.aminer.cn/pub/66134f3b13fb2c6cf6d79539/?f=wb,True,high,AMiner,,AMiner
2228,,6105753431.0,,0,0,0,蓝V,https://arxiv.org/pdf/2310.03302,https://arxiv.org/pdf/2310.03302,True,high,arXiv,,arXiv
2229,,1870858943.0,,0,0,0,蓝V,https://www.aminer.cn/pub/660cb81113fb2c6cf66b6a94/?f=wb,https://www.aminer.cn/pub/660cb81113fb2c6cf66b6a94/?f=wb,True,high,AMiner,,AMiner
2230,,1870858943.0,,0,0,0,蓝V,https://www.aminer.cn/pub/660f5aea13fb2c6cf6543dc3/?f=wb,https://www.aminer.cn/pub/660f5aea13fb2c6cf6543dc3/?f=wb,True,high,AMiner,,AMiner
2231,,1402400261.0,,0,0,0,金V,https://arxiv.org/abs/2404.14047,https://arxiv.org/abs/2404.14047,True,high,arXiv,,arXiv
2232,,1402400261.0,,0,0,0,金V,https://arxiv.org/abs/2404.14928,https://arxiv.org/abs/2404.14928,True,high,arXiv,,arXiv
2233,,1402400261.0,,0,0,0,金V,https://arxiv.org/abs/2404.13071,https://arxiv.org/abs/2404.13071,True,high,arXiv,,arXiv
2234,,6182606334.0,,0,0,0,红V,https://arxiv.org/abs/2404.18796,https://arxiv.org/abs/2404.18796,True,high,arXiv,,arXiv
2235,,2703634217.0,,0,0,0,黄V,https://arxiv.org/abs/2404.19756,https://arxiv.org/abs/2404.19756,True,high,arXiv,,arXiv
2236,,6433304918.0,,0,0,0,蓝V,https://arxiv.org/pdf/2404.12241,https://arxiv.org/pdf/2404.12241,True,high,arXiv,,arXiv
2237,,6433304918.0,,0,0,0,蓝V,https://arxiv.org/pdf/2404.09833,https://arxiv.org/pdf/2404.09833,True,high,arXiv,,arXiv
2238,,6433304918.0,,0,0,0,蓝V,https://arxiv.org/pdf/2404.10198,https://arxiv.org/pdf/2404.10198,True,high,arXiv,,arXiv
2239,,6433304918.0,,0,0,0,蓝V,https://arxiv.org/pdf/2404.08197,https://arxiv.org/pdf/2404.08197,True,high,arXiv,,arXiv
2240,,5648162302.0,,0,0,0,红V,https://huggingface.co/papers/2404.19702,https://huggingface.co/papers/2404.19702,True,high,huggingface,,huggingface
2241,,6433304918.0,,0,0,0,蓝V,https://arxiv.org/pdf/2405.00732,https://arxiv.org/pdf/2405.00732,True,high,arXiv,,arXiv
2242,,6433304918.0,,0,0,0,蓝V,https://arxiv.org/pdf/2404.19737,https://arxiv.org/pdf/2404.19737,True,high,arXiv,,arXiv
2243,,5648162302.0,,0,0,0,红V,https://arxiv.org/abs/2307.02792,https://arxiv.org/abs/2307.02792,True,high,arXiv,,arXiv
2244,,5648162302.0,,0,0,0,红V,https://arxiv.org/abs/2404.19737,https://arxiv.org/abs/2404.19737,True,high,arXiv,,arXiv
2245,,1233486457.0,,0,0,0,红V,https://repo-sam.inria.fr/fungraph/hierarchical-3d-gaussians/,https://repo-sam.inria.fr/fungraph/hierarchical-3d-gaussians/,False,none,,,
2246,,6433304918.0,,0,0,0,蓝V,https://arxiv.org/pdf/2404.12253,https://arxiv.org/pdf/2404.12253,True,high,arXiv,,arXiv
2247,,6433304918.0,,0,0,0,蓝V,https://arxiv.org/pdf/2404.10667,https://arxiv.org/pdf/2404.10667,True,high,arXiv,,arXiv
2248,,6433304918.0,,0,0,0,蓝V,https://www.instadeep.com/wp-content/uploads/2024/04/ChatNT_A-Multimodal-Conversational-Agent-for-DNA-RNA-and-Protein-Tasks.pdf,https://www.instadeep.com/wp-content/uploads/2024/04/ChatNT_A-Multimodal-Conversational-Agent-for-DNA-RNA-and-Protein-Tasks.pdf,False,none,,,
2249,,6105753431.0,,0,0,0,蓝V,https://arxiv.org/abs/2403.00835,https://arxiv.org/abs/2403.00835,True,high,arXiv,,arXiv
2250,,6433304918.0,,0,0,0,蓝V,https://arxiv.org/abs/2404.14662,https://arxiv.org/abs/2404.14662,True,high,arXiv,,arXiv
2251,,2279408463.0,,0,0,0,蓝V,https://bmcbiol.biomedcentral.com/articles/10.1186/s12915-024-01864-7?utm_medium=organic_social&utm_source=weibo&utm_campaign=CONR_OAJRN_ATT1_AP_CNCM_002EC_bmcpaper,https://bmcbiol.biomedcentral.com/articles/10.1186/s12915-024-01864-7?utm_medium=organic_social&utm_source=weibo&utm_campaign=CONR_OAJRN_ATT1_AP_CNCM_002EC_bmcpaper,True,high,DOI,10.1186/s12915-024-01864-7?utm_medium=organic_social&utm_source=weibo&utm_campaign=CONR_OAJRN_ATT1_AP_CNCM_002EC_bmcpaper,DOI
2251,,2279408463.0,,0,0,0,蓝V,https://bmcbiol.biomedcentral.com/articles/10.1186/s12915-024-01864-7?utm_medium=organic_social&utm_source=weibo&utm_campaign=CONR_OAJRN_ATT1_AP_CNCM_002EC_bmcpaper,https://bmcbiol.biomedcentral.com/articles/10.1186/s12915-024-01864-7?utm_medium=organic_social&utm_source=weibo&utm_campaign=CONR_OAJRN_ATT1_AP_CNCM_002EC_bmcpaper,True,high,DOI,10.1186/s12915-024-01864-7?utm_medium=organic_social&utm_source=weibo&utm_campaign=CONR_OAJRN_ATT1_AP_CNCM_002EC_bmcpaper,DOI
2252,,5602911905.0,,0,0,0,蓝V,https://www.the-innovation.org/article/doi/10.59717/j.xinn-geo.2024.100055,https://www.the-innovation.org/article/doi/10.59717/j.xinn-geo.2024.100055,True,high,DOI,10.59717/j.xinn-geo.2024.100055,DOI
2253,,5648162302.0,,0,0,0,红V,https://huggingface.co/papers/2403.13372,https://huggingface.co/papers/2403.13372,True,high,huggingface,,huggingface
2254,,5976873363.0,,0,0,0,普通用户,https://agupubs.onlinelibrary.wiley.com/doi/10.1029/2023WR036170,https://agupubs.onlinelibrary.wiley.com/doi/10.1029/2023WR036170,True,high,DOI,10.1029/2023WR036170,DOI
2255,,1402400261.0,,0,0,0,金V,https://arxiv.org/abs/2404.19737,https://arxiv.org/abs/2404.19737,True,high,arXiv,,arXiv
2256,,1870858943.0,,0,0,0,蓝V,https://www.aminer.cn/pub/661f2cf013fb2c6cf6b176e0/?f=wb,https://www.aminer.cn/pub/661f2cf013fb2c6cf6b176e0/?f=wb,True,high,AMiner,,AMiner
2257,,6433304918.0,,0,0,0,蓝V,https://arxiv.org/abs/2405.04434v2,https://arxiv.org/abs/2405.04434v2,True,high,arXiv,,arXiv
2258,,5602911905.0,,0,0,0,蓝V,https://ieeexplore.ieee.org/document/10504965,https://ieeexplore.ieee.org/document/10504965,True,high,IEEE Xplore,,IEEE Xplore
2259,,1870858943.0,,0,0,0,蓝V,https://www.aminer.cn/pub/66286ca801d2a3fbfc362f1a/?f=wb,https://www.aminer.cn/pub/66286ca801d2a3fbfc362f1a/?f=wb,True,high,AMiner,,AMiner
2260,,1870858943.0,,0,0,0,蓝V,https://www.aminer.cn/pub/661dec8113fb2c6cf6c8f8fb/?f=wb,https://www.aminer.cn/pub/661dec8113fb2c6cf6c8f8fb/?f=wb,True,high,AMiner,,AMiner
2261,,5976873363.0,,0,0,0,普通用户,https://iopscience.iop.org/article/10.3847/1538-4357/ad3a61,https://iopscience.iop.org/article/10.3847/1538-4357/ad3a61,True,high,DOI,10.3847/1538-4357/ad3a61,DOI
2262,,1870858943.0,,0,0,0,蓝V,https://www.aminer.cn/pub/66207e7f13fb2c6cf6b87d01/?f=wb,https://www.aminer.cn/pub/66207e7f13fb2c6cf6b87d01/?f=wb,True,high,AMiner,,AMiner
2263,,1870858943.0,,0,0,0,蓝V,https://www.aminer.cn/pub/66207e7f13fb2c6cf6b87dc5/?f=wb,https://www.aminer.cn/pub/66207e7f13fb2c6cf6b87dc5/?f=wb,True,high,AMiner,,AMiner
2264,,1402400261.0,,0,0,0,金V,https://arxiv.org/abs/2405.01724,https://arxiv.org/abs/2405.01724,True,high,arXiv,,arXiv
2265,,,,0,0,0,,https://repo-sam.inria.fr/fungraph/hierarchical-3d-gaussians/,https://repo-sam.inria.fr/fungraph/hierarchical-3d-gaussians/,False,none,,,
2266,,1870858943.0,,0,0,0,蓝V,https://www.aminer.cn/pub/66286ca801d2a3fbfc3631d8/?f=wb,https://www.aminer.cn/pub/66286ca801d2a3fbfc3631d8/?f=wb,True,high,AMiner,,AMiner
2267,,1870858943.0,,0,0,0,蓝V,https://www.aminer.cn/pub/66286ca801d2a3fbfc362fe1/?f=wb,https://www.aminer.cn/pub/66286ca801d2a3fbfc362fe1/?f=wb,True,high,AMiner,,AMiner
2268,,1870858943.0,,0,0,0,蓝V,https://www.aminer.cn/pub/6631a2d501d2a3fbfc8c4be9/?f=wb,https://www.aminer.cn/pub/6631a2d501d2a3fbfc8c4be9/?f=wb,True,high,AMiner,,AMiner
2269,,1870858943.0,,0,0,0,蓝V,https://www.aminer.cn/pub/65fceadd13fb2c6cf692790d/?f=wb,https://www.aminer.cn/pub/65fceadd13fb2c6cf692790d/?f=wb,True,high,AMiner,,AMiner
2270,,1870858943.0,,0,0,0,蓝V,https://www.aminer.cn/pub/662715df13fb2c6cf65d9fc9/?f=wb,https://www.aminer.cn/pub/662715df13fb2c6cf65d9fc9/?f=wb,True,high,AMiner,,AMiner
2271,,1870858943.0,,0,0,0,蓝V,https://www.aminer.cn/pub/6634456501d2a3fbfc2d282c/?f=wb,https://www.aminer.cn/pub/6634456501d2a3fbfc2d282c/?f=wb,True,high,AMiner,,AMiner
2272,,6433304918.0,,0,0,0,蓝V,https://arxiv.org/pdf/2405.01814,https://arxiv.org/pdf/2405.01814,True,high,arXiv,,arXiv
2273,,1870858943.0,,0,0,0,蓝V,https://www.aminer.cn/pub/6630514301d2a3fbfcc14472/?f=wb,https://www.aminer.cn/pub/6630514301d2a3fbfcc14472/?f=wb,True,high,AMiner,,AMiner
2274,,1870858943.0,,0,0,0,蓝V,https://www.aminer.cn/pub/662715d113fb2c6cf65d9014/?f=wb,https://www.aminer.cn/pub/662715d113fb2c6cf65d9014/?f=wb,True,high,AMiner,,AMiner
2275,,1870858943.0,,0,0,0,蓝V,https://www.aminer.cn/pub/65640482939a5f4082231b25/?f=wb,https://www.aminer.cn/pub/65640482939a5f4082231b25/?f=wb,True,high,AMiner,,AMiner
2276,,1402400261.0,,0,0,0,金V,https://arxiv.org/abs/2405.02454,https://arxiv.org/abs/2405.02454,True,high,arXiv,,arXiv
2277,,1870858943.0,,0,0,0,蓝V,https://www.aminer.cn/pub/662715d113fb2c6cf65d9126/?f=wb,https://www.aminer.cn/pub/662715d113fb2c6cf65d9126/?f=wb,True,high,AMiner,,AMiner
2278,,1870858943.0,,0,0,0,蓝V,https://www.aminer.cn/pub/663839ae01d2a3fbfcdc7a2c/?f=wb,https://www.aminer.cn/pub/663839ae01d2a3fbfcdc7a2c/?f=wb,True,high,AMiner,,AMiner
2279,,1870858943.0,,0,0,0,蓝V,https://www.aminer.cn/pub/662715df13fb2c6cf65d9fdb/?f=wb,https://www.aminer.cn/pub/662715df13fb2c6cf65d9fdb/?f=wb,True,high,AMiner,,AMiner
2280,,1870858943.0,,0,0,0,蓝V,https://www.aminer.cn/pub/663839ae01d2a3fbfcdc7acd/?f=wb,https://www.aminer.cn/pub/663839ae01d2a3fbfcdc7acd/?f=wb,True,high,AMiner,,AMiner
2281,,1870858943.0,,0,0,0,蓝V,https://www.aminer.cn/pub/663839b401d2a3fbfcdc82ab/?f=wb,https://www.aminer.cn/pub/663839b401d2a3fbfcdc82ab/?f=wb,True,high,AMiner,,AMiner
2282,,6433304918.0,,0,0,0,蓝V,https://arxiv.org/pdf/2312.16171,https://arxiv.org/pdf/2312.16171,True,high,arXiv,,arXiv
2283,,6433304918.0,,0,0,0,蓝V,https://arxiv.org/abs/2405.15318,https://arxiv.org/abs/2405.15318,True,high,arXiv,,arXiv
2284,,2794083144.0,,0,0,0,蓝V,https://www.cell.com/cell-stem-cell/fulltext/S1934-5909(24)00137-1,https://www.cell.com/cell-stem-cell/fulltext/S1934-5909(24)00137-1,True,high,CELL PRESS,,CELL PRESS
2285,,1870858943.0,,0,0,0,蓝V,https://www.aminer.cn/pub/6630514301d2a3fbfcc145be/?f=wb,https://www.aminer.cn/pub/6630514301d2a3fbfcc145be/?f=wb,True,high,AMiner,,AMiner
2286,,1870858943.0,,0,0,0,蓝V,https://www.aminer.cn/pub/6630513001d2a3fbfcc131d7/?f=wb,https://www.aminer.cn/pub/6630513001d2a3fbfcc131d7/?f=wb,True,high,AMiner,,AMiner
2287,,5976873363.0,,0,0,0,普通用户,https://www.nature.com/articles/s41586-024-07487-w,https://www.nature.com/articles/s41586-024-07487-w,True,high,Nature,,Nature
2288,,2279408463.0,,0,0,0,蓝V,https://bmcmedicine.biomedcentral.com/articles/10.1186/s12916-024-03384-1?utm_medium=organic_social&utm_source=weibo&utm_campaign=CONR_OAJRN_ATT1_AP_CNCM_002EC_bmcpaper,https://bmcmedicine.biomedcentral.com/articles/10.1186/s12916-024-03384-1?utm_medium=organic_social&utm_source=weibo&utm_campaign=CONR_OAJRN_ATT1_AP_CNCM_002EC_bmcpaper,True,high,DOI,10.1186/s12916-024-03384-1?utm_medium=organic_social&utm_source=weibo&utm_campaign=CONR_OAJRN_ATT1_AP_CNCM_002EC_bmcpaper,DOI
2288,,2279408463.0,,0,0,0,蓝V,https://bmcmedicine.biomedcentral.com/articles/10.1186/s12916-024-03384-1?utm_medium=organic_social&utm_source=weibo&utm_campaign=CONR_OAJRN_ATT1_AP_CNCM_002EC_bmcpaper,https://bmcmedicine.biomedcentral.com/articles/10.1186/s12916-024-03384-1?utm_medium=organic_social&utm_source=weibo&utm_campaign=CONR_OAJRN_ATT1_AP_CNCM_002EC_bmcpaper,True,high,DOI,10.1186/s12916-024-03384-1?utm_medium=organic_social&utm_source=weibo&utm_campaign=CONR_OAJRN_ATT1_AP_CNCM_002EC_bmcpaper,DOI
2289,,1402400261.0,,0,0,0,金V,https://arxiv.org/abs/2405.06640,https://arxiv.org/abs/2405.06640,True,high,arXiv,,arXiv
2290,,1870858943.0,,0,0,0,蓝V,https://www.aminer.cn/pub/663839ae01d2a3fbfcdc798c/?f=wb,https://www.aminer.cn/pub/663839ae01d2a3fbfcdc798c/?f=wb,True,high,AMiner,,AMiner
2291,,1870858943.0,,0,0,0,蓝V,https://www.aminer.cn/pub/663839ae01d2a3fbfcdc7a58/?f=wb,https://www.aminer.cn/pub/663839ae01d2a3fbfcdc7a58/?f=wb,True,high,AMiner,,AMiner
2292,,1870858943.0,,0,0,0,蓝V,https://www.aminer.cn/pub/663d7fe101d2a3fbfc4764ae/?f=wb,https://www.aminer.cn/pub/663d7fe101d2a3fbfc4764ae/?f=wb,True,high,AMiner,,AMiner
2293,,1870858943.0,,0,0,0,蓝V,https://www.aminer.cn/pub/663adcea01d2a3fbfca0a1c5/?f=wb,https://www.aminer.cn/pub/663adcea01d2a3fbfca0a1c5/?f=wb,True,high,AMiner,,AMiner
2294,,5976873363.0,,0,0,0,普通用户,https://www.nature.com/articles/s41562-024-01882-z,https://www.nature.com/articles/s41562-024-01882-z,True,high,Nature,,Nature
2295,,1870858943.0,,0,0,0,蓝V,https://www.aminer.cn/pub/6641743d01d2a3fbfce998dd/?f=wb,https://www.aminer.cn/pub/6641743d01d2a3fbfce998dd/?f=wb,True,high,AMiner,,AMiner
2296,,1870858943.0,,0,0,0,蓝V,https://www.aminer.cn/pub/663d7fe101d2a3fbfc476674/?f=wb,https://www.aminer.cn/pub/663d7fe101d2a3fbfc476674/?f=wb,True,high,AMiner,,AMiner
2297,,1402400261.0,,0,0,0,金V,https://arxiv.org/abs/2405.11273,https://arxiv.org/abs/2405.11273,True,high,arXiv,,arXiv
2298,,1870858943.0,,0,0,0,蓝V,https://www.aminer.cn/pub/66398b5501d2a3fbfcaed46d/?f=wb,https://www.aminer.cn/pub/66398b5501d2a3fbfcaed46d/?f=wb,True,high,AMiner,,AMiner
2299,,1870858943.0,,0,0,0,蓝V,https://www.aminer.cn/pub/66398b5501d2a3fbfcaed49a/?f=wb,https://www.aminer.cn/pub/66398b5501d2a3fbfcaed49a/?f=wb,True,high,AMiner,,AMiner
2300,,1870858943.0,,0,0,0,蓝V,https://www.aminer.cn/pub/663d7fe101d2a3fbfc47653b/?f=wb,https://www.aminer.cn/pub/663d7fe101d2a3fbfc47653b/?f=wb,True,high,AMiner,,AMiner
2301,,1870858943.0,,0,0,0,蓝V,https://www.aminer.cn/pub/663839ae01d2a3fbfcdc7a83/?f=wb,https://www.aminer.cn/pub/663839ae01d2a3fbfcdc7a83/?f=wb,True,high,AMiner,,AMiner
2302,,1870858943.0,,0,0,0,蓝V,https://www.aminer.cn/pub/6641743e01d2a3fbfce9993e/?f=wb,https://www.aminer.cn/pub/6641743e01d2a3fbfce9993e/?f=wb,True,high,AMiner,,AMiner
2303,,1870858943.0,,0,0,0,蓝V,https://www.aminer.cn/pub/6641743701d2a3fbfce99171/?f=wb,https://www.aminer.cn/pub/6641743701d2a3fbfce99171/?f=wb,True,high,AMiner,,AMiner
2304,,1402400261.0,,0,0,0,金V,https://arxiv.org/abs/2405.11706,https://arxiv.org/abs/2405.11706,True,high,arXiv,,arXiv
2305,,1402400261.0,,0,0,0,金V,https://arxiv.org/abs/2405.12807,https://arxiv.org/abs/2405.12807,True,high,arXiv,,arXiv
2306,,5976873363.0,,0,0,0,普通用户,https://doi.org/10.1007/s42773-024-00347-w,https://doi.org/10.1007/s42773-024-00347-w,True,high,DOI,10.1007/s42773-024-00347-w,DOI
2307,,1286528122.0,,0,0,0,蓝V,https://arxiv.org/abs/2402.17414,https://arxiv.org/abs/2402.17414,True,high,arXiv,,arXiv
2308,,1912085257.0,,0,0,0,红V,https://arxiv.org/pdf/2006.16668.pdf,https://arxiv.org/pdf/2006.16668.pdf,True,high,arXiv,,arXiv
2308,,1912085257.0,,0,0,0,红V,https://arxiv.org/pdf/2208.02813.pdf,https://arxiv.org/pdf/2208.02813.pdf,True,high,arXiv,,arXiv
2308,,1912085257.0,,0,0,0,红V,https://arxiv.org/pdf/2305.14705.pdf,https://arxiv.org/pdf/2305.14705.pdf,True,high,arXiv,,arXiv
2309,,3894431038.0,,0,0,0,红V,https://arxiv.org/abs/2311.06242,https://arxiv.org/abs/2311.06242,True,high,arXiv,,arXiv
2310,,5703921756.0,,0,0,0,蓝V,https://d1qx31qr3h6wln.cloudfront.net/publications/Nemotron_4_340B_8T_0.pdf,https://d1qx31qr3h6wln.cloudfront.net/publications/Nemotron_4_340B_8T_0.pdf,True,medium,学术特征,,/publications/
2311,,7712464294.0,,0,0,0,普通用户,https://www.sciencedirect.com/science/article/pii/S0306457324001675,https://www.sciencedirect.com/science/article/pii/S0306457324001675,True,high,SPRINGER,,SPRINGER
2312,,1676317545.0,,0,0,0,蓝V,https://doi.org/10.1016/j.scib.2024.06.011,https://doi.org/10.1016/j.scib.2024.06.011,True,high,DOI,10.1016/j.scib.2024.06.011,DOI
2313,,5976873363.0,,0,0,0,普通用户,https://doi.org/10.1016/j.cpc.2024.109265,https://doi.org/10.1016/j.cpc.2024.109265,True,high,DOI,10.1016/j.cpc.2024.109265,DOI
2314,,5976873363.0,,0,0,0,普通用户,https://doi.org/10.1002/aenm.202401303,https://doi.org/10.1002/aenm.202401303,True,high,DOI,10.1002/aenm.202401303,DOI
2315,,6105753431.0,,0,0,0,蓝V,https://d1qx31qr3h6wln.cloudfront.net/publications/Nemotron_4_340B_8T_0.pdf,https://d1qx31qr3h6wln.cloudfront.net/publications/Nemotron_4_340B_8T_0.pdf,True,medium,学术特征,,/publications/
2316,,5703921756.0,,0,0,0,蓝V,https://arxiv.org/pdf/2406.02377,https://arxiv.org/pdf/2406.02377,True,high,arXiv,,arXiv
2317,,2008779105.0,,0,0,0,蓝V,https://www.nature.com/articles/s41558-024-02025-y?utm_source=cbnewsletter&utm_medium=email&utm_term=2024-06-13&utm_campaign=Daily+Briefing+10+06+2024,https://www.nature.com/articles/s41558-024-02025-y?utm_source=cbnewsletter&utm_medium=email&utm_term=2024-06-13&utm_campaign=Daily+Briefing+10+06+2024,True,high,Nature,,Nature
2318,,6105753431.0,,0,0,0,蓝V,https://arxiv.org/abs/2406.10162,https://arxiv.org/abs/2406.10162,True,high,arXiv,,arXiv
2319,,2279408463.0,,0,0,0,蓝V,https://bmcmedicine.biomedcentral.com/articles/10.1186/s12916-024-03418-8?utm_medium=organic_social&utm_source=weibo&utm_campaign=CONR_OAJRN_ATT1_AP_CNCM_002EC_bmcpaper,https://bmcmedicine.biomedcentral.com/articles/10.1186/s12916-024-03418-8?utm_medium=organic_social&utm_source=weibo&utm_campaign=CONR_OAJRN_ATT1_AP_CNCM_002EC_bmcpaper,True,high,DOI,10.1186/s12916-024-03418-8?utm_medium=organic_social&utm_source=weibo&utm_campaign=CONR_OAJRN_ATT1_AP_CNCM_002EC_bmcpaper,DOI
2319,,2279408463.0,,0,0,0,蓝V,https://bmcmedicine.biomedcentral.com/articles/10.1186/s12916-024-03418-8?utm_medium=organic_social&utm_source=weibo&utm_campaign=CONR_OAJRN_ATT1_AP_CNCM_002EC_bmcpaper,https://bmcmedicine.biomedcentral.com/articles/10.1186/s12916-024-03418-8?utm_medium=organic_social&utm_source=weibo&utm_campaign=CONR_OAJRN_ATT1_AP_CNCM_002EC_bmcpaper,True,high,DOI,10.1186/s12916-024-03418-8?utm_medium=organic_social&utm_source=weibo&utm_campaign=CONR_OAJRN_ATT1_AP_CNCM_002EC_bmcpaper,DOI
2320,,5976873363.0,,0,0,0,普通用户,https://doi.org/10.1016/j.isprsjprs.2024.03.025,https://doi.org/10.1016/j.isprsjprs.2024.03.025,True,high,DOI,10.1016/j.isprsjprs.2024.03.025,DOI
2321,,1870858943.0,,0,0,0,蓝V,https://www.aminer.cn/pub/660a14d013fb2c6cf642e980/?f=wb,https://www.aminer.cn/pub/660a14d013fb2c6cf642e980/?f=wb,True,high,AMiner,,AMiner
2322,,2794083144.0,,0,0,0,蓝V,https://www.science.org/doi/10.1126/science.adm8143,https://www.science.org/doi/10.1126/science.adm8143,True,high,DOI,10.1126/science.adm8143,DOI
2323,,1870858943.0,,0,0,0,蓝V,https://www.aminer.cn/pub/660a14c813fb2c6cf642750b/?f=wb,https://www.aminer.cn/pub/660a14c813fb2c6cf642750b/?f=wb,True,high,AMiner,,AMiner
2324,,3241797342.0,,0,0,0,普通用户,https://arxiv.org/pdf/2402.17152,https://arxiv.org/pdf/2402.17152,True,high,arXiv,,arXiv
2325,,1870858943.0,,0,0,0,蓝V,https://www.aminer.cn/pub/66553aff01d2a3fbfc9fce9d/?f=wb,https://www.aminer.cn/pub/66553aff01d2a3fbfc9fce9d/?f=wb,True,high,AMiner,,AMiner
2326,,6105753431.0,,0,0,0,蓝V,https://arxiv.org/abs/2406.07547,https://arxiv.org/abs/2406.07547,True,high,arXiv,,arXiv
2327,,5703921756.0,,0,0,0,蓝V,https://arxiv.org/abs/2406.11794,https://arxiv.org/abs/2406.11794,True,high,arXiv,,arXiv
2328,,1402400261.0,,0,0,0,金V,https://arxiv.org/abs/2406.11430,https://arxiv.org/abs/2406.11430,True,high,arXiv,,arXiv
2329,,1870858943.0,,0,0,0,蓝V,https://www.aminer.cn/pub/66553aff01d2a3fbfc9fd022/?f=wb,https://www.aminer.cn/pub/66553aff01d2a3fbfc9fd022/?f=wb,True,high,AMiner,,AMiner
2330,,1870858943.0,,0,0,0,蓝V,https://www.aminer.cn/pub/66553aff01d2a3fbfc9fd109/?f=wb,https://www.aminer.cn/pub/66553aff01d2a3fbfc9fd109/?f=wb,True,high,AMiner,,AMiner
2331,,1870858943.0,,0,0,0,蓝V,https://www.aminer.cn/pub/66553aff01d2a3fbfc9fce71/?f=wb,https://www.aminer.cn/pub/66553aff01d2a3fbfc9fce71/?f=wb,True,high,AMiner,,AMiner
2332,,1870858943.0,,0,0,0,蓝V,https://www.aminer.cn/pub/6657df0401d2a3fbfc15d5b0/?f=wb,https://www.aminer.cn/pub/6657df0401d2a3fbfc15d5b0/?f=wb,True,high,AMiner,,AMiner
2333,,1870858943.0,,0,0,0,蓝V,https://www.aminer.cn/pub/66553aff01d2a3fbfc9fcfd0/?f=wb,https://www.aminer.cn/pub/66553aff01d2a3fbfc9fcfd0/?f=wb,True,high,AMiner,,AMiner
2334,,5703921756.0,,0,0,0,蓝V,https://arxiv.org/abs/2406.16860,https://arxiv.org/abs/2406.16860,True,high,arXiv,,arXiv
2335,,1746713021.0,,0,0,0,普通用户,https://arxiv.org/pdf/quant-ph/0607151v1,https://arxiv.org/pdf/quant-ph/0607151v1,True,high,arXiv,,arXiv
2336,,6105753431.0,,0,0,0,蓝V,https://arxiv.org/abs/2406.10324,https://arxiv.org/abs/2406.10324,True,high,arXiv,,arXiv
2337,,1870858943.0,,0,0,0,蓝V,https://www.aminer.cn/pub/665d238001d2a3fbfc1e2fa8/?f=wb,https://www.aminer.cn/pub/665d238001d2a3fbfc1e2fa8/?f=wb,True,high,AMiner,,AMiner
2338,,6105753431.0,,0,0,0,蓝V,https://arxiv.org/abs/2406.02528,https://arxiv.org/abs/2406.02528,True,high,arXiv,,arXiv
2339,,6105753431.0,,0,0,0,蓝V,https://arxiv.org/abs/2406.12430,https://arxiv.org/abs/2406.12430,True,high,arXiv,,arXiv
2340,,6182606334.0,,0,0,0,红V,https://arxiv.org/abs/2406.12275,https://arxiv.org/abs/2406.12275,True,high,arXiv,,arXiv
2341,,1402400261.0,,0,0,0,金V,https://arxiv.org/abs/2406.16793,https://arxiv.org/abs/2406.16793,True,high,arXiv,,arXiv
2342,,1870858943.0,,0,0,0,蓝V,https://www.aminer.cn/pub/660cb81113fb2c6cf66b6cdf/?f=wb,https://www.aminer.cn/pub/660cb81113fb2c6cf66b6cdf/?f=wb,True,high,AMiner,,AMiner
2343,,6105753431.0,,0,0,0,蓝V,https://arxiv.org/abs/2405.09798,https://arxiv.org/abs/2405.09798,True,high,arXiv,,arXiv
2344,,1870858943.0,,0,0,0,蓝V,https://www.aminer.cn/pub/660b66cc13fb2c6cf6dd379c/?f=wb,https://www.aminer.cn/pub/660b66cc13fb2c6cf6dd379c/?f=wb,True,high,AMiner,,AMiner
2345,,1870858943.0,,0,0,0,蓝V,https://www.aminer.cn/pub/6667b90401d2a3fbfc3d6bbe/?f=wb,https://www.aminer.cn/pub/6667b90401d2a3fbfc3d6bbe/?f=wb,True,high,AMiner,,AMiner
2346,,6182606334.0,,0,0,0,红V,https://arxiv.org/abs/2406.16793,https://arxiv.org/abs/2406.16793,True,high,arXiv,,arXiv
2347,,5703921756.0,,0,0,0,蓝V,https://arxiv.org/pdf/2405.21075,https://arxiv.org/pdf/2405.21075,True,high,arXiv,,arXiv
2348,,1870858943.0,,0,0,0,蓝V,https://www.aminer.cn/pub/665d23a001d2a3fbfc1f144c/?f=wb,https://www.aminer.cn/pub/665d23a001d2a3fbfc1f144c/?f=wb,True,high,AMiner,,AMiner
2349,,1870858943.0,,0,0,0,蓝V,https://www.aminer.cn/pub/665fc72e01d2a3fbfc4cf39a/?f=wb,https://www.aminer.cn/pub/665fc72e01d2a3fbfc4cf39a/?f=wb,True,high,AMiner,,AMiner
2350,,1870858943.0,,0,0,0,蓝V,https://www.aminer.cn/pub/665e891f01d2a3fbfcc24938/?f=wb,https://www.aminer.cn/pub/665e891f01d2a3fbfcc24938/?f=wb,True,high,AMiner,,AMiner
2351,,6433304918.0,,0,0,0,蓝V,https://arxiv.org/pdf/2406.02430,https://arxiv.org/pdf/2406.02430,True,high,arXiv,,arXiv
2352,,6433304918.0,,0,0,0,蓝V,https://arxiv.org/abs/2406.04268,https://arxiv.org/abs/2406.04268,True,high,arXiv,,arXiv
2353,,5648162302.0,,0,0,0,红V,https://www.nature.com/articles/s41586-024-07335-x,https://www.nature.com/articles/s41586-024-07335-x,True,high,Nature,,Nature
2354,,5703921756.0,,0,0,0,蓝V,https://www.pnas.org/doi/full/10.1073/pnas.2317967121,https://www.pnas.org/doi/full/10.1073/pnas.2317967121,True,high,DOI,10.1073/pnas.2317967121,DOI
2355,,7722144961.0,,0,0,0,蓝V,https://arxiv.org/abs/2405.06932,https://arxiv.org/abs/2405.06932,True,high,arXiv,,arXiv
2356,,6433304918.0,,0,0,0,蓝V,https://arxiv.org/pdf/2406.03679v1,https://arxiv.org/pdf/2406.03679v1,True,high,arXiv,,arXiv
2357,,1764919567.0,,0,0,0,红V,https://arxiv.org/abs/2406.01391,https://arxiv.org/abs/2406.01391,True,high,arXiv,,arXiv
2358,,6182606334.0,,0,0,0,红V,https://arxiv.org/abs/2406.01252,https://arxiv.org/abs/2406.01252,True,high,arXiv,,arXiv
2359,,1676317545.0,,0,0,0,蓝V,https://www.nature.com/articles/s41586-024-07486-x,https://www.nature.com/articles/s41586-024-07486-x,True,high,Nature,,Nature
2360,,7687956238.0,,0,0,0,蓝V,https://kns.cnki.net/kcms2/article/abstract?v=lQz6UQjnwp8cP5CsJTADAK-bRzafdHy_4_MkjK_nlKKEpHIC8skeiWAjDGHE7vIJd_KOIL8htEJn8GiRs2sDbp7DNl4EJDSc9psw2zKZrr3Bo5IqQhudq05Y8YDDHn8qityn2fdKJJ6sA2WLB95Mg55avVB1Gd-W&uniplatform=NZKPT&language=CHS,https://kns.cnki.net/kcms2/article/abstract?v=lQz6UQjnwp8cP5CsJTADAK-bRzafdHy_4_MkjK_nlKKEpHIC8skeiWAjDGHE7vIJd_KOIL8htEJn8GiRs2sDbp7DNl4EJDSc9psw2zKZrr3Bo5IqQhudq05Y8YDDHn8qityn2fdKJJ6sA2WLB95Mg55avVB1Gd-W&uniplatform=NZKPT&language=CHS,True,high,CNKI,,CNKI
2361,,5976873363.0,,0,0,0,普通用户,https://arxiv.org/abs/2311.17163,https://arxiv.org/abs/2311.17163,True,high,arXiv,,arXiv
2362,,6105753431.0,,0,0,0,蓝V,https://www.nature.com/articles/s41586-024-07441-w,https://www.nature.com/articles/s41586-024-07441-w,True,high,Nature,,Nature
2363,,5648162302.0,,0,0,0,红V,arxiv.org/abs/2406.04093,arxiv.org/abs/2406.04093,True,medium,学术特征,,/abs/
2364,,1402400261.0,,0,0,0,金V,https://arxiv.org/abs/2406.02061,https://arxiv.org/abs/2406.02061,True,high,arXiv,,arXiv
2365,,1402400261.0,,0,0,0,金V,https://arxiv.org/abs/2405.18870,https://arxiv.org/abs/2405.18870,True,high,arXiv,,arXiv
2366,,1402400261.0,,0,0,0,金V,https://arxiv.org/abs/2405.15319,https://arxiv.org/abs/2405.15319,True,high,arXiv,,arXiv
2367,,1912085257.0,,0,0,0,红V,https://huggingface.co/papers/2401.16158,https://huggingface.co/papers/2401.16158,True,high,huggingface,,huggingface
2368,,1402400261.0,,0,0,0,金V,https://arxiv.org/abs/2405.20309,https://arxiv.org/abs/2405.20309,True,high,arXiv,,arXiv
2369,,1402400261.0,,0,0,0,金V,https://arxiv.org/abs/2405.19874,https://arxiv.org/abs/2405.19874,True,high,arXiv,,arXiv
2370,,1402400261.0,,0,0,0,金V,https://arxiv.org/abs/2405.19716,https://arxiv.org/abs/2405.19716,True,high,arXiv,,arXiv
2371,,1894295570.0,,0,0,0,蓝V,https://www.scirp.org/journal/paperinformation?paperid=133487&utm_campaign=weibochenling&utm_source=chenling&utm_medium=weibochenling,https://www.scirp.org/journal/paperinformation?paperid=133487&utm_campaign=weibochenling&utm_source=chenling&utm_medium=weibochenling,True,high,SCIRP 美国科研出版社,,SCIRP 美国科研出版社
2372,,1894295570.0,,0,0,0,蓝V,https://www.scirp.org/journal/paperinformation?paperid=133509&utm_campaign=weibochenling&utm_source=chenling&utm_medium=weibochenling,https://www.scirp.org/journal/paperinformation?paperid=133509&utm_campaign=weibochenling&utm_source=chenling&utm_medium=weibochenling,True,high,SCIRP 美国科研出版社,,SCIRP 美国科研出版社
2373,,1402400261.0,,0,0,0,金V,https://arxiv.org/abs/2406.16964,https://arxiv.org/abs/2406.16964,True,high,arXiv,,arXiv
2374,,1402400261.0,,0,0,0,金V,https://arxiv.org/abs/2405.20495,https://arxiv.org/abs/2405.20495,True,high,arXiv,,arXiv
2375,,1402400261.0,,0,0,0,金V,https://arxiv.org/abs/2406.04271,https://arxiv.org/abs/2406.04271,True,high,arXiv,,arXiv
2376,,1676317545.0,,0,0,0,蓝V,https://www.nature.com/articles/s41592-024-02305-7,https://www.nature.com/articles/s41592-024-02305-7,True,high,Nature,,Nature
2377,,1943129625.0,,0,0,0,普通用户,https://arxiv.org/abs/2312.04547,https://arxiv.org/abs/2312.04547,True,high,arXiv,,arXiv
2378,,6105753431.0,,0,0,0,蓝V,https://world-dreamer.github.io/,https://world-dreamer.github.io/,False,none,,,
2379,,1870858943.0,,0,0,0,蓝V,https://www.aminer.cn/pub/66441bd801d2a3fbfcb3f70e/?f=wb,https://www.aminer.cn/pub/66441bd801d2a3fbfcb3f70e/?f=wb,True,high,AMiner,,AMiner
2380,,1870858943.0,,0,0,0,蓝V,https://www.aminer.cn/pub/664d525901d2a3fbfc38a0fb/?F=wb,https://www.aminer.cn/pub/664d525901d2a3fbfc38a0fb/?F=wb,True,high,AMiner,,AMiner
2381,,1233486457.0,,0,0,0,红V,https://arxiv.org/abs/2402.14531,https://arxiv.org/abs/2402.14531,True,high,arXiv,,arXiv
2382,,1870858943.0,,0,0,0,蓝V,https://www.aminer.cn/pub/664c008501d2a3fbfcde7278/?f=wb,https://www.aminer.cn/pub/664c008501d2a3fbfcde7278/?f=wb,True,high,AMiner,,AMiner
2383,,6105753431.0,,0,0,0,蓝V,https://arxiv.org/pdf/2406.05587,https://arxiv.org/pdf/2406.05587,True,high,arXiv,,arXiv
2384,,1870858943.0,,0,0,0,蓝V,https://www.aminer.cn/pub/664ff4c201d2a3fbfc51a5a1/?f=wb,https://www.aminer.cn/pub/664ff4c201d2a3fbfc51a5a1/?f=wb,True,high,AMiner,,AMiner
2385,,1870858943.0,,0,0,0,蓝V,https://www.aminer.cn/pub/664ff4d301d2a3fbfc51d025/?f=wb,https://www.aminer.cn/pub/664ff4d301d2a3fbfc51d025/?f=wb,True,high,AMiner,,AMiner
2386,,1870858943.0,,0,0,0,蓝V,https://www.aminer.cn/pub/664d525901d2a3fbfc38a0fb/?f=wb,https://www.aminer.cn/pub/664d525901d2a3fbfc38a0fb/?f=wb,True,high,AMiner,,AMiner
2387,,1870858943.0,,0,0,0,蓝V,https://www.aminer.cn/pub/664c008501d2a3fbfcde7278/?f=wb,https://www.aminer.cn/pub/664c008501d2a3fbfcde7278/?f=wb,True,high,AMiner,,AMiner
2388,,1870858943.0,,0,0,0,蓝V,https://www.aminer.cn/pub/664c009901d2a3fbfcde866d/?f=wb,https://www.aminer.cn/pub/664c009901d2a3fbfcde866d/?f=wb,True,high,AMiner,,AMiner
2389,,1870858943.0,,0,0,0,蓝V,https://www.aminer.cn/pub/6653e90901d2a3fbfc77cbbc/?f=wb,https://www.aminer.cn/pub/6653e90901d2a3fbfc77cbbc/?f=wb,True,high,AMiner,,AMiner
2390,,1870858943.0,,0,0,0,蓝V,https://www.aminer.cn/pub/6642c61c01d2a3fbfc254464/?f=wb,https://www.aminer.cn/pub/6642c61c01d2a3fbfc254464/?f=wb,True,high,AMiner,,AMiner
2391,,1870858943.0,,0,0,0,蓝V,https://www.aminer.cn/pub/664aae9e01d2a3fbfc7893d7/?f=wb,https://www.aminer.cn/pub/664aae9e01d2a3fbfc7893d7/?f=wb,True,high,AMiner,,AMiner
2392,,1402400261.0,,0,0,0,金V,https://arxiv.org/abs/2406.01506,https://arxiv.org/abs/2406.01506,True,high,arXiv,,arXiv
2393,,1402400261.0,,0,0,0,金V,https://arxiv.org/abs/2406.00024,https://arxiv.org/abs/2406.00024,True,high,arXiv,,arXiv
2394,,6433304918.0,,0,0,0,蓝V,https://arxiv.org/pdf/2406.04271v1,https://arxiv.org/pdf/2406.04271v1,True,high,arXiv,,arXiv
2395,,1727858283.0,,0,0,0,金V,https://arxiv.org/abs/2406.02430,https://arxiv.org/abs/2406.02430,True,high,arXiv,,arXiv
2396,,1870858943.0,,0,0,0,蓝V,https://www.aminer.cn/pub/664c008501d2a3fbfcde70b9/?f=wb,https://www.aminer.cn/pub/664c008501d2a3fbfcde70b9/?f=wb,True,high,AMiner,,AMiner
2397,,1870858943.0,,0,0,0,蓝V,https://www.aminer.cn/pub/664d525901d2a3fbfc38a036/?f=wb,https://www.aminer.cn/pub/664d525901d2a3fbfc38a036/?f=wb,True,high,AMiner,,AMiner
2398,,1402400261.0,,0,0,0,金V,https://arxiv.org/abs/2406.04692,https://arxiv.org/abs/2406.04692,True,high,arXiv,,arXiv
2399,,2152024140.0,,0,0,0,黄V,https://mmevalpro.github.io/,https://mmevalpro.github.io/,False,none,,,
2400,,1402400261.0,,0,0,0,金V,https://arxiv.org/abs/2407.17817,https://arxiv.org/abs/2407.17817,True,high,arXiv,,arXiv
2401,,5648162302.0,,0,0,0,红V,arxiv.org/abs/2407.12994,arxiv.org/abs/2407.12994,True,medium,学术特征,,/abs/
2402,,6105753431.0,,0,0,0,蓝V,https://arxiv.org/abs/2407.07071,https://arxiv.org/abs/2407.07071,True,high,arXiv,,arXiv
2403,,6105753431.0,,0,0,0,蓝V,https://arxiv.org/abs/2407.16908,https://arxiv.org/abs/2407.16908,True,high,arXiv,,arXiv
2404,,6105753431.0,,0,0,0,蓝V,https://arxiv.org/abs/2407.14482,https://arxiv.org/abs/2407.14482,True,high,arXiv,,arXiv
2405,,6105753431.0,,0,0,0,蓝V,https://arxiv.org/abs/2407.11633,https://arxiv.org/abs/2407.11633,True,high,arXiv,,arXiv
2406,,6105753431.0,,0,0,0,蓝V,https://arxiv.org/abs/2406.11271?ref=blog.salesforceairesearch.com,https://arxiv.org/abs/2406.11271?ref=blog.salesforceairesearch.com,True,high,arXiv,,arXiv
2407,,5703921756.0,,0,0,0,蓝V,https://www.nature.com/articles/s41586-024-07566-y,https://www.nature.com/articles/s41586-024-07566-y,True,high,Nature,,Nature
2408,,6433304918.0,,0,0,0,蓝V,https://arxiv.org/abs/2311.04954,https://arxiv.org/abs/2311.04954,True,high,arXiv,,arXiv
2409,,1870858943.0,,0,0,0,蓝V,https://www.aminer.cn/pub/667cc7d901d2a3fbfc0ab009/?f=wb,https://www.aminer.cn/pub/667cc7d901d2a3fbfc0ab009/?f=wb,True,high,AMiner,,AMiner
2410,,1870858943.0,,0,0,0,蓝V,https://www.aminer.cn/pub/667a253e01d2a3fbfc71524b/?f=wb,https://www.aminer.cn/pub/667a253e01d2a3fbfc71524b/?f=wb,True,high,AMiner,,AMiner
2411,,6105753431.0,,0,0,0,蓝V,https://arxiv.org/abs/2407.10671,https://arxiv.org/abs/2407.10671,True,high,arXiv,,arXiv
2412,,6105753431.0,,0,0,0,蓝V,https://arxiv.org/abs/2406.06469,https://arxiv.org/abs/2406.06469,True,high,arXiv,,arXiv
2413,,1894295570.0,,0,0,0,蓝V,https://www.scirp.org/journal/paperinformation?paperid=134609&utm_campaign=weibochenling&utm_source=chenling&utm_medium=weibochenling,https://www.scirp.org/journal/paperinformation?paperid=134609&utm_campaign=weibochenling&utm_source=chenling&utm_medium=weibochenling,True,high,SCIRP 美国科研出版社,,SCIRP 美国科研出版社
2414,,5718168241.0,,0,0,0,黄V,https://arxiv.org/pdf/2407.10759,https://arxiv.org/pdf/2407.10759,True,high,arXiv,,arXiv
2415,,6105753431.0,,0,0,0,蓝V,https://arxiv.org/pdf/2407.10759,https://arxiv.org/pdf/2407.10759,True,high,arXiv,,arXiv
2416,,6105753431.0,,0,0,0,蓝V,https://arxiv.org/pdf/2407.15811,https://arxiv.org/pdf/2407.15811,True,high,arXiv,,arXiv
2417,,1870858943.0,,0,0,0,蓝V,https://www.aminer.cn/pub/667a253e01d2a3fbfc71517c/?f=wb,https://www.aminer.cn/pub/667a253e01d2a3fbfc71517c/?f=wb,True,high,AMiner,,AMiner
2418,,1870858943.0,,0,0,0,蓝V,https://www.aminer.cn/pub/667a253f01d2a3fbfc715621/?f=wb,https://www.aminer.cn/pub/667a253f01d2a3fbfc715621/?f=wb,True,high,AMiner,,AMiner
2419,,6105753431.0,,0,0,0,蓝V,https://arxiv.org/abs/2401.13527,https://arxiv.org/abs/2401.13527,True,high,arXiv,,arXiv
2420,,1870858943.0,,0,0,0,蓝V,https://www.aminer.cn/pub/667a253f01d2a3fbfc715456?f=wb,https://www.aminer.cn/pub/667a253f01d2a3fbfc715456?f=wb,True,high,AMiner,,AMiner
2421,,1870858943.0,,0,0,0,蓝V,https://www.aminer.cn/pub/667a250f01d2a3fbfc7069f8/?f=wb,https://www.aminer.cn/pub/667a250f01d2a3fbfc7069f8/?f=wb,True,high,AMiner,,AMiner
2422,,6105753431.0,,0,0,0,蓝V,https://huggingface.co/papers/2407.09450,https://huggingface.co/papers/2407.09450,True,high,huggingface,,huggingface
2423,,1402400261.0,,0,0,0,金V,https://arxiv.org/abs/2407.18897,https://arxiv.org/abs/2407.18897,True,high,arXiv,,arXiv
2424,,1870858943.0,,0,0,0,蓝V,https://www.aminer.cn/pub/6674dea901d2a3fbfca45d3f/?f=wb,https://www.aminer.cn/pub/6674dea901d2a3fbfca45d3f/?f=wb,True,high,AMiner,,AMiner
2425,,1870858943.0,,0,0,0,蓝V,https://www.aminer.cn/pub/6678d2fe01d2a3fbfc6fa6bc/?f=wb,https://www.aminer.cn/pub/6678d2fe01d2a3fbfc6fa6bc/?f=wb,True,high,AMiner,,AMiner
2426,,1402400261.0,,0,0,0,金V,https://arxiv.org/abs/2407.10887,https://arxiv.org/abs/2407.10887,True,high,arXiv,,arXiv
2427,,6105753431.0,,0,0,0,蓝V,https://arxiv.org/abs/2407.10817,https://arxiv.org/abs/2407.10817,True,high,arXiv,,arXiv
2428,,1870858943.0,,0,0,0,蓝V,https://www.aminer.cn/pub/6674dea901d2a3fbfca45f76/?f=wb,https://www.aminer.cn/pub/6674dea901d2a3fbfca45f76/?f=wb,True,high,AMiner,,AMiner
2429,,1870858943.0,,0,0,0,蓝V,https://www.aminer.cn/pub/666f984c01d2a3fbfca1bb1d/?f=wb,https://www.aminer.cn/pub/666f984c01d2a3fbfca1bb1d/?f=wb,True,high,AMiner,,AMiner
2430,,6105753431.0,,0,0,0,蓝V,https://arxiv.org/pdf/2407.06866,https://arxiv.org/pdf/2407.06866,True,high,arXiv,,arXiv
2431,,1870858943.0,,0,0,0,蓝V,https://www.aminer.cn/pub/66723c1d01d2a3fbfcc9f0e3/?f=wb,https://www.aminer.cn/pub/66723c1d01d2a3fbfcc9f0e3/?f=wb,True,high,AMiner,,AMiner
2432,,6105753431.0,,0,0,0,蓝V,https://arxiv.org/abs/2308.03762,https://arxiv.org/abs/2308.03762,True,high,arXiv,,arXiv
2433,,6433304918.0,,0,0,0,蓝V,https://arxiv.org/abs/2407.14057,https://arxiv.org/abs/2407.14057,True,high,arXiv,,arXiv
2434,,3894431038.0,,0,0,0,红V,https://arxiv.org/abs/2407.08683,https://arxiv.org/abs/2407.08683,True,high,arXiv,,arXiv
2435,,5648162302.0,,0,0,0,红V,arxiv.org/abs/2407.01906,arxiv.org/abs/2407.01906,True,medium,学术特征,,/abs/
2436,,6105753431.0,,0,0,0,蓝V,https://arxiv.org/pdf/2309.10668,https://arxiv.org/pdf/2309.10668,True,high,arXiv,,arXiv
2437,,2048296694.0,,0,0,0,黄V,https://www.science.org/doi/10.1126/science.adk5382,https://www.science.org/doi/10.1126/science.adk5382,True,high,DOI,10.1126/science.adk5382,DOI
2437,,2048296694.0,,0,0,0,黄V,https://www.science.org/doi/10.1126/science.adq0328,https://www.science.org/doi/10.1126/science.adq0328,True,high,DOI,10.1126/science.adq0328,DOI
2438,,5341251100.0,,0,0,0,蓝V,https://doi.org/10.1088/1748-9326/ad3b23,https://doi.org/10.1088/1748-9326/ad3b23,True,high,DOI,10.1088/1748-9326/ad3b23,DOI
2439,,6105753431.0,,0,0,0,蓝V,https://arxiv.org/abs/2406.11781,https://arxiv.org/abs/2406.11781,True,high,arXiv,,arXiv
2440,,6105753431.0,,0,0,0,蓝V,https://arxiv.org/abs/2407.04153,https://arxiv.org/abs/2407.04153,True,high,arXiv,,arXiv
2441,,6105753431.0,,0,0,0,蓝V,https://arxiv.org/abs/2401.16420,https://arxiv.org/abs/2401.16420,True,high,arXiv,,arXiv
2442,,6105753431.0,,0,0,0,蓝V,https://arxiv.org/pdf/2404.19737,https://arxiv.org/pdf/2404.19737,True,high,arXiv,,arXiv
2443,,6105753431.0,,0,0,0,蓝V,https://arxiv.org/abs/2405.12250,https://arxiv.org/abs/2405.12250,True,high,arXiv,,arXiv
2444,,1676317545.0,,0,0,0,蓝V,https://www.nature.com/articles/s41566-024-01466-3,https://www.nature.com/articles/s41566-024-01466-3,True,high,Nature,,Nature
2445,,6105753431.0,,0,0,0,蓝V,https://arxiv.org/abs/2407.01492,https://arxiv.org/abs/2407.01492,True,high,arXiv,,arXiv
2446,,1402400261.0,,0,0,0,金V,https://arxiv.org/abs/2407.08388,https://arxiv.org/abs/2407.08388,True,high,arXiv,,arXiv
2447,,6105753431.0,,0,0,0,蓝V,https://arxiv.org/abs/2407.04503,https://arxiv.org/abs/2407.04503,True,high,arXiv,,arXiv
2448,,6182606334.0,,0,0,0,红V,https://arxiv.org/abs/2407.03320,https://arxiv.org/abs/2407.03320,True,high,arXiv,,arXiv
2449,,1870858943.0,,0,0,0,蓝V,https://www.aminer.cn/pub/666ba41801d2a3fbfc11aa31/?f=wb,https://www.aminer.cn/pub/666ba41801d2a3fbfc11aa31/?f=wb,True,high,AMiner,,AMiner
2450,,1870858943.0,,0,0,0,蓝V,https://www.aminer.cn/pub/65b70816939a5f4082e04ea3/?f=wb,https://www.aminer.cn/pub/65b70816939a5f4082e04ea3/?f=wb,True,high,AMiner,,AMiner
2451,,6105753431.0,,0,0,0,蓝V,https://arxiv.org/abs/2407.02477,https://arxiv.org/abs/2407.02477,True,high,arXiv,,arXiv
2452,,6105753431.0,,0,0,0,蓝V,https://arxiv.org/abs/2407.02490,https://arxiv.org/abs/2407.02490,True,high,arXiv,,arXiv
2453,,1870858943.0,,0,0,0,蓝V,https://www.aminer.cn/pub/6669033801d2a3fbfc452c28/?f=wb,https://www.aminer.cn/pub/6669033801d2a3fbfc452c28/?f=wb,True,high,AMiner,,AMiner
2454,,1870858943.0,,0,0,0,蓝V,https://www.aminer.cn/pub/6667b02401d2a3fbfc2e39e7/?f=wb,https://www.aminer.cn/pub/6667b02401d2a3fbfc2e39e7/?f=wb,True,high,AMiner,,AMiner
2455,,1870858943.0,,0,0,0,蓝V,https://www.aminer.cn/pub/667cc7d501d2a3fbfc0aaa0e/?f=wb,https://www.aminer.cn/pub/667cc7d501d2a3fbfc0aaa0e/?f=wb,True,high,AMiner,,AMiner
2456,,1870858943.0,,0,0,0,蓝V,https://www.aminer.cn/pub/667cc7d501d2a3fbfc0aa959/?f=wb,https://www.aminer.cn/pub/667cc7d501d2a3fbfc0aa959/?f=wb,True,high,AMiner,,AMiner
2457,,1140378571.0,,0,0,0,普通用户,https://arxiv.org/abs/2407.00634,https://arxiv.org/abs/2407.00634,True,high,arXiv,,arXiv
2458,,1912085257.0,,0,0,0,红V,https://arxiv.org/abs/2404.11018,https://arxiv.org/abs/2404.11018,True,high,arXiv,,arXiv
2459,,6105753431.0,,0,0,0,蓝V,https://arxiv.org/abs/2406.18665,https://arxiv.org/abs/2406.18665,True,high,arXiv,,arXiv
2460,,5703921756.0,,0,0,0,蓝V,https://arxiv.org/abs/2407.04620,https://arxiv.org/abs/2407.04620,True,high,arXiv,,arXiv
2461,,1870858943.0,,0,0,0,蓝V,https://www.aminer.cn/pub/666ba41801d2a3fbfc11aa70/?f=wb,https://www.aminer.cn/pub/666ba41801d2a3fbfc11aa70/?f=wb,True,high,AMiner,,AMiner
2462,,1870858943.0,,0,0,0,蓝V,https://www.aminer.cn/pub/666a52ae01d2a3fbfc634ba2/?f=wb,https://www.aminer.cn/pub/666a52ae01d2a3fbfc634ba2/?f=wb,True,high,AMiner,,AMiner
2463,,5976873363.0,,0,0,0,普通用户,https://www.nature.com/articles/s41559-024-02451-3,https://www.nature.com/articles/s41559-024-02451-3,True,high,Nature,,Nature
2464,,1870858943.0,,0,0,0,蓝V,https://www.aminer.cn/pub/6667b02401d2a3fbfc2e397b/?f=wb,https://www.aminer.cn/pub/6667b02401d2a3fbfc2e397b/?f=wb,True,high,AMiner,,AMiner
2465,,6105753431.0,,0,0,0,蓝V,https://arxiv.org/abs/2407.02158,https://arxiv.org/abs/2407.02158,True,high,arXiv,,arXiv
2466,,1402400261.0,,0,0,0,金V,https://arxiv.org/abs/2407.02490,https://arxiv.org/abs/2407.02490,True,high,arXiv,,arXiv
2467,,1402400261.0,,0,0,0,金V,https://arxiv.org/abs/2406.20052,https://arxiv.org/abs/2406.20052,True,high,arXiv,,arXiv
2468,,6105753431.0,,0,0,0,蓝V,https://arxiv.org/abs/2407.01502,https://arxiv.org/abs/2407.01502,True,high,arXiv,,arXiv
2469,,1870858943.0,,0,0,0,蓝V,https://www.aminer.cn/pub/666ba41801d2a3fbfc11ac50/?f=wb,https://www.aminer.cn/pub/666ba41801d2a3fbfc11ac50/?f=wb,True,high,AMiner,,AMiner
2470,,6105753431.0,,0,0,0,蓝V,https://arxiv.org/abs/2406.19470,https://arxiv.org/abs/2406.19470,True,high,arXiv,,arXiv
2471,,1870858943.0,,0,0,0,蓝V,https://www.aminer.cn/pub/66665de401d2a3fbfc324f82/?f=wb,https://www.aminer.cn/pub/66665de401d2a3fbfc324f82/?f=wb,True,high,AMiner,,AMiner
2472,,5976873363.0,,0,0,0,普通用户,https://www.nature.com/articles/s41556-024-01442-7,https://www.nature.com/articles/s41556-024-01442-7,True,high,Nature,,Nature
2473,,1870858943.0,,0,0,0,蓝V,https://www.aminer.cn/pub/662715d113fb2c6cf65d9014/?f=wb,https://www.aminer.cn/pub/662715d113fb2c6cf65d9014/?f=wb,True,high,AMiner,,AMiner
2474,,1870858943.0,,0,0,0,蓝V,https://www.aminer.cn/pub/661e01e113fb2c6cf6e594bb/?f=wb,https://www.aminer.cn/pub/661e01e113fb2c6cf6e594bb/?f=wb,True,high,AMiner,,AMiner
2475,,1402400261.0,,0,0,0,金V,https://arxiv.org/abs/2407.05202,https://arxiv.org/abs/2407.05202,True,high,arXiv,,arXiv
2476,,6105753431.0,,0,0,0,蓝V,https://arxiv.org/abs/2406.19226,https://arxiv.org/abs/2406.19226,True,high,arXiv,,arXiv
2477,,1402400261.0,,0,0,0,金V,https://arxiv.org/abs/2407.03460,https://arxiv.org/abs/2407.03460,True,high,arXiv,,arXiv
2478,,1870858943.0,,0,0,0,蓝V,https://www.aminer.cn/pub/6629d5d901d2a3fbfccdf9a6/?f=wb,https://www.aminer.cn/pub/6629d5d901d2a3fbfccdf9a6/?f=wb,True,high,AMiner,,AMiner
2479,,1870858943.0,,0,0,0,蓝V,https://www.aminer.cn/pub/662715df13fb2c6cf65d9f77/?f=wb,https://www.aminer.cn/pub/662715df13fb2c6cf65d9f77/?f=wb,True,high,AMiner,,AMiner
2480,,6105753431.0,,0,0,0,蓝V,https://arxiv.org/abs/2406.16714,https://arxiv.org/abs/2406.16714,True,high,arXiv,,arXiv
2481,,6105753431.0,,0,0,0,蓝V,https://arxiv.org/abs/2406.19502,https://arxiv.org/abs/2406.19502,True,high,arXiv,,arXiv
2482,,6105753431.0,,0,0,0,蓝V,https://arxiv.org/abs/2407.02678,https://arxiv.org/abs/2407.02678,True,high,arXiv,,arXiv
2483,,1870858943.0,,0,0,0,蓝V,https://www.aminer.cn/pub/665fc71c01d2a3fbfc4cc6f5/?f=wb,https://www.aminer.cn/pub/665fc71c01d2a3fbfc4cc6f5/?f=wb,True,high,AMiner,,AMiner
2484,,1870858943.0,,0,0,0,蓝V,https://www.aminer.cn/pub/6667b02401d2a3fbfc2e399c/?f=wb,https://www.aminer.cn/pub/6667b02401d2a3fbfc2e399c/?f=wb,True,high,AMiner,,AMiner
2485,,1870858943.0,,0,0,0,蓝V,https://www.aminer.cn/pub/66665de401d2a3fbfc324f82/?f=wb,https://www.aminer.cn/pub/66665de401d2a3fbfc324f82/?f=wb,True,high,AMiner,,AMiner
2486,,1870858943.0,,0,0,0,蓝V,https://www.aminer.cn/pub/6667b02401d2a3fbfc2e3b67/?f=wb,https://www.aminer.cn/pub/6667b02401d2a3fbfc2e3b67/?f=wb,True,high,AMiner,,AMiner
2487,,6105753431.0,,0,0,0,蓝V,https://arxiv.org/abs/2402.14905,https://arxiv.org/abs/2402.14905,True,high,arXiv,,arXiv
2488,,1870858943.0,,0,0,0,蓝V,https://www.aminer.cn/pub/661e01e113fb2c6cf6e594bb/?f=wb,https://www.aminer.cn/pub/661e01e113fb2c6cf6e594bb/?f=wb,True,high,AMiner,,AMiner
2489,,1870858943.0,,0,0,0,蓝V,https://www.aminer.cn/pub/66665dee01d2a3fbfc326487/?f=wb,https://www.aminer.cn/pub/66665dee01d2a3fbfc326487/?f=wb,True,high,AMiner,,AMiner
2490,,5976873363.0,,0,0,0,普通用户,https://www.nature.com/articles/s41586-024-07578-8,https://www.nature.com/articles/s41586-024-07578-8,True,high,Nature,,Nature
2491,,1402400261.0,,0,0,0,金V,https://arxiv.org/abs/2407.03211,https://arxiv.org/abs/2407.03211,True,high,arXiv,,arXiv
2492,,1233486457.0,,0,0,0,红V,https://arxiv.org/abs/2408.07009,https://arxiv.org/abs/2408.07009,True,high,arXiv,,arXiv
2493,,1286528122.0,,0,0,0,蓝V,https://arxiv.org/abs/2404.15045,https://arxiv.org/abs/2404.15045,True,high,arXiv,,arXiv
2494,,6433304918.0,,0,0,0,蓝V,https://arxiv.org/abs/2408.07055,https://arxiv.org/abs/2408.07055,True,high,arXiv,,arXiv
2495,,1402400261.0,,0,0,0,金V,https://arxiv.org/abs/2408.04614,https://arxiv.org/abs/2408.04614,True,high,arXiv,,arXiv
2496,,1402400261.0,,0,0,0,金V,https://arxiv.org/abs/2408.02442,https://arxiv.org/abs/2408.02442,True,high,arXiv,,arXiv
2497,,6105753431.0,,0,0,0,蓝V,https://arxiv.org/abs/2309.01809,https://arxiv.org/abs/2309.01809,True,high,arXiv,,arXiv
2498,,5703921756.0,,0,0,0,蓝V,https://arxiv.org/pdf/2407.07053,https://arxiv.org/pdf/2407.07053,True,high,arXiv,,arXiv
2499,,6433304918.0,,0,0,0,蓝V,https://arxiv.org/abs/2408.03561,https://arxiv.org/abs/2408.03561,True,high,arXiv,,arXiv
2500,,6433304918.0,,0,0,0,蓝V,https://arxiv.org/abs/2407.16434v1,https://arxiv.org/abs/2407.16434v1,True,high,arXiv,,arXiv
2501,,1870858943.0,,0,0,0,蓝V,https://www.aminer.cn/pub/66b2d8b401d2a3fbfcf3b061/?f=wb,https://www.aminer.cn/pub/66b2d8b401d2a3fbfcf3b061/?f=wb,True,high,AMiner,,AMiner
2502,,1870858943.0,,0,0,0,蓝V,https://www.aminer.cn/pub/66b2d8ad01d2a3fbfcf3a594/?f=wb,https://www.aminer.cn/pub/66b2d8ad01d2a3fbfcf3a594/?f=wb,True,high,AMiner,,AMiner
2503,,1870858943.0,,0,0,0,蓝V,https://www.aminer.cn/pub/66aaeef601d2a3fbfca99cce/?=wb,https://www.aminer.cn/pub/66aaeef601d2a3fbfca99cce/?=wb,True,high,AMiner,,AMiner
2504,,1870858943.0,,0,0,0,蓝V,https://www.aminer.cn/pub/66aaee1c01d2a3fbfca7fc0f/?f=wb,https://www.aminer.cn/pub/66aaee1c01d2a3fbfca7fc0f/?f=wb,True,high,AMiner,,AMiner
2505,,5976873363.0,,0,0,0,普通用户,https://www.cell.com/cell-reports/fulltext/S2211-1247(24)00912-4?_returnURL=https%3A%2F%2Flinkinghub.elsevier.com%2Fretrieve%2Fpii%2FS2211124724009124%3Fshowall%3Dtrue,https://www.cell.com/cell-reports/fulltext/S2211-1247(24)00912-4?_returnURL=https://linkinghub.elsevier.com/retrieve/pii/S2211124724009124?showall=true,True,high,Elsevier,,Elsevier
2506,,1870858943.0,,0,0,0,蓝V,https://www.aminer.cn/pub/643e0ad10746dc40e3419498/?f=wb,https://www.aminer.cn/pub/643e0ad10746dc40e3419498/?f=wb,True,high,AMiner,,AMiner
2507,,6433304918.0,,0,0,0,蓝V,https://arxiv.org/pdf/2408.04682,https://arxiv.org/pdf/2408.04682,True,high,arXiv,,arXiv
2508,,1870858943.0,,0,0,0,蓝V,https://www.aminer.cn/pub/65e144ed13fb2c6cf60f4e2e/?f=wb,https://www.aminer.cn/pub/65e144ed13fb2c6cf60f4e2e/?f=wb,True,high,AMiner,,AMiner
2509,,1870858943.0,,0,0,0,蓝V,https://www.aminer.cn/pub/66b033bb01d2a3fbfcdc073b/?f=wb,https://www.aminer.cn/pub/66b033bb01d2a3fbfcdc073b/?f=wb,True,high,AMiner,,AMiner
2510,,1870858943.0,,0,0,0,蓝V,https://www.aminer.cn/pub/66b0343c01d2a3fbfcdd1db9/?f=wb,https://www.aminer.cn/pub/66b0343c01d2a3fbfcdd1db9/?f=wb,True,high,AMiner,,AMiner
2511,,1870858943.0,,0,0,0,蓝V,https://www.aminer.cn/pub/66b96bb301d2a3fbfcb64760/?f=wb,https://www.aminer.cn/pub/66b96bb301d2a3fbfcb64760/?f=wb,True,high,AMiner,,AMiner
2512,,1870858943.0,,0,0,0,蓝V,https://www.aminer.cn/pub/66b96bba01d2a3fbfcb65825/?f=wb,https://www.aminer.cn/pub/66b96bba01d2a3fbfcb65825/?f=wb,True,high,AMiner,,AMiner
2513,,1870858943.0,,0,0,0,蓝V,https://www.aminer.cn/pub/66a6f6d401d2a3fbfc53f4df/?f=wb,https://www.aminer.cn/pub/66a6f6d401d2a3fbfc53f4df/?f=wb,True,high,AMiner,,AMiner
2514,,1870858943.0,,0,0,0,蓝V,https://www.aminer.cn/pub/66a8496001d2a3fbfc080625/?f=wb,https://www.aminer.cn/pub/66a8496001d2a3fbfc080625/?f=wb,True,high,AMiner,,AMiner
2515,,1894295570.0,,0,0,0,蓝V,https://www.scirp.org/journal/paperinformation?paperid=135297&utm_campaign=weibochenling&utm_source=chenling&utm_medium=weibochenling,https://www.scirp.org/journal/paperinformation?paperid=135297&utm_campaign=weibochenling&utm_source=chenling&utm_medium=weibochenling,True,high,SCIRP 美国科研出版社,,SCIRP 美国科研出版社
2516,,1402400261.0,,0,0,0,金V,https://arxiv.org/abs/2408.01262,https://arxiv.org/abs/2408.01262,True,high,arXiv,,arXiv
2517,,1402400261.0,,0,0,0,金V,https://arxiv.org/abs/2408.03010,https://arxiv.org/abs/2408.03010,True,high,arXiv,,arXiv
2518,,6105753431.0,,0,0,0,蓝V,https://arxiv.org/abs/2408.06190,https://arxiv.org/abs/2408.06190,True,high,arXiv,,arXiv
2519,,3710258141.0,,0,0,0,红V,https://doi.org/10.1038/s41567-024-02530-z,https://doi.org/10.1038/s41567-024-02530-z,True,high,DOI,10.1038/s41567-024-02530-z,DOI
2520,,1870858943.0,,0,0,0,蓝V,https://www.aminer.cn/pub/66b96bb301d2a3fbfcb647fa/?f=wb,https://www.aminer.cn/pub/66b96bb301d2a3fbfcb647fa/?f=wb,True,high,AMiner,,AMiner
2521,,1870858943.0,,0,0,0,蓝V,https://www.aminer.cn/pub/66b96bb301d2a3fbfcb64730/?f=wb,https://www.aminer.cn/pub/66b96bb301d2a3fbfcb64730/?f=wb,True,high,AMiner,,AMiner
2522,,1870858943.0,,0,0,0,蓝V,https://www.aminer.cn/pub/66bc137201d2a3fbfc5963f4/?f=wb,https://www.aminer.cn/pub/66bc137201d2a3fbfc5963f4/?f=wb,True,high,AMiner,,AMiner
2523,,1870858943.0,,0,0,0,蓝V,https://www.aminer.cn/pub/66bc138b01d2a3fbfc5979d9/?f=wb,https://www.aminer.cn/pub/66bc138b01d2a3fbfc5979d9/?f=wb,True,high,AMiner,,AMiner
2524,,1870858943.0,,0,0,0,蓝V,https://www.aminer.cn/pub/648697e6d68f896efaa87857/?f=wb,https://www.aminer.cn/pub/648697e6d68f896efaa87857/?f=wb,True,high,AMiner,,AMiner
2525,,1870858943.0,,0,0,0,蓝V,https://www.aminer.cn/pub/66a99bbf01d2a3fbfc1d0504/?f=wb,https://www.aminer.cn/pub/66a99bbf01d2a3fbfc1d0504/?f=wb,True,high,AMiner,,AMiner
2526,,6433304918.0,,0,0,0,蓝V,https://arxiv.org/abs/2408.03505,https://arxiv.org/abs/2408.03505,True,high,arXiv,,arXiv
2527,,1402400261.0,,0,0,0,金V,https://arxiv.org/abs/2407.21787,https://arxiv.org/abs/2407.21787,True,high,arXiv,,arXiv
2528,,1870858943.0,,0,0,0,蓝V,https://www.aminer.cn/pub/66b96bb301d2a3fbfcb64752/?f=wb,https://www.aminer.cn/pub/66b96bb301d2a3fbfcb64752/?f=wb,True,high,AMiner,,AMiner
2529,,1870858943.0,,0,0,0,蓝V,https://www.aminer.cn/pub/66aaeebb01d2a3fbfca92cdc/?f=wb,https://www.aminer.cn/pub/66aaeebb01d2a3fbfca92cdc/?f=wb,True,high,AMiner,,AMiner
2530,,1870858943.0,,0,0,0,蓝V,https://www.aminer.cn/pub/646d8642d68f896efa0a30df/?f=wb,https://www.aminer.cn/pub/646d8642d68f896efa0a30df/?f=wb,True,high,AMiner,,AMiner
2531,,1870858943.0,,0,0,0,蓝V,https://www.aminer.cn/pub/66820d2901d2a3fbfcd3c360/?f=wb,https://www.aminer.cn/pub/66820d2901d2a3fbfcd3c360/?f=wb,True,high,AMiner,,AMiner
2532,,1870858943.0,,0,0,0,蓝V,https://www.aminer.cn/pub/66bac1e501d2a3fbfcd4605b/?f=wb,https://www.aminer.cn/pub/66bac1e501d2a3fbfcd4605b/?f=wb,True,high,AMiner,,AMiner
2533,,1402400261.0,,0,0,0,金V,https://arxiv.org/abs/2408.00802,https://arxiv.org/abs/2408.00802,True,high,arXiv,,arXiv
2534,,5976873363.0,,0,0,0,普通用户,https://www.science.org/doi/10.1126/sciadv.adn2378,https://www.science.org/doi/10.1126/sciadv.adn2378,True,high,DOI,10.1126/sciadv.adn2378,DOI
2535,,1870858943.0,,0,0,0,蓝V,https://www.aminer.cn/pub/66b2d8b401d2a3fbfcf3afed/?f=wb,https://www.aminer.cn/pub/66b2d8b401d2a3fbfcf3afed/?f=wb,True,high,AMiner,,AMiner
2536,,1870858943.0,,0,0,0,蓝V,https://www.aminer.cn/pub/66b1847401d2a3fbfc600c85/?f=wb,https://www.aminer.cn/pub/66b1847401d2a3fbfc600c85/?f=wb,True,high,AMiner,,AMiner
2537,,1912085257.0,,0,0,0,红V,arxiv.org/abs/2311.04934,arxiv.org/abs/2311.04934,True,medium,学术特征,,/abs/
2538,,5648162302.0,,0,0,0,红V,arxiv.org/abs/2408.06292,arxiv.org/abs/2408.06292,True,medium,学术特征,,/abs/
2539,,1402400261.0,,0,0,0,金V,https://arxiv.org/abs/2408.07055,https://arxiv.org/abs/2408.07055,True,high,arXiv,,arXiv
2540,,6433304918.0,,0,0,0,蓝V,https://arxiv.org/abs/2408.10646,https://arxiv.org/abs/2408.10646,True,high,arXiv,,arXiv
2541,,1870858943.0,,0,0,0,蓝V,https://www.aminer.cn/pub/66b4299101d2a3fbfc91cdc4/?f=wb,https://www.aminer.cn/pub/66b4299101d2a3fbfc91cdc4/?f=wb,True,high,AMiner,,AMiner
2542,,1870858943.0,,0,0,0,蓝V,https://www.aminer.cn/pub/66b429c401d2a3fbfc926bd5/?f=wb,https://www.aminer.cn/pub/66b429c401d2a3fbfc926bd5/?f=wb,True,high,AMiner,,AMiner
2543,,1784264335.0,,0,0,0,普通用户,https://www.nature.com/articles/s41561-024-01493-3,https://www.nature.com/articles/s41561-024-01493-3,True,high,Nature,,Nature
2544,,6105753431.0,,0,0,0,蓝V,https://arxiv.org/abs/2406.17711,https://arxiv.org/abs/2406.17711,True,high,arXiv,,arXiv
2545,,2279408463.0,,0,0,0,蓝V,https://genomemedicine.biomedcentral.com/articles/10.1186/s13073-024-01361-0?utm_medium=organic_social&utm_source=weibo&utm_campaign=CONR_OAJRN_ATT1_AP_CNCM_002EC_bmcpaper,https://genomemedicine.biomedcentral.com/articles/10.1186/s13073-024-01361-0?utm_medium=organic_social&utm_source=weibo&utm_campaign=CONR_OAJRN_ATT1_AP_CNCM_002EC_bmcpaper,True,high,DOI,10.1186/s13073-024-01361-0?utm_medium=organic_social&utm_source=weibo&utm_campaign=CONR_OAJRN_ATT1_AP_CNCM_002EC_bmcpaper,DOI
2545,,2279408463.0,,0,0,0,蓝V,https://genomemedicine.biomedcentral.com/articles/10.1186/s13073-024-01361-0?utm_medium=organic_social&utm_source=weibo&utm_campaign=CONR_OAJRN_ATT1_AP_CNCM_002EC_bmcpaper,https://genomemedicine.biomedcentral.com/articles/10.1186/s13073-024-01361-0?utm_medium=organic_social&utm_source=weibo&utm_campaign=CONR_OAJRN_ATT1_AP_CNCM_002EC_bmcpaper,True,high,DOI,10.1186/s13073-024-01361-0?utm_medium=organic_social&utm_source=weibo&utm_campaign=CONR_OAJRN_ATT1_AP_CNCM_002EC_bmcpaper,DOI
2546,,1912085257.0,,0,0,0,红V,https://arxiv.org/abs/1503.02531,https://arxiv.org/abs/1503.02531,True,high,arXiv,,arXiv
2547,,1870858943.0,,0,0,0,蓝V,https://www.aminer.cn/pub/66b1845f01d2a3fbfc5fbed5/?f=wb,https://www.aminer.cn/pub/66b1845f01d2a3fbfc5fbed5/?f=wb,True,high,AMiner,,AMiner
2548,,1870858943.0,,0,0,0,蓝V,https://www.aminer.cn/pub/65d80195939a5f408243e904/?f=wb,https://www.aminer.cn/pub/65d80195939a5f408243e904/?f=wb,True,high,AMiner,,AMiner
2549,,1870858943.0,,0,0,0,蓝V,https://www.aminer.cn/pub/66c2aa0401d2a3fbfc609393/?f=wb,https://www.aminer.cn/pub/66c2aa0401d2a3fbfc609393/?f=wb,True,high,AMiner,,AMiner
2550,,1402400261.0,,0,0,0,金V,https://arxiv.org/abs/2408.09017,https://arxiv.org/abs/2408.09017,True,high,arXiv,,arXiv
2551,,6105753431.0,,0,0,0,蓝V,https://www.openread.academy/zh/paper/reading?corpusId=505227786,https://www.openread.academy/zh/paper/reading?corpusId=505227786,True,medium,学术特征,,/paper/
2552,,1870858943.0,,0,0,0,蓝V,https://www.aminer.cn/pub/66c69e9201d2a3fbfcffa77a/?f=wb,https://www.aminer.cn/pub/66c69e9201d2a3fbfcffa77a/?f=wb,True,high,AMiner,,AMiner
2553,,1870858943.0,,0,0,0,蓝V,https://www.aminer.cn/pub/66c69ca901d2a3fbfcf868cf/?f=wb,https://www.aminer.cn/pub/66c69ca901d2a3fbfcf868cf/?f=wb,True,high,AMiner,,AMiner
2554,,1870858943.0,,0,0,0,蓝V,https://www.aminer.cn/pub/65c5894b939a5f408229a192/?f=wb,https://www.aminer.cn/pub/65c5894b939a5f408229a192/?f=wb,True,high,AMiner,,AMiner
2555,,1870858943.0,,0,0,0,蓝V,https://www.aminer.cn/pub/66c54d9801d2a3fbfcf3caf1/?f=wb,https://www.aminer.cn/pub/66c54d9801d2a3fbfcf3caf1/?f=wb,True,high,AMiner,,AMiner
2556,,1870858943.0,,0,0,0,蓝V,https://www.aminer.cn/pub/66553aff01d2a3fbfc9fce9d/?f=wb,https://www.aminer.cn/pub/66553aff01d2a3fbfc9fce9d/?f=wb,True,high,AMiner,,AMiner
2557,,1870858943.0,,0,0,0,蓝V,https://www.aminer.cn/pub/66c7ec5f01d2a3fbfce87ce3/?f=wb,https://www.aminer.cn/pub/66c7ec5f01d2a3fbfce87ce3/?f=wb,True,high,AMiner,,AMiner
2558,,1870858943.0,,0,0,0,蓝V,https://www.aminer.cn/pub/655432d9939a5f40820a978e/?f=wb,https://www.aminer.cn/pub/655432d9939a5f40820a978e/?f=wb,True,high,AMiner,,AMiner
2559,,1870858943.0,,0,0,0,蓝V,https://www.aminer.cn/pub/658254e0939a5f4082bc9f04/?f=wb,https://www.aminer.cn/pub/658254e0939a5f4082bc9f04/?f=wb,True,high,AMiner,,AMiner
2560,,1870858943.0,,0,0,0,蓝V,https://www.aminer.cn/pub/65a49978939a5f4082eb0d3e/?f=wb,https://www.aminer.cn/pub/65a49978939a5f4082eb0d3e/?f=wb,True,high,AMiner,,AMiner
2561,,1870858943.0,,0,0,0,蓝V,https://www.aminer.cn/pub/663d7fd501d2a3fbfc4756dd/?f=wb,https://www.aminer.cn/pub/663d7fd501d2a3fbfc4756dd/?f=wb,True,high,AMiner,,AMiner
2562,,1402400261.0,,0,0,0,金V,https://arxiv.org/abs/2408.13442,https://arxiv.org/abs/2408.13442,True,high,arXiv,,arXiv
2563,,2008779105.0,,0,0,0,蓝V,https://arxiv.org/abs/2404.19756,https://arxiv.org/abs/2404.19756,True,high,arXiv,,arXiv
2563,,2008779105.0,,0,0,0,蓝V,https://arxiv.org/abs/2406.13155,https://arxiv.org/abs/2406.13155,True,high,arXiv,,arXiv
2564,,1402400261.0,,0,0,0,金V,https://arxiv.org/abs/2408.11061,https://arxiv.org/abs/2408.11061,True,high,arXiv,,arXiv
2565,,1402400261.0,,0,0,0,金V,https://arxiv.org/abs/2408.11796,https://arxiv.org/abs/2408.11796,True,high,arXiv,,arXiv
2566,,1870858943.0,,0,0,0,蓝V,https://www.aminer.cn/pub/668b47bf01d2a3fbfc13f9c5/?f=wb,https://www.aminer.cn/pub/668b47bf01d2a3fbfc13f9c5/?f=wb,True,high,AMiner,,AMiner
2567,,1870858943.0,,0,0,0,蓝V,https://www.aminer.cn/pub/66835f3301d2a3fbfc715e05/?f=wb,https://www.aminer.cn/pub/66835f3301d2a3fbfc715e05/?f=wb,True,high,AMiner,,AMiner
2568,,6433304918.0,,0,0,0,蓝V,https://arxiv.org/abs/2408.17131,https://arxiv.org/abs/2408.17131,True,high,arXiv,,arXiv
2569,,1751923963.0,,0,0,0,普通用户,https://arxiv.org/pdf/2407.21783,https://arxiv.org/pdf/2407.21783,True,high,arXiv,,arXiv
2570,,6105753431.0,,0,0,0,蓝V,https://doi.org/10.1016/j.tele.2024.102158,https://doi.org/10.1016/j.tele.2024.102158,True,high,DOI,10.1016/j.tele.2024.102158,DOI
2571,,6433304918.0,,0,0,0,蓝V,https://arxiv.org/abs/2409.04431,https://arxiv.org/abs/2409.04431,True,high,arXiv,,arXiv
2572,,6433304918.0,,0,0,0,蓝V,https://arxiv.org/abs/2409.07429,https://arxiv.org/abs/2409.07429,True,high,arXiv,,arXiv
2573,,6001606373.0,,0,0,0,普通用户,https://arxiv.org/abs/2402.12289,https://arxiv.org/abs/2402.12289,True,high,arXiv,,arXiv
2574,,6433304918.0,,0,0,0,蓝V,https://arxiv.org/abs/2409.03733,https://arxiv.org/abs/2409.03733,True,high,arXiv,,arXiv
2575,,5976873363.0,,0,0,0,普通用户,https://www.science.org/doi/10.1126/science.adm6869,https://www.science.org/doi/10.1126/science.adm6869,True,high,DOI,10.1126/science.adm6869,DOI
2576,,3894431038.0,,0,0,0,红V,https://arxiv.org/pdf/2409.02060,https://arxiv.org/pdf/2409.02060,True,high,arXiv,,arXiv
2577,,5633464636.0,,0,0,0,蓝V,https://www.nature.com/articles/s41588-024-01906-4,https://www.nature.com/articles/s41588-024-01906-4,True,high,Nature,,Nature
2578,,6433304918.0,,0,0,0,蓝V,https://arxiv.org/abs/2409.08239,https://arxiv.org/abs/2409.08239,True,high,arXiv,,arXiv
2579,,6433304918.0,,0,0,0,蓝V,https://arxiv.org/abs/2408.05141,https://arxiv.org/abs/2408.05141,True,high,arXiv,,arXiv
2580,,1870858943.0,,0,0,0,蓝V,https://www.aminer.cn/pub/661743ea13fb2c6cf6439eb3/?f=wb,https://www.aminer.cn/pub/661743ea13fb2c6cf6439eb3/?f=wb,True,high,AMiner,,AMiner
2581,,1870858943.0,,0,0,0,蓝V,https://www.aminer.cn/pub/66b5780b01d2a3fbfcb6ad04/?f=wb,https://www.aminer.cn/pub/66b5780b01d2a3fbfcb6ad04/?f=wb,True,high,AMiner,,AMiner
2582,,1233486457.0,,0,0,0,红V,https://huggingface.co/papers/2409.12903,https://huggingface.co/papers/2409.12903,True,high,huggingface,,huggingface
2583,,1870858943.0,,0,0,0,蓝V,https://www.aminer.cn/pub/65add586939a5f408220090d/?f=wb,https://www.aminer.cn/pub/65add586939a5f408220090d/?f=wb,True,high,AMiner,,AMiner
2584,,1870858943.0,,0,0,0,蓝V,https://www.aminer.cn/pub/66023bfe13fb2c6cf6aa23d4/?f=wb,https://www.aminer.cn/pub/66023bfe13fb2c6cf6aa23d4/?f=wb,True,high,AMiner,,AMiner
2585,,6433304918.0,,0,0,0,蓝V,https://arxiv.org/abs/2408.16673,https://arxiv.org/abs/2408.16673,True,high,arXiv,,arXiv
2586,,6433304918.0,,0,0,0,蓝V,https://arxiv.org/abs/2409.03402,https://arxiv.org/abs/2409.03402,True,high,arXiv,,arXiv
2587,,6433304918.0,,0,0,0,蓝V,https://arxiv.org/abs/2409.07486,https://arxiv.org/abs/2409.07486,True,high,arXiv,,arXiv
2588,,6433304918.0,,0,0,0,蓝V,https://arxiv.org/abs/2409.06464,https://arxiv.org/abs/2409.06464,True,high,arXiv,,arXiv
2589,,6433304918.0,,0,0,0,蓝V,https://arxiv.org/abs/2408.17383,https://arxiv.org/abs/2408.17383,True,high,arXiv,,arXiv
2590,,6433304918.0,,0,0,0,蓝V,https://arxiv.org/abs/2409.08264,https://arxiv.org/abs/2409.08264,True,high,arXiv,,arXiv
2591,,1870858943.0,,0,0,0,蓝V,https://www.aminer.cn/pub/650cf92d3fda6d7f06d4447f/?f=wb,https://www.aminer.cn/pub/650cf92d3fda6d7f06d4447f/?f=wb,True,high,AMiner,,AMiner
2592,,1870858943.0,,0,0,0,蓝V,https://www.aminer.cn/pub/66cfd54c01d2a3fbfc185998/?f=wb,https://www.aminer.cn/pub/66cfd54c01d2a3fbfc185998/?f=wb,True,high,AMiner,,AMiner
2593,,6433304918.0,,0,0,0,蓝V,https://arxiv.org/abs/2409.10559,https://arxiv.org/abs/2409.10559,True,high,arXiv,,arXiv
2594,,2008779105.0,,0,0,0,蓝V,https://academic.oup.com/pnasnexus/article/3/7/pgae252/7717708?login=false,https://academic.oup.com/pnasnexus/article/3/7/pgae252/7717708?login=false,True,high,Oxford Academic,,Oxford Academic
2595,,6433304918.0,,0,0,0,蓝V,https://arxiv.org/abs/2409.04318,https://arxiv.org/abs/2409.04318,True,high,arXiv,,arXiv
2596,,6433304918.0,,0,0,0,蓝V,https://arxiv.org/abs/2409.04109,https://arxiv.org/abs/2409.04109,True,high,arXiv,,arXiv
2597,,6433304918.0,,0,0,0,蓝V,https://arxiv.org/abs/2409.11378,https://arxiv.org/abs/2409.11378,True,high,arXiv,,arXiv
2598,,5329434101.0,,0,0,0,蓝V,https://rdcu.be/dTCrg?utm_medium=organic_social&utm_source=weibo&utm_content=free&utm_term=null&utm_campaign=CONR_PF018_AWA1_AP_CNCM_002E2_ResHilCN,https://rdcu.be/dTCrg?utm_medium=organic_social&utm_source=weibo&utm_content=free&utm_term=null&utm_campaign=CONR_PF018_AWA1_AP_CNCM_002E2_ResHilCN,True,high,Nature,,Nature
2599,,5703921756.0,,0,0,0,蓝V,https://arxiv.org/abs/2409.12183,https://arxiv.org/abs/2409.12183,True,high,arXiv,,arXiv
2600,,1402400261.0,,0,0,0,金V,https://arxiv.org/abs/2409.04318,https://arxiv.org/abs/2409.04318,True,high,arXiv,,arXiv
2601,,6433304918.0,,0,0,0,蓝V,https://arxiv.org/abs/2409.12640,https://arxiv.org/abs/2409.12640,True,high,arXiv,,arXiv
2602,,5648162302.0,,0,0,0,红V,arxiv.org/abs/2409.17539,arxiv.org/abs/2409.17539,True,medium,学术特征,,/abs/
2603,,6433304918.0,,0,0,0,蓝V,https://arxiv.org/abs/2409.05556,https://arxiv.org/abs/2409.05556,True,high,arXiv,,arXiv
2604,,1402400261.0,,0,0,0,金V,https://arxiv.org/abs/2409.10516,https://arxiv.org/abs/2409.10516,True,high,arXiv,,arXiv
2605,,1286528122.0,,0,0,0,蓝V,https://arxiv.org/abs/2408.04808,https://arxiv.org/abs/2408.04808,True,high,arXiv,,arXiv
2606,,6433304918.0,,0,0,0,蓝V,https://arxiv.org/abs/2409.07569,https://arxiv.org/abs/2409.07569,True,high,arXiv,,arXiv
2607,,1870858943.0,,0,0,0,蓝V,https://www.aminer.cn/pub/66bd64f401d2a3fbfc1d8d98/?f=wb,https://www.aminer.cn/pub/66bd64f401d2a3fbfc1d8d98/?f=wb,True,high,AMiner,,AMiner
2608,,1870858943.0,,0,0,0,蓝V,https://www.aminer.cn/pub/6600da6d13fb2c6cf6bf3195/?f=wb,https://www.aminer.cn/pub/6600da6d13fb2c6cf6bf3195/?f=wb,True,high,AMiner,,AMiner
2609,,2152024140.0,,0,0,0,黄V,https://www.nature.com/articles/s42256-024-00899-3,https://www.nature.com/articles/s42256-024-00899-3,True,high,Nature,,Nature
2609,,2152024140.0,,0,0,0,黄V,https://rdcu.be/dUytb,https://rdcu.be/dUytb,True,high,Nature,,Nature
2610,,5703921756.0,,0,0,0,蓝V,https://www.arxiv.org/pdf/2407.16833,https://www.arxiv.org/pdf/2407.16833,True,high,arXiv,,arXiv
2611,,6433304918.0,,0,0,0,蓝V,https://arxiv.org/abs/2409.16824,https://arxiv.org/abs/2409.16824,True,high,arXiv,,arXiv
2612,,6433304918.0,,0,0,0,蓝V,https://arxiv.org/abs/2409.13598,https://arxiv.org/abs/2409.13598,True,high,arXiv,,arXiv
2613,,6433304918.0,,0,0,0,蓝V,https://arxiv.org/abs/2409.17141,https://arxiv.org/abs/2409.17141,True,high,arXiv,,arXiv
2614,,5976873363.0,,0,0,0,普通用户,https://www.nature.com/articles/s41586-024-07930-y,https://www.nature.com/articles/s41586-024-07930-y,True,high,Nature,,Nature
2615,,6433304918.0,,0,0,0,蓝V,https://arxiv.org/abs/2409.09603,https://arxiv.org/abs/2409.09603,True,high,arXiv,,arXiv
2616,,6433304918.0,,0,0,0,蓝V,https://arxiv.org/abs/2409.08239,https://arxiv.org/abs/2409.08239,True,high,arXiv,,arXiv
2617,,1286528122.0,,0,0,0,蓝V,https://arxiv.org/abs/2407.17777v1,https://arxiv.org/abs/2407.17777v1,True,high,arXiv,,arXiv
2618,,6433304918.0,,0,0,0,蓝V,https://arxiv.org/abs/2409.17504,https://arxiv.org/abs/2409.17504,True,high,arXiv,,arXiv
2619,,6433304918.0,,0,0,0,蓝V,https://arxiv.org/abs/2409.18044,https://arxiv.org/abs/2409.18044,True,high,arXiv,,arXiv
2620,,6433304918.0,,0,0,0,蓝V,https://arxiv.org/abs/2409.14924,https://arxiv.org/abs/2409.14924,True,high,arXiv,,arXiv
2621,,6433304918.0,,0,0,0,蓝V,https://arxiv.org/abs/2409.16560,https://arxiv.org/abs/2409.16560,True,high,arXiv,,arXiv
2622,,6433304918.0,,0,0,0,蓝V,https://arxiv.org/abs/2409.13530,https://arxiv.org/abs/2409.13530,True,high,arXiv,,arXiv
2623,,6433304918.0,,0,0,0,蓝V,https://arxiv.org/abs/2409.17481,https://arxiv.org/abs/2409.17481,True,high,arXiv,,arXiv
2624,,6105753431.0,,0,0,0,蓝V,https://arxiv.org/abs/2409.10038,https://arxiv.org/abs/2409.10038,True,high,arXiv,,arXiv
2625,,6433304918.0,,0,0,0,蓝V,https://arxiv.org/abs/2409.14586,https://arxiv.org/abs/2409.14586,True,high,arXiv,,arXiv
2626,,6433304918.0,,0,0,0,蓝V,https://arxiv.org/abs/2409.14683,https://arxiv.org/abs/2409.14683,True,high,arXiv,,arXiv
2627,,1402400261.0,,0,0,0,金V,https://arxiv.org/abs/2409.17481,https://arxiv.org/abs/2409.17481,True,high,arXiv,,arXiv
2628,,6433304918.0,,0,0,0,蓝V,https://arxiv.org/abs/2409.13346,https://arxiv.org/abs/2409.13346,True,high,arXiv,,arXiv
2629,,6433304918.0,,0,0,0,蓝V,https://arxiv.org/abs/2409.10502,https://arxiv.org/abs/2409.10502,True,high,arXiv,,arXiv
2630,,6433304918.0,,0,0,0,蓝V,https://arxiv.org/abs/2409.15156,https://arxiv.org/abs/2409.15156,True,high,arXiv,,arXiv
2631,,6433304918.0,,0,0,0,蓝V,https://arxiv.org/abs/2409.13035,https://arxiv.org/abs/2409.13035,True,high,arXiv,,arXiv
2632,,1402400261.0,,0,0,0,金V,https://arxiv.org/abs/2409.17027,https://arxiv.org/abs/2409.17027,True,high,arXiv,,arXiv
2633,,2194035935.0,,0,0,0,金V,arxiv.org/pdf/2407.15847,arxiv.org/pdf/2407.15847,True,high,arXiv,,arXiv
2634,,7523186814.0,,0,0,0,蓝V,https://arxiv.org/abs/2401.01651,https://arxiv.org/abs/2401.01651,True,high,arXiv,,arXiv
2634,,7523186814.0,,0,0,0,蓝V,https://arxiv.org/abs/2401.01651,https://arxiv.org/abs/2401.01651,True,high,arXiv,,arXiv
2634,,7523186814.0,,0,0,0,蓝V,https://arxiv.org/abs/2401.04468,https://arxiv.org/abs/2401.04468,True,high,arXiv,,arXiv
2634,,7523186814.0,,0,0,0,蓝V,https://arxiv.org/abs/2401.07781,https://arxiv.org/abs/2401.07781,True,high,arXiv,,arXiv
2634,,7523186814.0,,0,0,0,蓝V,https://arxiv.org/abs/2401.12945,https://arxiv.org/abs/2401.12945,True,high,arXiv,,arXiv
2635,,6433304918.0,,0,0,0,蓝V,https://arxiv.org/abs/2410.06530,https://arxiv.org/abs/2410.06530,True,high,arXiv,,arXiv
2636,,6433304918.0,,0,0,0,蓝V,https://arxiv.org/abs/2410.12557,https://arxiv.org/abs/2410.12557,True,high,arXiv,,arXiv
2637,,6433304918.0,,0,0,0,蓝V,https://arxiv.org/abs/2410.17146,https://arxiv.org/abs/2410.17146,True,high,arXiv,,arXiv
2638,,6433304918.0,,0,0,0,蓝V,https://arxiv.org/abs/2410.11840,https://arxiv.org/abs/2410.11840,True,high,arXiv,,arXiv
2639,,6433304918.0,,0,0,0,蓝V,https://arxiv.org/abs/2410.12937,https://arxiv.org/abs/2410.12937,True,high,arXiv,,arXiv
2640,,5703921756.0,,0,0,0,蓝V,https://arxiv.org/abs/2405.10825,https://arxiv.org/abs/2405.10825,True,high,arXiv,,arXiv
2641,,6433304918.0,,0,0,0,蓝V,https://arxiv.org/abs/2410.19456,https://arxiv.org/abs/2410.19456,True,high,arXiv,,arXiv
2642,,1706699904.0,,0,0,0,红V,https://arxiv.org/abs/2409.14485,https://arxiv.org/abs/2409.14485,True,high,arXiv,,arXiv
2643,,6433304918.0,,0,0,0,蓝V,https://arxiv.org/abs/2410.09713,https://arxiv.org/abs/2410.09713,True,high,arXiv,,arXiv
2644,,6105753431.0,,0,0,0,蓝V,https://arxiv.org/abs/2402.05804,https://arxiv.org/abs/2402.05804,True,high,arXiv,,arXiv
2645,,6433304918.0,,0,0,0,蓝V,https://arxiv.org/abs/2410.14171,https://arxiv.org/abs/2410.14171,True,high,arXiv,,arXiv
2646,,6433304918.0,,0,0,0,蓝V,https://arxiv.org/abs/2410.08304,https://arxiv.org/abs/2410.08304,True,high,arXiv,,arXiv
2647,,6433304918.0,,0,0,0,蓝V,https://arxiv.org/abs/2410.12877,https://arxiv.org/abs/2410.12877,True,high,arXiv,,arXiv
2648,,6433304918.0,,0,0,0,蓝V,https://arxiv.org/abs/2410.06205,https://arxiv.org/abs/2410.06205,True,high,arXiv,,arXiv
2649,,6433304918.0,,0,0,0,蓝V,https://arxiv.org/abs/2410.16493,https://arxiv.org/abs/2410.16493,True,high,arXiv,,arXiv
2650,,6105753431.0,,0,0,0,蓝V,https://www.nature.com/articles/s41586-024-07522-w,https://www.nature.com/articles/s41586-024-07522-w,True,high,Nature,,Nature
2651,,6433304918.0,,0,0,0,蓝V,https://arxiv.org/abs/2410.10934,https://arxiv.org/abs/2410.10934,True,high,arXiv,,arXiv
2652,,6433304918.0,,0,0,0,蓝V,https://arxiv.org/abs/2410.10814,https://arxiv.org/abs/2410.10814,True,high,arXiv,,arXiv
2653,,6433304918.0,,0,0,0,蓝V,https://arxiv.org/abs/2410.05318,https://arxiv.org/abs/2410.05318,True,high,arXiv,,arXiv
2654,,6433304918.0,,0,0,0,蓝V,https://arxiv.org/abs/2410.21750,https://arxiv.org/abs/2410.21750,True,high,arXiv,,arXiv
2655,,6433304918.0,,0,0,0,蓝V,https://arxiv.org/abs/2410.15625,https://arxiv.org/abs/2410.15625,True,high,arXiv,,arXiv
2656,,6433304918.0,,0,0,0,蓝V,https://arxiv.org/abs/2410.19034,https://arxiv.org/abs/2410.19034,True,high,arXiv,,arXiv
2657,,5703921756.0,,0,0,0,蓝V,https://arxiv.org/pdf/2409.16040,https://arxiv.org/pdf/2409.16040,True,high,arXiv,,arXiv
2658,,6433304918.0,,0,0,0,蓝V,https://arxiv.org/abs/2410.05603,https://arxiv.org/abs/2410.05603,True,high,arXiv,,arXiv
2659,,6105753431.0,,0,0,0,蓝V,https://arxiv.org/abs/2402.01502,https://arxiv.org/abs/2402.01502,True,high,arXiv,,arXiv
2660,,6433304918.0,,0,0,0,蓝V,https://arxiv.org/abs/2410.11163,https://arxiv.org/abs/2410.11163,True,high,arXiv,,arXiv
2661,,6105753431.0,,0,0,0,蓝V,https://arxiv.org/abs/2410.10629,https://arxiv.org/abs/2410.10629,True,high,arXiv,,arXiv
2662,,6433304918.0,,0,0,0,蓝V,https://arxiv.org/abs/2410.10630,https://arxiv.org/abs/2410.10630,True,high,arXiv,,arXiv
2663,,6433304918.0,,0,0,0,蓝V,https://arxiv.org/abs/2410.05229,https://arxiv.org/abs/2410.05229,True,high,arXiv,,arXiv
2664,,6433304918.0,,0,0,0,蓝V,https://arxiv.org/abs/2410.13961,https://arxiv.org/abs/2410.13961,True,high,arXiv,,arXiv
2665,,6433304918.0,,0,0,0,蓝V,https://arxiv.org/abs/2410.07524,https://arxiv.org/abs/2410.07524,True,high,arXiv,,arXiv
2666,,6433304918.0,,0,0,0,蓝V,https://arxiv.org/abs/2410.05362,https://arxiv.org/abs/2410.05362,True,high,arXiv,,arXiv
2667,,5374548129.0,,0,0,0,普通用户,https://gpt4video.github.io,https://gpt4video.github.io,False,none,,,
2668,,5703921756.0,,0,0,0,蓝V,https://assets.anthropic.com/m/1cd9d098ac3e6467/original/Claude-3-Model-Card-October-Addendum.pdf,https://assets.anthropic.com/m/1cd9d098ac3e6467/original/Claude-3-Model-Card-October-Addendum.pdf,False,none,,,
2669,,6433304918.0,,0,0,0,蓝V,https://arxiv.org/abs/2410.08847,https://arxiv.org/abs/2410.08847,True,high,arXiv,,arXiv
2670,,6105753431.0,,0,0,0,蓝V,https://arxiv.org/abs/2410.07348,https://arxiv.org/abs/2410.07348,True,high,arXiv,,arXiv
2671,,6433304918.0,,0,0,0,蓝V,https://arxiv.org/abs/2410.13106,https://arxiv.org/abs/2410.13106,True,high,arXiv,,arXiv
2672,,6433304918.0,,0,0,0,蓝V,https://arxiv.org/abs/2410.19055,https://arxiv.org/abs/2410.19055,True,high,arXiv,,arXiv
2673,,6433304918.0,,0,0,0,蓝V,https://arxiv.org/abs/2410.15002,https://arxiv.org/abs/2410.15002,True,high,arXiv,,arXiv
2674,,6433304918.0,,0,0,0,蓝V,https://arxiv.org/abs/2410.14655,https://arxiv.org/abs/2410.14655,True,high,arXiv,,arXiv
2675,,3275213384.0,,0,0,0,蓝V,https://www.cell.com/cell-reports-methods/fulltext/S2667-2375(24)00260-1?utm_medium=weibo,https://www.cell.com/cell-reports-methods/fulltext/S2667-2375(24)00260-1?utm_medium=weibo,True,high,CELL PRESS,,CELL PRESS
2676,,6433304918.0,,0,0,0,蓝V,https://arxiv.org/abs/2410.16928,https://arxiv.org/abs/2410.16928,True,high,arXiv,,arXiv
2677,,6433304918.0,,0,0,0,蓝V,https://arxiv.org/abs/2410.10254,https://arxiv.org/abs/2410.10254,True,high,arXiv,,arXiv
2678,,6433304918.0,,0,0,0,蓝V,https://arxiv.org/abs/2410.02724,https://arxiv.org/abs/2410.02724,True,high,arXiv,,arXiv
2679,,6433304918.0,,0,0,0,蓝V,https://arxiv.org/abs/2410.19482,https://arxiv.org/abs/2410.19482,True,high,arXiv,,arXiv
2680,,6433304918.0,,0,0,0,蓝V,https://arxiv.org/abs/2410.08464,https://arxiv.org/abs/2410.08464,True,high,arXiv,,arXiv
2681,,6433304918.0,,0,0,0,蓝V,https://arxiv.org/abs/2410.22071,https://arxiv.org/abs/2410.22071,True,high,arXiv,,arXiv
2682,,6433304918.0,,0,0,0,蓝V,https://arxiv.org/abs/2410.13928,https://arxiv.org/abs/2410.13928,True,high,arXiv,,arXiv
2683,,6433304918.0,,0,0,0,蓝V,https://arxiv.org/abs/2410.07432,https://arxiv.org/abs/2410.07432,True,high,arXiv,,arXiv
2684,,6433304918.0,,0,0,0,蓝V,https://arxiv.org/abs/2410.14582,https://arxiv.org/abs/2410.14582,True,high,arXiv,,arXiv
2685,,6433304918.0,,0,0,0,蓝V,https://arxiv.org/abs/2410.17878,https://arxiv.org/abs/2410.17878,True,high,arXiv,,arXiv
2686,,6433304918.0,,0,0,0,蓝V,https://arxiv.org/abs/2410.17954,https://arxiv.org/abs/2410.17954,True,high,arXiv,,arXiv
2687,,6433304918.0,,0,0,0,蓝V,https://arxiv.org/abs/2410.06084,https://arxiv.org/abs/2410.06084,True,high,arXiv,,arXiv
2688,,6433304918.0,,0,0,0,蓝V,https://arxiv.org/abs/2410.01104,https://arxiv.org/abs/2410.01104,True,high,arXiv,,arXiv
2689,,1402400261.0,,0,0,0,金V,https://arxiv.org/abs/2410.08806,https://arxiv.org/abs/2410.08806,True,high,arXiv,,arXiv
2690,,6433304918.0,,0,0,0,蓝V,https://arxiv.org/abs/2410.08146,https://arxiv.org/abs/2410.08146,True,high,arXiv,,arXiv
2691,,6433304918.0,,0,0,0,蓝V,https://arxiv.org/abs/2409.19951,https://arxiv.org/abs/2409.19951,True,high,arXiv,,arXiv
2692,,6433304918.0,,0,0,0,蓝V,https://arxiv.org/abs/2410.05258,https://arxiv.org/abs/2410.05258,True,high,arXiv,,arXiv
2693,,6433304918.0,,0,0,0,蓝V,https://arxiv.org/abs/2410.15059,https://arxiv.org/abs/2410.15059,True,high,arXiv,,arXiv
2694,,2215534042.0,,0,0,0,普通用户,https://arxiv.org/abs/2409.19951,https://arxiv.org/abs/2409.19951,True,high,arXiv,,arXiv
2695,,1402400261.0,,0,0,0,金V,https://arxiv.org/abs/2410.07524,https://arxiv.org/abs/2410.07524,True,high,arXiv,,arXiv
2696,,1402400261.0,,0,0,0,金V,https://arxiv.org/abs/2410.00161,https://arxiv.org/abs/2410.00161,True,high,arXiv,,arXiv
2697,,6105753431.0,,0,0,0,蓝V,https://arxiv.org/abs/2410.15608,https://arxiv.org/abs/2410.15608,True,high,arXiv,,arXiv
2698,,6433304918.0,,0,0,0,蓝V,https://arxiv.org/abs/2410.17904,https://arxiv.org/abs/2410.17904,True,high,arXiv,,arXiv
2699,,6433304918.0,,0,0,0,蓝V,https://arxiv.org/abs/2410.08014,https://arxiv.org/abs/2410.08014,True,high,arXiv,,arXiv
2700,,6433304918.0,,0,0,0,蓝V,https://arxiv.org/abs/2410.13957,https://arxiv.org/abs/2410.13957,True,high,arXiv,,arXiv
2701,,6433304918.0,,0,0,0,蓝V,https://arxiv.org/abs/2409.19817,https://arxiv.org/abs/2409.19817,True,high,arXiv,,arXiv
2702,,6433304918.0,,0,0,0,蓝V,https://arxiv.org/abs/2410.01201,https://arxiv.org/abs/2410.01201,True,high,arXiv,,arXiv
2703,,6433304918.0,,0,0,0,蓝V,https://arxiv.org/abs/2410.00863,https://arxiv.org/abs/2410.00863,True,high,arXiv,,arXiv
2704,,6433304918.0,,0,0,0,蓝V,https://arxiv.org/abs/2410.05078,https://arxiv.org/abs/2410.05078,True,high,arXiv,,arXiv
2705,,5703921756.0,,0,0,0,蓝V,https://arxiv.org/abs/2410.04840,https://arxiv.org/abs/2410.04840,True,high,arXiv,,arXiv
2706,,6433304918.0,,0,0,0,蓝V,https://arxiv.org/abs/2410.01600,https://arxiv.org/abs/2410.01600,True,high,arXiv,,arXiv
2707,,6433304918.0,,0,0,0,蓝V,https://arxiv.org/abs/2409.18486,https://arxiv.org/abs/2409.18486,True,high,arXiv,,arXiv
2708,,6433304918.0,,0,0,0,蓝V,https://arxiv.org/abs/2410.00161,https://arxiv.org/abs/2410.00161,True,high,arXiv,,arXiv
2709,,6433304918.0,,0,0,0,蓝V,https://arxiv.org/abs/2410.03140,https://arxiv.org/abs/2410.03140,True,high,arXiv,,arXiv
2710,,6433304918.0,,0,0,0,蓝V,https://arxiv.org/abs/2410.14706,https://arxiv.org/abs/2410.14706,True,high,arXiv,,arXiv
2711,,3894431038.0,,0,0,0,红V,https://arxiv.org/abs/2410.11081,https://arxiv.org/abs/2410.11081,True,high,arXiv,,arXiv
2712,,6433304918.0,,0,0,0,蓝V,https://arxiv.org/abs/2409.18382,https://arxiv.org/abs/2409.18382,True,high,arXiv,,arXiv
2713,,6433304918.0,,0,0,0,蓝V,https://arxiv.org/abs/2410.03170,https://arxiv.org/abs/2410.03170,True,high,arXiv,,arXiv
2714,,6433304918.0,,0,0,0,蓝V,https://arxiv.org/abs/2410.18077,https://arxiv.org/abs/2410.18077,True,high,arXiv,,arXiv
2715,,6433304918.0,,0,0,0,蓝V,https://arxiv.org/abs/2410.02525,https://arxiv.org/abs/2410.02525,True,high,arXiv,,arXiv
2716,,6433304918.0,,0,0,0,蓝V,https://arxiv.org/abs/2409.20370,https://arxiv.org/abs/2409.20370,True,high,arXiv,,arXiv
2717,,1286528122.0,,0,0,0,蓝V,https://arxiv.org/abs/2403.11503,https://arxiv.org/abs/2403.11503,True,high,arXiv,,arXiv
2718,,6433304918.0,,0,0,0,蓝V,https://arxiv.org/abs/2410.01731,https://arxiv.org/abs/2410.01731,True,high,arXiv,,arXiv
2719,,1402400261.0,,0,0,0,金V,https://arxiv.org/abs/2410.05052,https://arxiv.org/abs/2410.05052,True,high,arXiv,,arXiv
2720,,1402400261.0,,0,0,0,金V,https://arxiv.org/abs/2410.03524,https://arxiv.org/abs/2410.03524,True,high,arXiv,,arXiv
2721,,6433304918.0,,0,0,0,蓝V,https://arxiv.org/abs/2410.15999,https://arxiv.org/abs/2410.15999,True,high,arXiv,,arXiv
2722,,2194035935.0,,0,0,0,金V,https://arxiv.org/abs/2411.02355,https://arxiv.org/abs/2411.02355,True,high,arXiv,,arXiv
2723,,5703921756.0,,0,0,0,蓝V,https://arxiv.org/abs/2406.10310,https://arxiv.org/abs/2406.10310,True,high,arXiv,,arXiv
2724,,6105753431.0,,0,0,0,蓝V,https://arxiv.org/pdf/2410.09342,https://arxiv.org/pdf/2410.09342,True,high,arXiv,,arXiv
2725,,1639597372.0,,0,0,0,红V,http://arxiv.org/abs/2405.07987,http://arxiv.org/abs/2405.07987,True,high,arXiv,,arXiv
2726,,6433304918.0,,0,0,0,蓝V,https://arxiv.org/abs/2410.18634,https://arxiv.org/abs/2410.18634,True,high,arXiv,,arXiv
2727,,2630676371.0,,0,0,0,蓝V,https://arxiv.org/abs/2409.19256,https://arxiv.org/abs/2409.19256,True,high,arXiv,,arXiv
2728,,5976873363.0,,0,0,0,普通用户,https://www.nature.com/articles/s41586-024-08097-2,https://www.nature.com/articles/s41586-024-08097-2,True,high,Nature,,Nature
2729,,6433304918.0,,0,0,0,蓝V,https://arxiv.org/abs/2411.08862,https://arxiv.org/abs/2411.08862,True,high,arXiv,,arXiv
2730,,6433304918.0,,0,0,0,蓝V,https://arxiv.org/abs/2411.03538,https://arxiv.org/abs/2411.03538,True,high,arXiv,,arXiv
2731,,6433304918.0,,0,0,0,蓝V,https://arxiv.org/abs/2411.03923,https://arxiv.org/abs/2411.03923,True,high,arXiv,,arXiv
2732,,3275213384.0,,0,0,0,蓝V,https://www.cell.com/cell-metabolism/fulltext/S1550-4131(24)00402-9?utm_medium=weibo,https://www.cell.com/cell-metabolism/fulltext/S1550-4131(24)00402-9?utm_medium=weibo,True,high,CELL PRESS,,CELL PRESS
2733,,1919155483.0,,0,0,0,蓝V,https://www.nature.com/articles/s41586-024-08025-4,https://www.nature.com/articles/s41586-024-08025-4,True,high,Nature,,Nature
2734,,6433304918.0,,0,0,0,蓝V,https://arxiv.org/abs/2411.03343,https://arxiv.org/abs/2411.03343,True,high,arXiv,,arXiv
2735,,6433304918.0,,0,0,0,蓝V,https://arxiv.org/abs/2411.00066,https://arxiv.org/abs/2411.00066,True,high,arXiv,,arXiv
2736,,1738690784.0,,0,0,0,蓝V,https://arxiv.org/pdf/2304.03442,https://arxiv.org/pdf/2304.03442,True,high,arXiv,,arXiv
2737,,6433304918.0,,0,0,0,蓝V,https://arxiv.org/abs/2410.14086,https://arxiv.org/abs/2410.14086,True,high,arXiv,,arXiv
2738,,6433304918.0,,0,0,0,蓝V,https://arxiv.org/abs/2411.06735,https://arxiv.org/abs/2411.06735,True,high,arXiv,,arXiv
2739,,6433304918.0,,0,0,0,蓝V,https://arxiv.org/abs/2410.21698,https://arxiv.org/abs/2410.21698,True,high,arXiv,,arXiv
2740,,6433304918.0,,0,0,0,蓝V,https://arxiv.org/abs/2410.21333,https://arxiv.org/abs/2410.21333,True,high,arXiv,,arXiv
2741,,6433304918.0,,0,0,0,蓝V,https://arxiv.org/abs/2411.02432,https://arxiv.org/abs/2411.02432,True,high,arXiv,,arXiv
2742,,6433304918.0,,0,0,0,蓝V,https://arxiv.org/abs/2411.03493,https://arxiv.org/abs/2411.03493,True,high,arXiv,,arXiv
2743,,6433304918.0,,0,0,0,蓝V,https://arxiv.org/abs/2410.21228,https://arxiv.org/abs/2410.21228,True,high,arXiv,,arXiv
2744,,6433304918.0,,0,0,0,蓝V,https://arxiv.org/abs/2411.01135,https://arxiv.org/abs/2411.01135,True,high,arXiv,,arXiv
2745,,5703921756.0,,0,0,0,蓝V,https://ekinakyurek.github.io/papers/ttt.pdf,https://ekinakyurek.github.io/papers/ttt.pdf,False,none,,,
2746,,6433304918.0,,0,0,0,蓝V,https://arxiv.org/abs/2411.05787,https://arxiv.org/abs/2411.05787,True,high,arXiv,,arXiv
2747,,1402400261.0,,0,0,0,金V,https://arxiv.org/abs/2410.14086,https://arxiv.org/abs/2410.14086,True,high,arXiv,,arXiv
2748,,1894295570.0,,0,0,0,蓝V,https://www.scirp.org/journal/paperinformation?paperid=137144&utm_campaign=weibochenling&utm_source=chenling&utm_medium=weibochenling,https://www.scirp.org/journal/paperinformation?paperid=137144&utm_campaign=weibochenling&utm_source=chenling&utm_medium=weibochenling,True,high,SCIRP 美国科研出版社,,SCIRP 美国科研出版社
2749,,3710258141.0,,0,0,0,金V,http://science.org/doi/10.1126/science.adp6034,http://science.org/doi/10.1126/science.adp6034,True,high,DOI,10.1126/science.adp6034,DOI
2750,,5976873363.0,,0,0,0,普通用户,https://www.nature.com/articles/s43588-024-00712-6,https://www.nature.com/articles/s43588-024-00712-6,True,high,Nature,,Nature
2751,,6433304918.0,,0,0,0,蓝V,https://arxiv.org/abs/2411.02433,https://arxiv.org/abs/2411.02433,True,high,arXiv,,arXiv
2752,,6433304918.0,,0,0,0,蓝V,https://www.nature.com/articles/s41586-024-08025-4,https://www.nature.com/articles/s41586-024-08025-4,True,high,Nature,,Nature
2753,,6433304918.0,,0,0,0,蓝V,https://arxiv.org/abs/2410.22480,https://arxiv.org/abs/2410.22480,True,high,arXiv,,arXiv
2754,,6433304918.0,,0,0,0,蓝V,https://arxiv.org/abs/2411.02355,https://arxiv.org/abs/2411.02355,True,high,arXiv,,arXiv
2755,,6433304918.0,,0,0,0,蓝V,https://arxiv.org/abs/2411.04105,https://arxiv.org/abs/2411.04105,True,high,arXiv,,arXiv
2756,,6433304918.0,,0,0,0,蓝V,https://arxiv.org/abs/2411.03590,https://arxiv.org/abs/2411.03590,True,high,arXiv,,arXiv
2757,,6433304918.0,,0,0,0,蓝V,https://arxiv.org/abs/2411.00213,https://arxiv.org/abs/2411.00213,True,high,arXiv,,arXiv
2758,,6433304918.0,,0,0,0,蓝V,https://arxiv.org/abs/2411.07494,https://arxiv.org/abs/2411.07494,True,high,arXiv,,arXiv
2759,,6433304918.0,,0,0,0,蓝V,https://arxiv.org/abs/2411.09065,https://arxiv.org/abs/2411.09065,True,high,arXiv,,arXiv
2760,,6433304918.0,,0,0,0,蓝V,https://arxiv.org/abs/2411.07191,https://arxiv.org/abs/2411.07191,True,high,arXiv,,arXiv
2761,,6433304918.0,,0,0,0,蓝V,https://arxiv.org/abs/2411.08733,https://arxiv.org/abs/2411.08733,True,high,arXiv,,arXiv
2762,,6433304918.0,,0,0,0,蓝V,https://arxiv.org/abs/2411.13405,https://arxiv.org/abs/2411.13405,True,high,arXiv,,arXiv
2763,,6433304918.0,,0,0,0,蓝V,https://arxiv.org/abs/2411.01483,https://arxiv.org/abs/2411.01483,True,high,arXiv,,arXiv
2764,,1402400261.0,,0,0,0,金V,https://arxiv.org/abs/2411.03538,https://arxiv.org/abs/2411.03538,True,high,arXiv,,arXiv
2765,,6105753431.0,,0,0,0,蓝V,https://arxiv.org/abs/2411.10669,https://arxiv.org/abs/2411.10669,True,high,arXiv,,arXiv
2766,,1286528122.0,,0,0,0,蓝V,https://arxiv.org/pdf/2410.05298,https://arxiv.org/pdf/2410.05298,True,high,arXiv,,arXiv
2767,,6433304918.0,,0,0,0,蓝V,https://arxiv.org/abs/2411.00062,https://arxiv.org/abs/2411.00062,True,high,arXiv,,arXiv
2768,,1706699904.0,,0,0,0,红V,https://arxiv.org/abs/2411.07975,https://arxiv.org/abs/2411.07975,True,high,arXiv,,arXiv
2769,,6433304918.0,,0,0,0,蓝V,https://arxiv.org/abs/2411.09317,https://arxiv.org/abs/2411.09317,True,high,arXiv,,arXiv
2770,,6433304918.0,,0,0,0,蓝V,https://arxiv.org/abs/2411.13323,https://arxiv.org/abs/2411.13323,True,high,arXiv,,arXiv
2771,,3894431038.0,,0,0,0,红V,https://arxiv.org/abs/2411.14347,https://arxiv.org/abs/2411.14347,True,high,arXiv,,arXiv
2772,,6433304918.0,,0,0,0,蓝V,https://arxiv.org/abs/2410.23168,https://arxiv.org/abs/2410.23168,True,high,arXiv,,arXiv
2773,,6433304918.0,,0,0,0,蓝V,https://arxiv.org/abs/2411.05037,https://arxiv.org/abs/2411.05037,True,high,arXiv,,arXiv
2774,,6433304918.0,,0,0,0,蓝V,https://arxiv.org/abs/2411.07180,https://arxiv.org/abs/2411.07180,True,high,arXiv,,arXiv
2775,,6433304918.0,,0,0,0,蓝V,https://arxiv.org/abs/2411.00566,https://arxiv.org/abs/2411.00566,True,high,arXiv,,arXiv
2776,,6433304918.0,,0,0,0,蓝V,https://arxiv.org/abs/2411.11843,https://arxiv.org/abs/2411.11843,True,high,arXiv,,arXiv
2777,,5633464636.0,,0,0,0,蓝V,https://www.nature.com/articles/s41556-024-01537-1,https://www.nature.com/articles/s41556-024-01537-1,True,high,Nature,,Nature
2778,,6433304918.0,,0,0,0,蓝V,https://arxiv.org/abs/2411.08610,https://arxiv.org/abs/2411.08610,True,high,arXiv,,arXiv
2779,,1870858943.0,,0,0,0,蓝V,https://www.aminer.cn/pub/673df12b1ff528754d54441a/?f=wb,https://www.aminer.cn/pub/673df12b1ff528754d54441a/?f=wb,True,high,AMiner,,AMiner
2780,,5976873363.0,,0,0,0,普通用户,https://www.sciencedirect.com/science/article/abs/pii/S0263224124019985?via%3Dihub,https://www.sciencedirect.com/science/article/abs/pii/S0263224124019985?via=ihub,True,high,Elsevier,,Elsevier
2781,,6433304918.0,,0,0,0,蓝V,https://arxiv.org/abs/2411.13476,https://arxiv.org/abs/2411.13476,True,high,arXiv,,arXiv
2782,,1233486457.0,,0,0,0,金V,arxiv.org/abs/2410.13787,arxiv.org/abs/2410.13787,True,medium,学术特征,,/abs/
2783,,6433304918.0,,0,0,0,蓝V,https://arxiv.org/abs/2411.01829,https://arxiv.org/abs/2411.01829,True,high,arXiv,,arXiv
2784,,1402400261.0,,0,0,0,金V,https://arxiv.org/abs/2411.02908,https://arxiv.org/abs/2411.02908,True,high,arXiv,,arXiv
2785,,6433304918.0,,0,0,0,蓝V,https://arxiv.org/abs/2411.07133,https://arxiv.org/abs/2411.07133,True,high,arXiv,,arXiv
2786,,6433304918.0,,0,0,0,蓝V,https://arxiv.org/abs/2411.09688,https://arxiv.org/abs/2411.09688,True,high,arXiv,,arXiv
2787,,6433304918.0,,0,0,0,蓝V,https://arxiv.org/abs/2411.12580,https://arxiv.org/abs/2411.12580,True,high,arXiv,,arXiv
2788,,6433304918.0,,0,0,0,蓝V,https://arxiv.org/abs/2411.06037,https://arxiv.org/abs/2411.06037,True,high,arXiv,,arXiv
2789,,6433304918.0,,0,0,0,蓝V,https://arxiv.org/abs/2411.10541,https://arxiv.org/abs/2411.10541,True,high,arXiv,,arXiv
2790,,2607574543.0,,0,0,0,黄V,https://arxiv.org/pdf/2411.15100,https://arxiv.org/pdf/2411.15100,True,high,arXiv,,arXiv
2791,,6433304918.0,,0,0,0,蓝V,https://arxiv.org/abs/2411.04872,https://arxiv.org/abs/2411.04872,True,high,arXiv,,arXiv
2792,,5976873363.0,,0,0,0,普通用户,https://www.cell.com/cell/fulltext/S0092-8674(24)01205-4?_returnURL=https%3A%2F%2Flinkinghub.elsevier.com%2Fretrieve%2Fpii%2FS0092867424012054%3Fshowall%3Dtrue,https://www.cell.com/cell/fulltext/S0092-8674(24)01205-4?_returnURL=https://linkinghub.elsevier.com/retrieve/pii/S0092867424012054?showall=true,True,high,Elsevier,,Elsevier
2793,,6433304918.0,,0,0,0,蓝V,https://arxiv.org/abs/2411.10323,https://arxiv.org/abs/2411.10323,True,high,arXiv,,arXiv
2794,,6433304918.0,,0,0,0,蓝V,https://arxiv.org/abs/2411.12992,https://arxiv.org/abs/2411.12992,True,high,arXiv,,arXiv
2795,,6433304918.0,,0,0,0,蓝V,https://arxiv.org/abs/2410.16454,https://arxiv.org/abs/2410.16454,True,high,arXiv,,arXiv
2796,,5703921756.0,,0,0,0,蓝V,https://arxiv.org/abs/2410.12851,https://arxiv.org/abs/2410.12851,True,high,arXiv,,arXiv
2797,,1870858943.0,,0,0,0,蓝V,https://www.aminer.cn/pub/6576737b939a5f4082904518/?f=wb,https://www.aminer.cn/pub/6576737b939a5f4082904518/?f=wb,True,high,AMiner,,AMiner
2798,,6433304918.0,,0,0,0,蓝V,https://arxiv.org/abs/2411.11061,https://arxiv.org/abs/2411.11061,True,high,arXiv,,arXiv
2799,,1402400261.0,,0,0,0,金V,https://arxiv.org/abs/2411.02355,https://arxiv.org/abs/2411.02355,True,high,arXiv,,arXiv
2800,,1402400261.0,,0,0,0,金V,https://arxiv.org/abs/2411.01829,https://arxiv.org/abs/2411.01829,True,high,arXiv,,arXiv
2801,,6433304918.0,,0,0,0,蓝V,https://arxiv.org/abs/2411.18479,https://arxiv.org/abs/2411.18479,True,high,arXiv,,arXiv
2802,,6433304918.0,,0,0,0,蓝V,https://arxiv.org/abs/2411.05403,https://arxiv.org/abs/2411.05403,True,high,arXiv,,arXiv
2803,,6433304918.0,,0,0,0,蓝V,https://arxiv.org/abs/2411.10821,https://arxiv.org/abs/2411.10821,True,high,arXiv,,arXiv
2804,,6433304918.0,,0,0,0,蓝V,https://arxiv.org/abs/2411.14402,https://arxiv.org/abs/2411.14402,True,high,arXiv,,arXiv
2805,,1870858943.0,,0,0,0,蓝V,https://www.aminer.cn/pub/673df289a58ea83693d5559a/?f=wb,https://www.aminer.cn/pub/673df289a58ea83693d5559a/?f=wb,True,high,AMiner,,AMiner
2806,,6433304918.0,,0,0,0,蓝V,https://ekinakyurek.github.io/papers/ttt.pdf,https://ekinakyurek.github.io/papers/ttt.pdf,False,none,,,
2807,,7006367380.0,,0,0,0,蓝V,https://www.cell.com/device/fulltext/S2666-9986(24)00570-2,https://www.cell.com/device/fulltext/S2666-9986(24)00570-2,True,high,CELL PRESS,,CELL PRESS
2808,,6433304918.0,,0,0,0,蓝V,https://arxiv.org/abs/2410.21272,https://arxiv.org/abs/2410.21272,True,high,arXiv,,arXiv
2809,,6433304918.0,,0,0,0,蓝V,https://arxiv.org/abs/2411.04539,https://arxiv.org/abs/2411.04539,True,high,arXiv,,arXiv
2810,,1402400261.0,,0,0,0,金V,https://arxiv.org/abs/2411.08275,https://arxiv.org/abs/2411.08275,True,high,arXiv,,arXiv
2811,,6433304918.0,,0,0,0,蓝V,https://arxiv.org/abs/2411.15098,https://arxiv.org/abs/2411.15098,True,high,arXiv,,arXiv
2812,,6433304918.0,,0,0,0,蓝V,https://arxiv.org/abs/2411.18526,https://arxiv.org/abs/2411.18526,True,high,arXiv,,arXiv
2813,,1870858943.0,,0,0,0,蓝V,https://www.aminer.cn/pub/6736f5c001d2a3fbfc75b370/?f=wb,https://www.aminer.cn/pub/6736f5c001d2a3fbfc75b370/?f=wb,True,high,AMiner,,AMiner
2814,,1870858943.0,,0,0,0,蓝V,https://www.aminer.cn/pub/673df12b1ff528754d54441a/?f=wb,https://www.aminer.cn/pub/673df12b1ff528754d54441a/?f=wb,True,high,AMiner,,AMiner
2815,,6433304918.0,,0,0,0,蓝V,https://arxiv.org/abs/2411.14215,https://arxiv.org/abs/2411.14215,True,high,arXiv,,arXiv
2816,,6433304918.0,,0,0,0,蓝V,https://arxiv.org/abs/2411.10438,https://arxiv.org/abs/2411.10438,True,high,arXiv,,arXiv
2817,,1402400261.0,,0,0,0,金V,https://arxiv.org/abs/2410.16454,https://arxiv.org/abs/2410.16454,True,high,arXiv,,arXiv
2818,,6433304918.0,,0,0,0,蓝V,https://arxiv.org/abs/2411.14708,https://arxiv.org/abs/2411.14708,True,high,arXiv,,arXiv
2819,,6433304918.0,,0,0,0,蓝V,https://arxiv.org/abs/2411.13504,https://arxiv.org/abs/2411.13504,True,high,arXiv,,arXiv
2820,,6433304918.0,,0,0,0,蓝V,https://arxiv.org/abs/2411.15100,https://arxiv.org/abs/2411.15100,True,high,arXiv,,arXiv
2821,,6433304918.0,,0,0,0,蓝V,https://arxiv.org/abs/2411.17375,https://arxiv.org/abs/2411.17375,True,high,arXiv,,arXiv
2822,,6433304918.0,,0,0,0,蓝V,https://arxiv.org/abs/2411.18553,https://arxiv.org/abs/2411.18553,True,high,arXiv,,arXiv
2823,,6433304918.0,,0,0,0,蓝V,https://arxiv.org/abs/2411.04996,https://arxiv.org/abs/2411.04996,True,high,arXiv,,arXiv
2824,,6433304918.0,,0,0,0,蓝V,https://arxiv.org/abs/2411.17713,https://arxiv.org/abs/2411.17713,True,high,arXiv,,arXiv
2825,,6433304918.0,,0,0,0,蓝V,https://arxiv.org/abs/2411.17501,https://arxiv.org/abs/2411.17501,True,high,arXiv,,arXiv
2826,,6433304918.0,,0,0,0,蓝V,https://arxiv.org/abs/2411.14405,https://arxiv.org/abs/2411.14405,True,high,arXiv,,arXiv
2827,,5976873363.0,,0,0,0,普通用户,https://spj.science.org/doi/10.34133/plantphenomics.0218,https://spj.science.org/doi/10.34133/plantphenomics.0218,True,high,DOI,10.34133/plantphenomics.0218,DOI
2828,,6433304918.0,,0,0,0,蓝V,https://arxiv.org/abs/2411.17116,https://arxiv.org/abs/2411.17116,True,high,arXiv,,arXiv
2829,,3816918426.0,,0,0,0,黄V,https://arxiv.org/abs/2411.19870,https://arxiv.org/abs/2411.19870,True,high,arXiv,,arXiv
2830,,1286528122.0,,0,0,0,蓝V,https://arxiv.org/abs/2404.13968,https://arxiv.org/abs/2404.13968,True,high,arXiv,,arXiv
2831,,7006367380.0,,0,0,0,蓝V,https://www.pnas.org/doi/10.1073/pnas.2410874121?url_ver=Z39.88-2003𝔯_id=ori%3Arid%3Acrossref.org𝔯_dat=cr_pub++0pubmed,https://www.pnas.org/doi/10.1073/pnas.2410874121?url_ver=Z39.88-2003𝔯_id=ori:rid:crossref.org𝔯_dat=cr_pub++0pubmed,True,high,DOI,10.1073/pnas.2410874121?url_ver=Z39.88-2003𝔯_id=ori:rid:crossref.org𝔯_dat=cr_pub++0pubmed,DOI
2832,,1286528122.0,,0,0,0,蓝V,https://arxiv.org/abs/2404.03622,https://arxiv.org/abs/2404.03622,True,high,arXiv,,arXiv
2833,,6433304918.0,,0,0,0,蓝V,https://arxiv.org/abs/2411.19443,https://arxiv.org/abs/2411.19443,True,high,arXiv,,arXiv
2834,,3816918426.0,,0,0,0,黄V,https://arxiv.org/abs/2411.04368v1,https://arxiv.org/abs/2411.04368v1,True,high,arXiv,,arXiv
2835,,3816918426.0,,0,0,0,黄V,https://arxiv.org/abs/2410.10630,https://arxiv.org/abs/2410.10630,True,high,arXiv,,arXiv
2836,,1464484735.0,,0,0,0,普通用户,https://arxiv.org/pdf/2412.04315,https://arxiv.org/pdf/2412.04315,True,high,arXiv,,arXiv
2837,,6433304918.0,,0,0,0,蓝V,https://arxiv.org/abs/2412.03679,https://arxiv.org/abs/2412.03679,True,high,arXiv,,arXiv
2838,,6105753431.0,,0,0,0,蓝V,https://arxiv.org/abs/2412.07589,https://arxiv.org/abs/2412.07589,True,high,arXiv,,arXiv
2839,,1286528122.0,,0,0,0,蓝V,https://openreview.net/pdf?id=3ivnixHy16,https://openreview.net/pdf?id=3ivnixHy16,True,high,openreview,,openreview
2840,,6433304918.0,,0,0,0,蓝V,https://openreview.net/forum?id=bpjU7rLjJ7,https://openreview.net/forum?id=bpjU7rLjJ7,True,high,openreview,,openreview
2841,,6433304918.0,,0,0,0,蓝V,https://arxiv.org/abs/2412.00353,https://arxiv.org/abs/2412.00353,True,high,arXiv,,arXiv
2842,,6433304918.0,,0,0,0,蓝V,https://arxiv.org/abs/2412.01951,https://arxiv.org/abs/2412.01951,True,high,arXiv,,arXiv
2843,,1286528122.0,,0,0,0,蓝V,https://arxiv.org/abs/2407.02490,https://arxiv.org/abs/2407.02490,True,high,arXiv,,arXiv
2844,,1286528122.0,,0,0,0,蓝V,https://arxiv.org/abs/2409.00558,https://arxiv.org/abs/2409.00558,True,high,arXiv,,arXiv
2845,,1660835355.0,,0,0,0,普通用户,http://arxiv.org/abs/2412.09362,http://arxiv.org/abs/2412.09362,True,high,arXiv,,arXiv
2846,,3816918426.0,,0,0,0,黄V,https://arxiv.org/abs/2404.16710,https://arxiv.org/abs/2404.16710,True,high,arXiv,,arXiv
2847,,6433304918.0,,0,0,0,蓝V,https://arxiv.org/abs/2411.15862,https://arxiv.org/abs/2411.15862,True,high,arXiv,,arXiv
2848,,6433304918.0,,0,0,0,蓝V,https://arxiv.org/abs/2411.19722,https://arxiv.org/abs/2411.19722,True,high,arXiv,,arXiv
2849,,6433304918.0,,0,0,0,蓝V,https://arxiv.org/abs/2412.00947,https://arxiv.org/abs/2412.00947,True,high,arXiv,,arXiv
2850,,6433304918.0,,0,0,0,蓝V,https://openreview.net/forum?id=6Mxhg9PtDE,https://openreview.net/forum?id=6Mxhg9PtDE,True,high,openreview,,openreview
2851,,6433304918.0,,0,0,0,蓝V,https://arxiv.org/abs/2412.04626,https://arxiv.org/abs/2412.04626,True,high,arXiv,,arXiv
2852,,3816918426.0,,0,0,0,黄V,https://arxiv.org/abs/2405.04517,https://arxiv.org/abs/2405.04517,True,high,arXiv,,arXiv
2853,,6433304918.0,,0,0,0,蓝V,https://arxiv.org/abs/2412.05278,https://arxiv.org/abs/2412.05278,True,high,arXiv,,arXiv
2854,,6105753431.0,,0,0,0,蓝V,https://arxiv.org/abs/2310.04363,https://arxiv.org/abs/2310.04363,True,high,arXiv,,arXiv
2855,,1870858943.0,,0,0,0,蓝V,https://www.aminer.cn/pub/67468bc2ae8580e7ff7a1197/?f=wb,https://www.aminer.cn/pub/67468bc2ae8580e7ff7a1197/?f=wb,True,high,AMiner,,AMiner
2856,,6433304918.0,,0,0,0,蓝V,https://arxiv.org/abs/2411.19870,https://arxiv.org/abs/2411.19870,True,high,arXiv,,arXiv
2857,,6433304918.0,,0,0,0,蓝V,https://arxiv.org/abs/2412.00420,https://arxiv.org/abs/2412.00420,True,high,arXiv,,arXiv
2858,,1286528122.0,,0,0,0,蓝V,https://arxiv.org/abs/2403.05266,https://arxiv.org/abs/2403.05266,True,high,arXiv,,arXiv
2859,,6433304918.0,,0,0,0,蓝V,https://arxiv.org/abs/2412.05496,https://arxiv.org/abs/2412.05496,True,high,arXiv,,arXiv
2860,,3816918426.0,,0,0,0,黄V,https://arxiv.org/abs/2412.03205,https://arxiv.org/abs/2412.03205,True,high,arXiv,,arXiv
2861,,1870858943.0,,0,0,0,蓝V,https://www.aminer.cn/pub/67565a4bae8580e7ff8e0fbd/?f=wb,https://www.aminer.cn/pub/67565a4bae8580e7ff8e0fbd/?f=wb,True,high,AMiner,,AMiner
2862,,1870858943.0,,0,0,0,蓝V,https://www.aminer.cn/pub/674552a7ae8580e7ffe44f2a/?f=wb,https://www.aminer.cn/pub/674552a7ae8580e7ffe44f2a/?f=wb,True,high,AMiner,,AMiner
2863,,6433304918.0,,0,0,0,蓝V,https://openreview.net/forum?id=BPgK5XW1Nb,https://openreview.net/forum?id=BPgK5XW1Nb,True,high,openreview,,openreview
2864,,6433304918.0,,0,0,0,蓝V,https://arxiv.org/abs/2412.02626,https://arxiv.org/abs/2412.02626,True,high,arXiv,,arXiv
2865,,3816918426.0,,0,0,0,黄V,https://arxiv.org/abs/2407.17465,https://arxiv.org/abs/2407.17465,True,high,arXiv,,arXiv
2865,,3816918426.0,,0,0,0,黄V,https://arxiv.org/abs/2303.11257,https://arxiv.org/abs/2303.11257,True,high,arXiv,,arXiv
2866,,6433304918.0,,0,0,0,蓝V,https://arxiv.org/abs/2411.11922,https://arxiv.org/abs/2411.11922,True,high,arXiv,,arXiv
2867,,6433304918.0,,0,0,0,蓝V,https://arxiv.org/abs/2412.01928,https://arxiv.org/abs/2412.01928,True,high,arXiv,,arXiv
2868,,5703921756.0,,0,0,0,蓝V,https://arxiv.org/abs/2412.06699,https://arxiv.org/abs/2412.06699,True,high,arXiv,,arXiv
2869,,6433304918.0,,0,0,0,蓝V,https://arxiv.org/abs/2412.04315,https://arxiv.org/abs/2412.04315,True,high,arXiv,,arXiv
2870,,5976873363.0,,0,0,0,普通用户,https://www.nature.com/articles/s41559-024-02592-5,https://www.nature.com/articles/s41559-024-02592-5,True,high,Nature,,Nature
2871,,6433304918.0,,0,0,0,蓝V,https://arxiv.org/abs/2412.07902,https://arxiv.org/abs/2412.07902,True,high,arXiv,,arXiv
2872,,1286528122.0,,0,0,0,蓝V,https://openreview.net/pdf?id=Kxta8IInyN,https://openreview.net/pdf?id=Kxta8IInyN,True,high,openreview,,openreview
2873,,6433304918.0,,0,0,0,蓝V,https://arxiv.org/abs/2411.18885,https://arxiv.org/abs/2411.18885,True,high,arXiv,,arXiv
2874,,6534398580.0,,0,0,0,普通用户,https://arxiv.org/abs/2411.15488,https://arxiv.org/abs/2411.15488,True,high,arXiv,,arXiv
2875,,5329434101.0,,0,0,0,蓝V,https://www.nature.com/articles/s41550-024-02414-5?utm_medium=organic_social&utm_source=weibo&utm_campaign=CONR_NAJRN_ATT1_AP_CNCM_002EA_weeklyS,https://www.nature.com/articles/s41550-024-02414-5?utm_medium=organic_social&utm_source=weibo&utm_campaign=CONR_NAJRN_ATT1_AP_CNCM_002EA_weeklyS,True,high,Nature,,Nature
2876,,6433304918.0,,0,0,0,蓝V,https://arxiv.org/abs/2412.04984,https://arxiv.org/abs/2412.04984,True,high,arXiv,,arXiv
2877,,6433304918.0,,0,0,0,蓝V,https://arxiv.org/abs/2412.06617,https://arxiv.org/abs/2412.06617,True,high,arXiv,,arXiv
2878,,1870858943.0,,0,0,0,蓝V,https://www.aminer.cn/pub/65543326939a5f40820ac8e5/?f=wb,https://www.aminer.cn/pub/65543326939a5f40820ac8e5/?f=wb,True,high,AMiner,,AMiner
2879,,1870858943.0,,0,0,0,蓝V,https://www.aminer.cn/pub/65fb94f713fb2c6cf682ff1f/?f=wb,https://www.aminer.cn/pub/65fb94f713fb2c6cf682ff1f/?f=wb,True,high,AMiner,,AMiner
2880,,1870858943.0,,0,0,0,蓝V,https://www.aminer.cn/pub/674d27d4ae8580e7ffb7f37c/?f=wb,https://www.aminer.cn/pub/674d27d4ae8580e7ffb7f37c/?f=wb,True,high,AMiner,,AMiner
2881,,6105753431.0,,0,0,0,蓝V,https://arxiv.org/abs/2411.19865,https://arxiv.org/abs/2411.19865,True,high,arXiv,,arXiv
2882,,6433304918.0,,0,0,0,蓝V,https://arxiv.org/abs/2412.03791,https://arxiv.org/abs/2412.03791,True,high,arXiv,,arXiv
2883,,6433304918.0,,0,0,0,蓝V,https://arxiv.org/abs/2412.06329,https://arxiv.org/abs/2412.06329,True,high,arXiv,,arXiv
2884,,6433304918.0,,0,0,0,蓝V,https://arxiv.org/abs/2412.02975,https://arxiv.org/abs/2412.02975,True,high,arXiv,,arXiv
2885,,6433304918.0,,0,0,0,蓝V,https://arxiv.org/abs/2412.07961,https://arxiv.org/abs/2412.07961,True,high,arXiv,,arXiv
2886,,6433304918.0,,0,0,0,蓝V,https://arxiv.org/abs/2412.03881,https://arxiv.org/abs/2412.03881,True,high,arXiv,,arXiv
2887,,1402400261.0,,0,0,0,金V,https://arxiv.org/abs/2412.08905,https://arxiv.org/abs/2412.08905,True,high,arXiv,,arXiv
2888,,6433304918.0,,0,0,0,蓝V,https://arxiv.org/abs/2412.03317,https://arxiv.org/abs/2412.03317,True,high,arXiv,,arXiv
2889,,6433304918.0,,0,0,0,蓝V,https://arxiv.org/abs/2410.01131,https://arxiv.org/abs/2410.01131,True,high,arXiv,,arXiv
2890,,1870858943.0,,0,0,0,蓝V,https://www.aminer.cn/pub/675120ecae8580e7ffa61270/?f=wb,https://www.aminer.cn/pub/675120ecae8580e7ffa61270/?f=wb,True,high,AMiner,,AMiner
2891,,6433304918.0,,0,0,0,蓝V,https://arxiv.org/abs/2412.04703,https://arxiv.org/abs/2412.04703,True,high,arXiv,,arXiv
2892,,2427364747.0,,0,0,0,蓝V,https://doi.org/10.2337/dc24-1041,https://doi.org/10.2337/dc24-1041,True,high,DOI,10.2337/dc24-1041,DOI
2893,,5976873363.0,,0,0,0,普通用户,https://journals.aps.org/prl/abstract/10.1103/PhysRevLett.133.230603,https://journals.aps.org/prl/abstract/10.1103/PhysRevLett.133.230603,True,high,DOI,10.1103/PhysRevLett.133.230603,DOI
2894,,6433304918.0,,0,0,0,蓝V,https://arxiv.org/abs/2411.19865,https://arxiv.org/abs/2411.19865,True,high,arXiv,,arXiv
2895,,6433304918.0,,0,0,0,蓝V,https://arxiv.org/abs/2412.03556,https://arxiv.org/abs/2412.03556,True,high,arXiv,,arXiv
2896,,6433304918.0,,0,0,0,蓝V,https://arxiv.org/abs/2412.06559,https://arxiv.org/abs/2412.06559,True,high,arXiv,,arXiv
2897,,6433304918.0,,0,0,0,蓝V,https://arxiv.org/abs/2412.08587,https://arxiv.org/abs/2412.08587,True,high,arXiv,,arXiv
2898,,3816918426.0,,0,0,0,黄V,https://arxiv.org/abs/2411.04872,https://arxiv.org/abs/2411.04872,True,high,arXiv,,arXiv
2899,,1286528122.0,,0,0,0,蓝V,https://arxiv.org/abs/2410.20936,https://arxiv.org/abs/2410.20936,True,high,arXiv,,arXiv
2900,,6433304918.0,,0,0,0,蓝V,https://openreview.net/forum?id=Ouj6p4ca60,https://openreview.net/forum?id=Ouj6p4ca60,True,high,openreview,,openreview
2901,,6433304918.0,,0,0,0,蓝V,https://arxiv.org/abs/2412.04291,https://arxiv.org/abs/2412.04291,True,high,arXiv,,arXiv
2902,,7157387582.0,,0,0,0,蓝V,https://arxiv.org/abs/2412.06699,https://arxiv.org/abs/2412.06699,True,high,arXiv,,arXiv
2903,,6433304918.0,,0,0,0,蓝V,https://arxiv.org/abs/2412.03572,https://arxiv.org/abs/2412.03572,True,high,arXiv,,arXiv
2904,,1894295570.0,,0,0,0,蓝V,https://www.scirp.org/journal/paperinformation?paperid=138007&utm_campaign=weibochenling&utm_source=chenling&utm_medium=weibochenling,https://www.scirp.org/journal/paperinformation?paperid=138007&utm_campaign=weibochenling&utm_source=chenling&utm_medium=weibochenling,True,high,SCIRP 美国科研出版社,,SCIRP 美国科研出版社
2905,,6433304918.0,,0,0,0,蓝V,https://arxiv.org/abs/2412.05418,https://arxiv.org/abs/2412.05418,True,high,arXiv,,arXiv
2906,,2008779105.0,,0,0,0,蓝V,https://www.computer.org/csdl/magazine/co/2024/08/10632613/1ZgY9z1BTGM,https://www.computer.org/csdl/magazine/co/2024/08/10632613/1ZgY9z1BTGM,True,high,IEEE Xplore,,IEEE Xplore
2907,,1870858943.0,,0,0,0,蓝V,https://www.aminer.cn/pub/6743e6f9ae8580e7ffca627b/?f=wb,https://www.aminer.cn/pub/6743e6f9ae8580e7ffca627b/?f=wb,True,high,AMiner,,AMiner
2908,,6433304918.0,,0,0,0,蓝V,https://arxiv.org/abs/2412.05117,https://arxiv.org/abs/2412.05117,True,high,arXiv,,arXiv
2909,,6433304918.0,,0,0,0,蓝V,https://arxiv.org/abs/2412.08261,https://arxiv.org/abs/2412.08261,True,high,arXiv,,arXiv
2910,,1233486457.0,,0,0,0,金V,arxiv.org/abs/2412.08905,arxiv.org/abs/2412.08905,True,medium,学术特征,,/abs/
2911,,1894295570.0,,0,0,0,蓝V,https://www.scirp.org/journal/paperinformation?paperid=137822&utm_campaign=weibochenling&utm_source=chenling&utm_medium=weibochenling,https://www.scirp.org/journal/paperinformation?paperid=137822&utm_campaign=weibochenling&utm_source=chenling&utm_medium=weibochenling,True,high,SCIRP 美国科研出版社,,SCIRP 美国科研出版社
2912,,6433304918.0,,0,0,0,蓝V,https://arxiv.org/abs/2412.06712,https://arxiv.org/abs/2412.06712,True,high,arXiv,,arXiv
2913,,1870858943.0,,0,0,0,蓝V,https://www.aminer.cn/pub/65cad483939a5f4082f31db0/?f=wb,https://www.aminer.cn/pub/65cad483939a5f4082f31db0/?f=wb,True,high,AMiner,,AMiner
2914,,1706699904.0,,0,0,0,红V,https://arxiv.org/abs/2412.08905,https://arxiv.org/abs/2412.08905,True,high,arXiv,,arXiv
2915,,6433304918.0,,0,0,0,蓝V,https://arxiv.org/abs/2412.04305,https://arxiv.org/abs/2412.04305,True,high,arXiv,,arXiv
2916,,1870858943.0,,0,0,0,蓝V,https://www.aminer.cn/pub/67526da4ae8580e7ff3d4f67/?f=wb,https://www.aminer.cn/pub/67526da4ae8580e7ff3d4f67/?f=wb,True,high,AMiner,,AMiner
2917,,3816918426.0,,0,0,0,黄V,https://arxiv.org/abs/2410.20011,https://arxiv.org/abs/2410.20011,True,high,arXiv,,arXiv
2918,,1180671550.0,,0,0,0,普通用户,https://www.nber.org/system/files/working_papers/w33150/w33150.pdf,https://www.nber.org/system/files/working_papers/w33150/w33150.pdf,False,none,,,
2919,,2427364747.0,,0,0,0,蓝V,https://doi.org/10.1103/PhysRevLett.133.230603,https://doi.org/10.1103/PhysRevLett.133.230603,True,high,DOI,10.1103/PhysRevLett.133.230603,DOI
2920,,6433304918.0,,0,0,0,蓝V,https://arxiv.org/abs/2412.09764,https://arxiv.org/abs/2412.09764,True,high,arXiv,,arXiv
2921,,1402400261.0,,0,0,0,金V,https://arxiv.org/abs/2411.19443,https://arxiv.org/abs/2411.19443,True,high,arXiv,,arXiv
2922,,1286528122.0,,0,0,0,蓝V,https://openreview.net/pdf?id=CIcMZGLyZW,https://openreview.net/pdf?id=CIcMZGLyZW,True,high,openreview,,openreview
2923,,6433304918.0,,0,0,0,蓝V,https://arxiv.org/abs/2412.06769,https://arxiv.org/abs/2412.06769,True,high,arXiv,,arXiv
2924,,3816918426.0,,0,0,0,黄V,https://arxiv.org/abs/2407.07852,https://arxiv.org/abs/2407.07852,True,high,arXiv,,arXiv
2925,,3816918426.0,,0,0,0,黄V,https://arxiv.org/abs/2412.06845,https://arxiv.org/abs/2412.06845,True,high,arXiv,,arXiv
2926,,1402400261.0,,0,0,0,金V,https://arxiv.org/abs/2412.11936,https://arxiv.org/abs/2412.11936,True,high,arXiv,,arXiv
2927,,6433304918.0,,0,0,0,蓝V,https://arxiv.org/abs/2412.09764,https://arxiv.org/abs/2412.09764,True,high,arXiv,,arXiv
2928,,5703921756.0,,0,0,0,蓝V,https://www.sciencedirect.com/science/article/pii/S0925231224018241,https://www.sciencedirect.com/science/article/pii/S0925231224018241,True,high,SPRINGER,,SPRINGER
2929,,3816918426.0,,0,0,0,黄V,https://arxiv.org/abs/2402.10200,https://arxiv.org/abs/2402.10200,True,high,arXiv,,arXiv
2930,,6433304918.0,,0,0,0,蓝V,https://arxiv.org/abs/2412.13952,https://arxiv.org/abs/2412.13952,True,high,arXiv,,arXiv
2931,,3816918426.0,,0,0,0,黄V,https://arxiv.org/abs/2412.08821,https://arxiv.org/abs/2412.08821,True,high,arXiv,,arXiv
2932,,1286528122.0,,0,0,0,蓝V,https://arxiv.org/abs/2401.09454,https://arxiv.org/abs/2401.09454,True,high,arXiv,,arXiv
2933,,2645626160.0,,0,0,0,普通用户,https://www.nature.com/articles/s41562-024-02046-9,https://www.nature.com/articles/s41562-024-02046-9,True,high,Nature,,Nature
2934,,6433304918.0,,0,0,0,蓝V,https://arxiv.org/abs/2412.11459,https://arxiv.org/abs/2412.11459,True,high,arXiv,,arXiv
2935,,2132879407.0,,0,0,0,普通用户,https://academic.oup.com/pnasnexus/article/3/12/pgae526/7905141?login=false,https://academic.oup.com/pnasnexus/article/3/12/pgae526/7905141?login=false,True,high,Oxford Academic,,Oxford Academic
2936,,6433304918.0,,0,0,0,蓝V,https://arxiv.org/abs/2412.13549,https://arxiv.org/abs/2412.13549,True,high,arXiv,,arXiv
2937,,6433304918.0,,0,0,0,蓝V,https://openreview.net/forum?id=1CLzLXSFNn,https://openreview.net/forum?id=1CLzLXSFNn,True,high,openreview,,openreview
2938,,3275213384.0,,0,0,0,蓝V,https://www.sciencedirect.com/science/article/pii/S2666379124006463?utm_medium=weibo,https://www.sciencedirect.com/science/article/pii/S2666379124006463?utm_medium=weibo,True,high,SPRINGER,,SPRINGER
2939,,6433304918.0,,0,0,0,蓝V,https://arxiv.org/abs/2410.11767,https://arxiv.org/abs/2410.11767,True,high,arXiv,,arXiv
2940,,6433304918.0,,0,0,0,蓝V,https://arxiv.org/abs/2412.18232,https://arxiv.org/abs/2412.18232,True,high,arXiv,,arXiv
2941,,6433304918.0,,0,0,0,蓝V,https://arxiv.org/abs/2412.15275,https://arxiv.org/abs/2412.15275,True,high,arXiv,,arXiv
2942,,6433304918.0,,0,0,0,蓝V,https://arxiv.org/abs/2412.11006,https://arxiv.org/abs/2412.11006,True,high,arXiv,,arXiv
2943,,1233486457.0,,0,0,0,金V,https://huggingface.co/papers/2412.14171,https://huggingface.co/papers/2412.14171,True,high,huggingface,,huggingface
2944,,6433304918.0,,0,0,0,蓝V,https://openreview.net/forum?id=vf5aUZT0Fz,https://openreview.net/forum?id=vf5aUZT0Fz,True,high,openreview,,openreview
2945,,6433304918.0,,0,0,0,蓝V,https://arxiv.org/abs/2412.13171,https://arxiv.org/abs/2412.13171,True,high,arXiv,,arXiv
2946,,6433304918.0,,0,0,0,蓝V,https://arxiv.org/abs/2412.14093,https://arxiv.org/abs/2412.14093,True,high,arXiv,,arXiv
2947,,1402400261.0,,0,0,0,金V,https://arxiv.org/abs/2412.10400,https://arxiv.org/abs/2412.10400,True,high,arXiv,,arXiv
2948,,1894295570.0,,0,0,0,蓝V,https://www.scirp.org/journal/paperinformation?paperid=138414&utm_campaign=weibochenling&utm_source=chenling&utm_medium=weibochenling,https://www.scirp.org/journal/paperinformation?paperid=138414&utm_campaign=weibochenling&utm_source=chenling&utm_medium=weibochenling,True,high,SCIRP 美国科研出版社,,SCIRP 美国科研出版社
2949,,6433304918.0,,0,0,0,蓝V,https://arxiv.org/abs/2412.17767,https://arxiv.org/abs/2412.17767,True,high,arXiv,,arXiv
2950,,6433304918.0,,0,0,0,蓝V,https://arxiv.org/abs/2412.17758,https://arxiv.org/abs/2412.17758,True,high,arXiv,,arXiv
2951,,6433304918.0,,0,0,0,蓝V,https://openreview.net/forum?id=n2NidsYDop,https://openreview.net/forum?id=n2NidsYDop,True,high,openreview,,openreview
2952,,6433304918.0,,0,0,0,蓝V,https://arxiv.org/abs/2412.12161,https://arxiv.org/abs/2412.12161,True,high,arXiv,,arXiv
2953,,6433304918.0,,0,0,0,蓝V,https://openreview.net/forum?id=E4Fk3YuG56,https://openreview.net/forum?id=E4Fk3YuG56,True,high,openreview,,openreview
2954,,6433304918.0,,0,0,0,蓝V,https://openreview.net/forum?id=WCRQFlji2q,https://openreview.net/forum?id=WCRQFlji2q,True,high,openreview,,openreview
2955,,6433304918.0,,0,0,0,蓝V,https://arxiv.org/abs/2412.12276,https://arxiv.org/abs/2412.12276,True,high,arXiv,,arXiv
2956,,1402400261.0,,0,0,0,金V,https://arxiv.org/abs/2412.18619,https://arxiv.org/abs/2412.18619,True,high,arXiv,,arXiv
2957,,6433304918.0,,0,0,0,蓝V,https://openreview.net/forum?id=FBkpCyujtS,https://openreview.net/forum?id=FBkpCyujtS,True,high,openreview,,openreview
2958,,6433304918.0,,0,0,0,蓝V,https://arxiv.org/abs/2412.12119,https://arxiv.org/abs/2412.12119,True,high,arXiv,,arXiv
2959,,2194035935.0,,0,0,0,金V,arxiv.org/abs/2412.10270,arxiv.org/abs/2412.10270,True,medium,学术特征,,/abs/
2960,,3816918426.0,,0,0,0,黄V,https://arxiv.org/abs/2412.05270,https://arxiv.org/abs/2412.05270,True,high,arXiv,,arXiv
2961,,2279408463.0,,0,0,0,蓝V,https://link.springer.com/article/10.1007/s41019-015-0001-x?wt_mc=Other.Other.8.CON328.bigdataprivacy%2Fweibo,https://link.springer.com/article/10.1007/s41019-015-0001-x?wt_mc=Other.Other.8.CON328.bigdataprivacy/weibo,True,high,DOI,10.1007/s41019-015-0001-x?wt_mc=Other.Other.8.CON328.bigdataprivacy/weibo,DOI
2962,,3197077575.0,,0,0,0,金V,https://www.nature.com/articles/nature25016,https://www.nature.com/articles/nature25016,True,high,Nature,,Nature
2963,,2279408463.0,,0,0,0,蓝V,https://link.springer.com/article/10.1007/s10620-017-4722-8?wt_mc=SocialMedia.Weibo.8.CON426.jsc_a_clin5&utm_medium=socialmedia&utm_source=weibo&utm_content=jsc_a_clin5&utm_campaign=8_dto3312_jsc_a_clin5,https://link.springer.com/article/10.1007/s10620-017-4722-8?wt_mc=SocialMedia.Weibo.8.CON426.jsc_a_clin5&utm_medium=socialmedia&utm_source=weibo&utm_content=jsc_a_clin5&utm_campaign=8_dto3312_jsc_a_clin5,True,high,DOI,10.1007/s10620-017-4722-8?wt_mc=SocialMedia.Weibo.8.CON426.jsc_a_clin5&utm_medium=socialmedia&utm_source=weibo&utm_content=jsc_a_clin5&utm_campaign=8_dto3312_jsc_a_clin5,DOI
2964,,2216240737.0,,0,0,0,蓝V,https://idpjournal.biomedcentral.com/articles/10.1186/s40249-018-0480-x?utm_source=WeChat&utm_medium=Website_linksSocial_media_organic&utm_content=CelZha-MixedBrand-multijournal-Multidisciplinary-China&utm_campaign=ORG_AWA_CZH_BMCWechat_dailyposts_blogs,https://idpjournal.biomedcentral.com/articles/10.1186/s40249-018-0480-x?utm_source=WeChat&utm_medium=Website_linksSocial_media_organic&utm_content=CelZha-MixedBrand-multijournal-Multidisciplinary-China&utm_campaign=ORG_AWA_CZH_BMCWechat_dailyposts_blogs,True,high,DOI,10.1186/s40249-018-0480-x?utm_source=WeChat&utm_medium=Website_linksSocial_media_organic&utm_content=CelZha-MixedBrand-multijournal-Multidisciplinary-China&utm_campaign=ORG_AWA_CZH_BMCWechat_dailyposts_blogs,DOI
2965,,2216240737.0,,0,0,0,蓝V,https://www.nature.com/articles/s41398-018-0243-2?utm_source=WeChat&utm_medium=Website_linksSocial_media_organic&utm_content=CelZha-MixedBrand-multijournal-Multidisciplinary-China&utm_campaign=ORG_AWA_CZH_BMCWechat_dailyposts_blogs,https://www.nature.com/articles/s41398-018-0243-2?utm_source=WeChat&utm_medium=Website_linksSocial_media_organic&utm_content=CelZha-MixedBrand-multijournal-Multidisciplinary-China&utm_campaign=ORG_AWA_CZH_BMCWechat_dailyposts_blogs,True,high,Nature,,Nature
2966,,5334350534.0,,0,0,0,普通用户,https://www.cell.com/cell/fulltext/S0092-8674(18)31179-6,https://www.cell.com/cell/fulltext/S0092-8674(18)31179-6,True,high,CELL PRESS,,CELL PRESS
2967,,5334350534.0,,0,0,0,普通用户,http://www.nature.com/articles/s41467-018-06467-9,http://www.nature.com/articles/s41467-018-06467-9,True,high,Nature,,Nature
2968,,2216240737.0,,0,0,0,蓝V,https://cancersheadneck.biomedcentral.com/articles/10.1186/s41199-018-0034-8?utm_source=Weibo&utm_medium=Social_media_advertisingSocial_media_organic&utm_content=CelZha-MixedBrand-OAB-Multidisciplinary-China&utm_campaign=OAB_AWA_CelloZH_WeiboPost_Unpaid,https://cancersheadneck.biomedcentral.com/articles/10.1186/s41199-018-0034-8?utm_source=Weibo&utm_medium=Social_media_advertisingSocial_media_organic&utm_content=CelZha-MixedBrand-OAB-Multidisciplinary-China&utm_campaign=OAB_AWA_CelloZH_WeiboPost_Unpaid,True,high,DOI,10.1186/s41199-018-0034-8?utm_source=Weibo&utm_medium=Social_media_advertisingSocial_media_organic&utm_content=CelZha-MixedBrand-OAB-Multidisciplinary-China&utm_campaign=OAB_AWA_CelloZH_WeiboPost_Unpaid,DOI
2969,,1585623215.0,,0,0,0,金V,https://doi.org/10.1038/s41586-019-1005-x,https://doi.org/10.1038/s41586-019-1005-x,True,high,DOI,10.1038/s41586-019-1005-x,DOI
2970,,3710258141.0,,0,0,0,金V,http://journals.aps.org/prl/abstract/10.1103/PhysRevLett.116.095002,http://journals.aps.org/prl/abstract/10.1103/PhysRevLett.116.095002,True,high,DOI,10.1103/PhysRevLett.116.095002,DOI
2971,,1200933465.0,,0,0,0,红V,https://onlinelibrary.wiley.com/doi/full/10.1002/jmor.20989?fbclid=IwAR3qQXxIwfX8b5rLPa8R_vySEOl13hv19QAokp5AifwS3L0DyDPJnKGq_1c&,https://onlinelibrary.wiley.com/doi/full/10.1002/jmor.20989?fbclid=IwAR3qQXxIwfX8b5rLPa8R_vySEOl13hv19QAokp5AifwS3L0DyDPJnKGq_1c&,True,high,DOI,10.1002/jmor.20989?fbclid=IwAR3qQXxIwfX8b5rLPa8R_vySEOl13hv19QAokp5AifwS3L0DyDPJnKGq_1c&,DOI
2972,,5329434101.0,,0,0,0,蓝V,https://www.nature.com/articles/s41598-019-47320-3?utm_source=weibo&utm_medium=social&utm_content=organic&utm_campaign=JRCN_2_RL_nature_weibo_s41598-019-44477-9,https://www.nature.com/articles/s41598-019-47320-3?utm_source=weibo&utm_medium=social&utm_content=organic&utm_campaign=JRCN_2_RL_nature_weibo_s41598-019-44477-9,True,high,Nature,,Nature
2973,,2103039551.0,,0,0,0,普通用户,http://www.aquaticjournal.com/article/doi/10.11964/jfc.20190111630#0-tsina-1-49684-397232819ff9a47a7b7e80a40613cfe1,http://www.aquaticjournal.com/article/doi/10.11964/jfc.20190111630#0-tsina-1-49684-397232819ff9a47a7b7e80a40613cfe1,True,high,DOI,10.11964/jfc.20190111630#0-tsina-1-49684-397232819ff9a47a7b7e80a40613cfe1,DOI
2974,,2279408463.0,,0,0,0,蓝V,https://link.springer.com/article/10.1007/s00159-017-0106-5?utm_source=weibo&utm_medium=social&utm_content=organic&utm_campaign=SRCN_4_VW01_USG_CN_CNPF_Astronomy2,https://link.springer.com/article/10.1007/s00159-017-0106-5?utm_source=weibo&utm_medium=social&utm_content=organic&utm_campaign=SRCN_4_VW01_USG_CN_CNPF_Astronomy2,True,high,DOI,10.1007/s00159-017-0106-5?utm_source=weibo&utm_medium=social&utm_content=organic&utm_campaign=SRCN_4_VW01_USG_CN_CNPF_Astronomy2,DOI
2975,,2279408463.0,,0,0,0,蓝V,https://link.springer.com/article/10.1007/s42484-020-00012-y?utm_source=weibo&utm_medium=social&utm_content=organic&utm_campaign=SRCN_1_VW01_AWA_CN_CNLO_Phy_QS,https://link.springer.com/article/10.1007/s42484-020-00012-y?utm_source=weibo&utm_medium=social&utm_content=organic&utm_campaign=SRCN_1_VW01_AWA_CN_CNLO_Phy_QS,True,high,DOI,10.1007/s42484-020-00012-y?utm_source=weibo&utm_medium=social&utm_content=organic&utm_campaign=SRCN_1_VW01_AWA_CN_CNLO_Phy_QS,DOI
2976,,2279408463.0,,0,0,0,蓝V,https://link.springer.com/article/10.1186/s40854-019-0126-4?utm_source=weibo&utm_medium=social&utm_content=organic&utm_campaign=SRCN_2_NX01_CN_CNIJ_BEPL_Financial-Innovation_a,https://link.springer.com/article/10.1186/s40854-019-0126-4?utm_source=weibo&utm_medium=social&utm_content=organic&utm_campaign=SRCN_2_NX01_CN_CNIJ_BEPL_Financial-Innovation_a,True,high,DOI,10.1186/s40854-019-0126-4?utm_source=weibo&utm_medium=social&utm_content=organic&utm_campaign=SRCN_2_NX01_CN_CNIJ_BEPL_Financial-Innovation_a,DOI
2977,,2279408463.0,,0,0,0,蓝V,https://jfin-swufe.springeropen.com/articles/10.1186/s40854-020-00176-3?utm_source=weibo&utm_medium=social&utm_content=organic&utm_campaign=SRCN_2_NX01_CN_CNIJ_BEPL_Financial-Innovation_a,https://jfin-swufe.springeropen.com/articles/10.1186/s40854-020-00176-3?utm_source=weibo&utm_medium=social&utm_content=organic&utm_campaign=SRCN_2_NX01_CN_CNIJ_BEPL_Financial-Innovation_a,True,high,DOI,10.1186/s40854-020-00176-3?utm_source=weibo&utm_medium=social&utm_content=organic&utm_campaign=SRCN_2_NX01_CN_CNIJ_BEPL_Financial-Innovation_a,DOI
2978,,2279408463.0,,0,0,0,蓝V,https://link.springer.com/article/10.1007/s10853-020-04942-7?utm_source=weibo&utm_medium=social&utm_content=organic&utm_campaign=SRCN_1_VW01_AWA_CN_CNIJ_Materials_Sep,https://link.springer.com/article/10.1007/s10853-020-04942-7?utm_source=weibo&utm_medium=social&utm_content=organic&utm_campaign=SRCN_1_VW01_AWA_CN_CNIJ_Materials_Sep,True,high,DOI,10.1007/s10853-020-04942-7?utm_source=weibo&utm_medium=social&utm_content=organic&utm_campaign=SRCN_1_VW01_AWA_CN_CNIJ_Materials_Sep,DOI
2979,,5327744144.0,,0,0,0,蓝V,https://doi.org/10.1038/s41598-020-75481-z,https://doi.org/10.1038/s41598-020-75481-z,True,high,DOI,10.1038/s41598-020-75481-z,DOI
2980,,2279408463.0,,0,0,0,蓝V,https://link.springer.com/article/10.1007%2Fs41116-020-00025-6?utm_source=weibo&utm_medium=social&utm_content=organic&utm_campaign=SRCN_1_VW01_CN_CNLO_Highlights2020_Astronomy,https://link.springer.com/article/10.1007/s41116-020-00025-6?utm_source=weibo&utm_medium=social&utm_content=organic&utm_campaign=SRCN_1_VW01_CN_CNLO_Highlights2020_Astronomy,True,high,DOI,10.1007/s41116-020-00025-6?utm_source=weibo&utm_medium=social&utm_content=organic&utm_campaign=SRCN_1_VW01_CN_CNLO_Highlights2020_Astronomy,DOI
2981,,2279408463.0,,0,0,0,蓝V,https://link.springer.com/article/10.1007/s43069-021-00056-1?utm_source=weibo&utm_medium=social&utm_content=organic&utm_campaign=SRCN_1_VW01_CN_SNORF_Q1,https://link.springer.com/article/10.1007/s43069-021-00056-1?utm_source=weibo&utm_medium=social&utm_content=organic&utm_campaign=SRCN_1_VW01_CN_SNORF_Q1,True,high,DOI,10.1007/s43069-021-00056-1?utm_source=weibo&utm_medium=social&utm_content=organic&utm_campaign=SRCN_1_VW01_CN_SNORF_Q1,DOI
2982,,2092965653.0,,0,0,0,蓝V,https://doi.org/10.1177/0042098020986499,https://doi.org/10.1177/0042098020986499,True,high,DOI,10.1177/0042098020986499,DOI
2982,,2092965653.0,,0,0,0,蓝V,https://doi.org/10.1177/0042098020982252,https://doi.org/10.1177/0042098020982252,True,high,DOI,10.1177/0042098020982252,DOI
2983,,3710258141.0,,0,0,0,金V,https://doi.org/10.1101/2021.01.25.427948,https://doi.org/10.1101/2021.01.25.427948,True,high,DOI,10.1101/2021.01.25.427948,DOI
2984,,2279408463.0,,0,0,0,蓝V,https://link.springer.com/article/10.1007/s42452-021-04521-8?utm_source=weibo&utm_medium=social&utm_content=organic&utm_campaign=SRCN_1_VW01_CN_SNAS_Q2,https://link.springer.com/article/10.1007/s42452-021-04521-8?utm_source=weibo&utm_medium=social&utm_content=organic&utm_campaign=SRCN_1_VW01_CN_SNAS_Q2,True,high,DOI,10.1007/s42452-021-04521-8?utm_source=weibo&utm_medium=social&utm_content=organic&utm_campaign=SRCN_1_VW01_CN_SNAS_Q2,DOI
2985,,1729014640.0,,0,0,0,蓝V,https://doi.org/10.1002/adhm.202001896,https://doi.org/10.1002/adhm.202001896,True,high,DOI,10.1002/adhm.202001896,DOI
2986,,3275213384.0,,0,0,0,蓝V,https://www.cell.com/trends/genetics/fulltext/S0168-9525(21)00142-6#relatedArticles?utm_medium=weibo,https://www.cell.com/trends/genetics/fulltext/S0168-9525(21)00142-6#relatedArticles?utm_medium=weibo,True,high,CELL PRESS,,CELL PRESS
2987,,1421177604.0,,0,0,0,蓝V,http://qikan.cqvip.com/Qikan/Article/Detail?id=7105326796,http://qikan.cqvip.com/Qikan/Article/Detail?id=7105326796,True,low,弱学术关键词,,article
2988,,2427364747.0,,0,0,0,蓝V,https://doi.org/10.1007/s00265-021-03062-9,https://doi.org/10.1007/s00265-021-03062-9,True,high,DOI,10.1007/s00265-021-03062-9,DOI
2989,,1729014640.0,,0,0,0,蓝V,https://doi.org/10.1007/s00265-021-03062-9,https://doi.org/10.1007/s00265-021-03062-9,True,high,DOI,10.1007/s00265-021-03062-9,DOI
2990,,2092965653.0,,0,0,0,蓝V,https://doi.org/10.1177/00420980211019613,https://doi.org/10.1177/00420980211019613,True,high,DOI,10.1177/00420980211019613,DOI
2990,,2092965653.0,,0,0,0,蓝V,https://doi.org/10.1177/00420980211032654,https://doi.org/10.1177/00420980211032654,True,high,DOI,10.1177/00420980211032654,DOI
2991,,2427364747.0,,0,0,0,蓝V,https://doi.org/10.1002/ehf2.13589,https://doi.org/10.1002/ehf2.13589,True,high,DOI,10.1002/ehf2.13589,DOI
2992,,6291102911.0,,0,0,0,普通用户,https://iopscience.iop.org/article/10.1149/1945-7111/ac1cc3,https://iopscience.iop.org/article/10.1149/1945-7111/ac1cc3,True,high,DOI,10.1149/1945-7111/ac1cc3,DOI
2993,,2092965653.0,,0,0,0,蓝V,https://doi.org/10.1177/0042098020982252,https://doi.org/10.1177/0042098020982252,True,high,DOI,10.1177/0042098020982252,DOI
2993,,2092965653.0,,0,0,0,蓝V,https://doi.org/10.1177/00420980211052230,https://doi.org/10.1177/00420980211052230,True,high,DOI,10.1177/00420980211052230,DOI
2994,,2683703741.0,,0,0,0,蓝V,https://www.sciencedirect.com/science/article/pii/S016882782102184X?via%3Dihub,https://www.sciencedirect.com/science/article/pii/S016882782102184X?via=ihub,True,high,SPRINGER,,SPRINGER
2995,,2427364747.0,,0,0,0,蓝V,https://doi.org/10.3847/1538-4357/ac2e94,https://doi.org/10.3847/1538-4357/ac2e94,True,high,DOI,10.3847/1538-4357/ac2e94,DOI
2996,,1729014640.0,,0,0,0,蓝V,https://doi.org/10.3847/1538-4357/ac2e94,https://doi.org/10.3847/1538-4357/ac2e94,True,high,DOI,10.3847/1538-4357/ac2e94,DOI
2997,,1729014640.0,,0,0,0,蓝V,https://doi.org/10.1016/j.nantod.2022.101445,https://doi.org/10.1016/j.nantod.2022.101445,True,high,DOI,10.1016/j.nantod.2022.101445,DOI
2998,,2279408463.0,,0,0,0,蓝V,https://link.springer.com/article/10.1007/s11768-020-0048-8?utm_source=weibo_organic&utm_medium=social&utm_campaign=APSR_JRNLS_AWA1_CN_CNPL_RNEWS_P-LW01,https://link.springer.com/article/10.1007/s11768-020-0048-8?utm_source=weibo_organic&utm_medium=social&utm_campaign=APSR_JRNLS_AWA1_CN_CNPL_RNEWS_P-LW01,True,high,DOI,10.1007/s11768-020-0048-8?utm_source=weibo_organic&utm_medium=social&utm_campaign=APSR_JRNLS_AWA1_CN_CNPL_RNEWS_P-LW01,DOI
2998,,2279408463.0,,0,0,0,蓝V,https://link.springer.com/article/10.1007/s11768-020-9195-1?utm_source=weibo_organic&utm_medium=social&utm_campaign=APSR_JRNLS_AWA1_CN_CNPL_RNEWS_P-LW01,https://link.springer.com/article/10.1007/s11768-020-9195-1?utm_source=weibo_organic&utm_medium=social&utm_campaign=APSR_JRNLS_AWA1_CN_CNPL_RNEWS_P-LW01,True,high,DOI,10.1007/s11768-020-9195-1?utm_source=weibo_organic&utm_medium=social&utm_campaign=APSR_JRNLS_AWA1_CN_CNPL_RNEWS_P-LW01,DOI
2998,,2279408463.0,,0,0,0,蓝V,https://link.springer.com/article/10.1007/s11768-021-00059-7?utm_source=weibo_organic&utm_medium=social&utm_campaign=APSR_JRNLS_AWA1_CN_CNPL_RNEWS_P-LW01,https://link.springer.com/article/10.1007/s11768-021-00059-7?utm_source=weibo_organic&utm_medium=social&utm_campaign=APSR_JRNLS_AWA1_CN_CNPL_RNEWS_P-LW01,True,high,DOI,10.1007/s11768-021-00059-7?utm_source=weibo_organic&utm_medium=social&utm_campaign=APSR_JRNLS_AWA1_CN_CNPL_RNEWS_P-LW01,DOI
2998,,2279408463.0,,0,0,0,蓝V,https://link.springer.com/article/10.1007/s11768-021-00070-y?utm_source=weibo_organic&utm_medium=social&utm_campaign=APSR_JRNLS_AWA1_CN_CNPL_RNEWS_P-LW01,https://link.springer.com/article/10.1007/s11768-021-00070-y?utm_source=weibo_organic&utm_medium=social&utm_campaign=APSR_JRNLS_AWA1_CN_CNPL_RNEWS_P-LW01,True,high,DOI,10.1007/s11768-021-00070-y?utm_source=weibo_organic&utm_medium=social&utm_campaign=APSR_JRNLS_AWA1_CN_CNPL_RNEWS_P-LW01,DOI
2998,,2279408463.0,,0,0,0,蓝V,https://link.springer.com/article/10.1007/s11768-021-00032-4?utm_source=weibo_organic&utm_medium=social&utm_campaign=APSR_JRNLS_AWA1_CN_CNPL_RNEWS_P-LW01,https://link.springer.com/article/10.1007/s11768-021-00032-4?utm_source=weibo_organic&utm_medium=social&utm_campaign=APSR_JRNLS_AWA1_CN_CNPL_RNEWS_P-LW01,True,high,DOI,10.1007/s11768-021-00032-4?utm_source=weibo_organic&utm_medium=social&utm_campaign=APSR_JRNLS_AWA1_CN_CNPL_RNEWS_P-LW01,DOI
2999,,5322650555.0,,0,0,0,蓝V,https://med.wanfangdata.com.cn/Paper/Detail?id=PeriodicalPaper_xyx202203001,https://med.wanfangdata.com.cn/Paper/Detail?id=PeriodicalPaper_xyx202203001,True,high,万方,,万方
2999,,5322650555.0,,0,0,0,蓝V,https://med.wanfangdata.com.cn/Paper/Detail?id=PeriodicalPaper_xyx202203002,https://med.wanfangdata.com.cn/Paper/Detail?id=PeriodicalPaper_xyx202203002,True,high,万方,,万方
2999,,5322650555.0,,0,0,0,蓝V,https://med.wanfangdata.com.cn/Paper/Detail?id=PeriodicalPaper_xyx202203003,https://med.wanfangdata.com.cn/Paper/Detail?id=PeriodicalPaper_xyx202203003,True,high,万方,,万方
2999,,5322650555.0,,0,0,0,蓝V,https://med.wanfangdata.com.cn/Paper/Detail?id=PeriodicalPaper_xyx202203004,https://med.wanfangdata.com.cn/Paper/Detail?id=PeriodicalPaper_xyx202203004,True,high,万方,,万方
2999,,5322650555.0,,0,0,0,蓝V,https://med.wanfangdata.com.cn/Paper/Detail?id=PeriodicalPaper_xyx202203005,https://med.wanfangdata.com.cn/Paper/Detail?id=PeriodicalPaper_xyx202203005,True,high,万方,,万方
2999,,5322650555.0,,0,0,0,蓝V,https://med.wanfangdata.com.cn/Paper/Detail?id=PeriodicalPaper_xyx202203006,https://med.wanfangdata.com.cn/Paper/Detail?id=PeriodicalPaper_xyx202203006,True,high,万方,,万方
2999,,5322650555.0,,0,0,0,蓝V,https://med.wanfangdata.com.cn/Paper/Detail?id=PeriodicalPaper_xyx202203007,https://med.wanfangdata.com.cn/Paper/Detail?id=PeriodicalPaper_xyx202203007,True,high,万方,,万方
2999,,5322650555.0,,0,0,0,蓝V,https://med.wanfangdata.com.cn/Paper/Detail?id=PeriodicalPaper_xyx202203008,https://med.wanfangdata.com.cn/Paper/Detail?id=PeriodicalPaper_xyx202203008,True,high,万方,,万方
2999,,5322650555.0,,0,0,0,蓝V,https://med.wanfangdata.com.cn/Paper/Detail?id=PeriodicalPaper_xyx202203009,https://med.wanfangdata.com.cn/Paper/Detail?id=PeriodicalPaper_xyx202203009,True,high,万方,,万方
2999,,5322650555.0,,0,0,0,蓝V,https://med.wanfangdata.com.cn/Paper/Detail?id=PeriodicalPaper_xyx202203010,https://med.wanfangdata.com.cn/Paper/Detail?id=PeriodicalPaper_xyx202203010,True,high,万方,,万方
2999,,5322650555.0,,0,0,0,蓝V,https://med.wanfangdata.com.cn/Paper/Detail?id=PeriodicalPaper_xyx202203011,https://med.wanfangdata.com.cn/Paper/Detail?id=PeriodicalPaper_xyx202203011,True,high,万方,,万方
2999,,5322650555.0,,0,0,0,蓝V,https://med.wanfangdata.com.cn/Paper/Detail?id=PeriodicalPaper_xyx202203012,https://med.wanfangdata.com.cn/Paper/Detail?id=PeriodicalPaper_xyx202203012,True,high,万方,,万方
2999,,5322650555.0,,0,0,0,蓝V,https://med.wanfangdata.com.cn/Paper/Detail?id=PeriodicalPaper_xyx202203013,https://med.wanfangdata.com.cn/Paper/Detail?id=PeriodicalPaper_xyx202203013,True,high,万方,,万方
2999,,5322650555.0,,0,0,0,蓝V,https://med.wanfangdata.com.cn/Paper/Detail?id=PeriodicalPaper_xyx202203014,https://med.wanfangdata.com.cn/Paper/Detail?id=PeriodicalPaper_xyx202203014,True,high,万方,,万方
2999,,5322650555.0,,0,0,0,蓝V,https://med.wanfangdata.com.cn/Paper/Detail?id=PeriodicalPaper_xyx202203015,https://med.wanfangdata.com.cn/Paper/Detail?id=PeriodicalPaper_xyx202203015,True,high,万方,,万方
3000,,3275213384.0,,0,0,0,蓝V,https://www.cell.com/cell/fulltext/S0092-8674(22)00455-X?utm_medium=weibo,https://www.cell.com/cell/fulltext/S0092-8674(22)00455-X?utm_medium=weibo,True,high,CELL PRESS,,CELL PRESS
3001,,1877686643.0,,0,0,0,蓝V,https://onlinelibrary.wiley.com/doi/abs/10.1111/cwe.12416,https://onlinelibrary.wiley.com/doi/abs/10.1111/cwe.12416,True,high,DOI,10.1111/cwe.12416,DOI
3002,,5322650555.0,,0,0,0,蓝V,https://med.wanfangdata.com.cn/Paper/Detail?id=PeriodicalPaper_xyx202205001,https://med.wanfangdata.com.cn/Paper/Detail?id=PeriodicalPaper_xyx202205001,True,high,万方,,万方
3002,,5322650555.0,,0,0,0,蓝V,https://med.wanfangdata.com.cn/Paper/Detail?id=PeriodicalPaper_xyx202205002,https://med.wanfangdata.com.cn/Paper/Detail?id=PeriodicalPaper_xyx202205002,True,high,万方,,万方
3002,,5322650555.0,,0,0,0,蓝V,https://med.wanfangdata.com.cn/Paper/Detail?id=PeriodicalPaper_xyx202205003,https://med.wanfangdata.com.cn/Paper/Detail?id=PeriodicalPaper_xyx202205003,True,high,万方,,万方
3002,,5322650555.0,,0,0,0,蓝V,https://med.wanfangdata.com.cn/Paper/Detail?id=PeriodicalPaper_xyx202205004,https://med.wanfangdata.com.cn/Paper/Detail?id=PeriodicalPaper_xyx202205004,True,high,万方,,万方
3002,,5322650555.0,,0,0,0,蓝V,https://med.wanfangdata.com.cn/Paper/Detail?id=PeriodicalPaper_xyx202205005,https://med.wanfangdata.com.cn/Paper/Detail?id=PeriodicalPaper_xyx202205005,True,high,万方,,万方
3002,,5322650555.0,,0,0,0,蓝V,https://med.wanfangdata.com.cn/Paper/Detail?id=PeriodicalPaper_xyx202205006,https://med.wanfangdata.com.cn/Paper/Detail?id=PeriodicalPaper_xyx202205006,True,high,万方,,万方
3002,,5322650555.0,,0,0,0,蓝V,https://med.wanfangdata.com.cn/Paper/Detail?id=PeriodicalPaper_xyx202205007,https://med.wanfangdata.com.cn/Paper/Detail?id=PeriodicalPaper_xyx202205007,True,high,万方,,万方
3002,,5322650555.0,,0,0,0,蓝V,https://med.wanfangdata.com.cn/Paper/Detail?id=PeriodicalPaper_xyx202205008,https://med.wanfangdata.com.cn/Paper/Detail?id=PeriodicalPaper_xyx202205008,True,high,万方,,万方
3002,,5322650555.0,,0,0,0,蓝V,https://med.wanfangdata.com.cn/Paper/Detail?id=PeriodicalPaper_xyx202205009,https://med.wanfangdata.com.cn/Paper/Detail?id=PeriodicalPaper_xyx202205009,True,high,万方,,万方
3002,,5322650555.0,,0,0,0,蓝V,https://med.wanfangdata.com.cn/Paper/Detail?id=PeriodicalPaper_xyx202205010,https://med.wanfangdata.com.cn/Paper/Detail?id=PeriodicalPaper_xyx202205010,True,high,万方,,万方
3002,,5322650555.0,,0,0,0,蓝V,https://med.wanfangdata.com.cn/Paper/Detail?id=PeriodicalPaper_xyx202205011,https://med.wanfangdata.com.cn/Paper/Detail?id=PeriodicalPaper_xyx202205011,True,high,万方,,万方
3002,,5322650555.0,,0,0,0,蓝V,https://med.wanfangdata.com.cn/Paper/Detail?id=PeriodicalPaper_xyx202205012,https://med.wanfangdata.com.cn/Paper/Detail?id=PeriodicalPaper_xyx202205012,True,high,万方,,万方
3002,,5322650555.0,,0,0,0,蓝V,https://med.wanfangdata.com.cn/Paper/Detail?id=PeriodicalPaper_xyx202205013,https://med.wanfangdata.com.cn/Paper/Detail?id=PeriodicalPaper_xyx202205013,True,high,万方,,万方
3002,,5322650555.0,,0,0,0,蓝V,https://med.wanfangdata.com.cn/Paper/Detail?id=PeriodicalPaper_xyx202205014,https://med.wanfangdata.com.cn/Paper/Detail?id=PeriodicalPaper_xyx202205014,True,high,万方,,万方
3002,,5322650555.0,,0,0,0,蓝V,https://med.wanfangdata.com.cn/Paper/Detail?id=PeriodicalPaper_xyx202205015,https://med.wanfangdata.com.cn/Paper/Detail?id=PeriodicalPaper_xyx202205015,True,high,万方,,万方
3002,,5322650555.0,,0,0,0,蓝V,https://med.wanfangdata.com.cn/Paper/Detail?id=PeriodicalPaper_xyx202205016,https://med.wanfangdata.com.cn/Paper/Detail?id=PeriodicalPaper_xyx202205016,True,high,万方,,万方
3003,,2427364747.0,,0,0,0,蓝V,https://doi.org/10.1021/acs.est.1c08238,https://doi.org/10.1021/acs.est.1c08238,True,high,DOI,10.1021/acs.est.1c08238,DOI
3004,,1729014640.0,,0,0,0,蓝V,https://doi.org/10.1021/acs.est.1c08238,https://doi.org/10.1021/acs.est.1c08238,True,high,DOI,10.1021/acs.est.1c08238,DOI
3005,,7367946162.0,,0,0,0,蓝V,https://doi.org/10.1111/ejss.13247,https://doi.org/10.1111/ejss.13247,True,high,DOI,10.1111/ejss.13247,DOI
3006,,5329434101.0,,0,0,0,蓝V,https://www.nature.com/articles/s41586-022-04932-6?utm_medium=social&utm_source=weibo&utm_content=organic&utm_term=null&utm_campaign=CONR_PF018_ENGM_CN_CNCM_Nacov_FTA,https://www.nature.com/articles/s41586-022-04932-6?utm_medium=social&utm_source=weibo&utm_content=organic&utm_term=null&utm_campaign=CONR_PF018_ENGM_CN_CNCM_Nacov_FTA,True,high,Nature,,Nature
3007,,2794083144.0,,0,0,0,蓝V,https://gut.bmj.com/content/early/2022/08/11/gutjnl-2022-327156,https://gut.bmj.com/content/early/2022/08/11/gutjnl-2022-327156,True,high,BMJ,,BMJ
3008,,2092965653.0,,0,0,0,蓝V,https://doi.org/10.1080/13574809.2022.2050892,https://doi.org/10.1080/13574809.2022.2050892,True,high,DOI,10.1080/13574809.2022.2050892,DOI
3009,,2092965653.0,,0,0,0,蓝V,https://www.sciencedirect.com/science/article/pii/S0169204622001499?via%3Dihub,https://www.sciencedirect.com/science/article/pii/S0169204622001499?via=ihub,True,high,SPRINGER,,SPRINGER
3010,,5616718734.0,,0,0,0,普通用户,https://ieeexplore.ieee.org/document/9888782,https://ieeexplore.ieee.org/document/9888782,True,high,IEEE Xplore,,IEEE Xplore
3011,,1877686643.0,,0,0,0,蓝V,https://onlinelibrary.wiley.com/doi/epdf/10.1111/cwe.12429,https://onlinelibrary.wiley.com/doi/epdf/10.1111/cwe.12429,True,high,DOI,10.1111/cwe.12429,DOI
3012,,1729014640.0,,0,0,0,蓝V,https://doi.org/10.1016/j.xcrp.2022.101083,https://doi.org/10.1016/j.xcrp.2022.101083,True,high,DOI,10.1016/j.xcrp.2022.101083,DOI
3013,,2427364747.0,,0,0,0,蓝V,https://doi.org/10.1016/j.xcrp.2022.101083,https://doi.org/10.1016/j.xcrp.2022.101083,True,high,DOI,10.1016/j.xcrp.2022.101083,DOI
3014,,6536754860.0,,0,0,0,蓝V,https://www.nature.com/articles/s41380-022-01759-5,https://www.nature.com/articles/s41380-022-01759-5,True,high,Nature,,Nature
3015,,1729014640.0,,0,0,0,蓝V,https://pubs.acs.org/doi/10.1021/acs.jpcc.2c03051,https://pubs.acs.org/doi/10.1021/acs.jpcc.2c03051,True,high,DOI,10.1021/acs.jpcc.2c03051,DOI
3016,,5322650555.0,,0,0,0,蓝V,https://med.wanfangdata.com.cn/Paper/Detail?id=PeriodicalPaper_xyx202209001,https://med.wanfangdata.com.cn/Paper/Detail?id=PeriodicalPaper_xyx202209001,True,high,万方,,万方
3016,,5322650555.0,,0,0,0,蓝V,https://med.wanfangdata.com.cn/Paper/Detail?id=PeriodicalPaper_xyx202209002,https://med.wanfangdata.com.cn/Paper/Detail?id=PeriodicalPaper_xyx202209002,True,high,万方,,万方
3016,,5322650555.0,,0,0,0,蓝V,https://med.wanfangdata.com.cn/Paper/Detail?id=PeriodicalPaper_xyx202209003,https://med.wanfangdata.com.cn/Paper/Detail?id=PeriodicalPaper_xyx202209003,True,high,万方,,万方
3016,,5322650555.0,,0,0,0,蓝V,https://med.wanfangdata.com.cn/Paper/Detail?id=PeriodicalPaper_xyx202209004,https://med.wanfangdata.com.cn/Paper/Detail?id=PeriodicalPaper_xyx202209004,True,high,万方,,万方
3016,,5322650555.0,,0,0,0,蓝V,https://med.wanfangdata.com.cn/Paper/Detail?id=PeriodicalPaper_xyx202209005,https://med.wanfangdata.com.cn/Paper/Detail?id=PeriodicalPaper_xyx202209005,True,high,万方,,万方
3016,,5322650555.0,,0,0,0,蓝V,https://med.wanfangdata.com.cn/Paper/Detail?id=PeriodicalPaper_xyx202209006,https://med.wanfangdata.com.cn/Paper/Detail?id=PeriodicalPaper_xyx202209006,True,high,万方,,万方
3016,,5322650555.0,,0,0,0,蓝V,https://med.wanfangdata.com.cn/Paper/Detail?id=PeriodicalPaper_xyx202209007,https://med.wanfangdata.com.cn/Paper/Detail?id=PeriodicalPaper_xyx202209007,True,high,万方,,万方
3016,,5322650555.0,,0,0,0,蓝V,https://med.wanfangdata.com.cn/Paper/Detail?id=PeriodicalPaper_xyx202209008,https://med.wanfangdata.com.cn/Paper/Detail?id=PeriodicalPaper_xyx202209008,True,high,万方,,万方
3016,,5322650555.0,,0,0,0,蓝V,https://med.wanfangdata.com.cn/Paper/Detail?id=PeriodicalPaper_xyx202209009,https://med.wanfangdata.com.cn/Paper/Detail?id=PeriodicalPaper_xyx202209009,True,high,万方,,万方
3016,,5322650555.0,,0,0,0,蓝V,https://med.wanfangdata.com.cn/Paper/Detail?id=PeriodicalPaper_xyx202209010,https://med.wanfangdata.com.cn/Paper/Detail?id=PeriodicalPaper_xyx202209010,True,high,万方,,万方
3016,,5322650555.0,,0,0,0,蓝V,https://med.wanfangdata.com.cn/Paper/Detail?id=PeriodicalPaper_xyx202209011,https://med.wanfangdata.com.cn/Paper/Detail?id=PeriodicalPaper_xyx202209011,True,high,万方,,万方
3016,,5322650555.0,,0,0,0,蓝V,https://med.wanfangdata.com.cn/Paper/Detail?id=PeriodicalPaper_xyx202209012,https://med.wanfangdata.com.cn/Paper/Detail?id=PeriodicalPaper_xyx202209012,True,high,万方,,万方
3016,,5322650555.0,,0,0,0,蓝V,https://med.wanfangdata.com.cn/Paper/Detail?id=PeriodicalPaper_xyx202209013,https://med.wanfangdata.com.cn/Paper/Detail?id=PeriodicalPaper_xyx202209013,True,high,万方,,万方
3016,,5322650555.0,,0,0,0,蓝V,https://med.wanfangdata.com.cn/Paper/Detail?id=PeriodicalPaper_xyx202209014,https://med.wanfangdata.com.cn/Paper/Detail?id=PeriodicalPaper_xyx202209014,True,high,万方,,万方
3016,,5322650555.0,,0,0,0,蓝V,https://med.wanfangdata.com.cn/Paper/Detail?id=PeriodicalPaper_xyx202209015,https://med.wanfangdata.com.cn/Paper/Detail?id=PeriodicalPaper_xyx202209015,True,high,万方,,万方
3016,,5322650555.0,,0,0,0,蓝V,https://med.wanfangdata.com.cn/Paper/Detail?id=PeriodicalPaper_xyx202209016,https://med.wanfangdata.com.cn/Paper/Detail?id=PeriodicalPaper_xyx202209016,True,high,万方,,万方
3016,,5322650555.0,,0,0,0,蓝V,https://med.wanfangdata.com.cn/Paper/Detail?id=PeriodicalPaper_xyx202209017,https://med.wanfangdata.com.cn/Paper/Detail?id=PeriodicalPaper_xyx202209017,True,high,万方,,万方
3017,,2092965653.0,,0,0,0,蓝V,https://doi.org/10.1177/00420980221138311,https://doi.org/10.1177/00420980221138311,True,high,DOI,10.1177/00420980221138311,DOI
3017,,2092965653.0,,0,0,0,蓝V,https://doi.org/10.1177/00420980211067926,https://doi.org/10.1177/00420980211067926,True,high,DOI,10.1177/00420980211067926,DOI
3018,,2427364747.0,,0,0,0,蓝V,https://doi.org/10.1016/j.cub.2023.02.007,https://doi.org/10.1016/j.cub.2023.02.007,True,high,DOI,10.1016/j.cub.2023.02.007,DOI
3019,,1729014640.0,,0,0,0,蓝V,https://doi.org/10.1016/j.cub.2023.02.007,https://doi.org/10.1016/j.cub.2023.02.007,True,high,DOI,10.1016/j.cub.2023.02.007,DOI
3020,,2427364747.0,,0,0,0,蓝V,https://doi.org/10.1038/s41550-022-01868-9,https://doi.org/10.1038/s41550-022-01868-9,True,high,DOI,10.1038/s41550-022-01868-9,DOI
3021,,7500828683.0,,0,0,0,蓝V,https://link.springer.com/article/10.1007/s41775-022-00150-z,https://link.springer.com/article/10.1007/s41775-022-00150-z,True,high,DOI,10.1007/s41775-022-00150-z,DOI
3022,,2092965653.0,,0,0,0,蓝V,https://www.sciencedirect.com/science/article/pii/S0169204621001584?via%3Dihub,https://www.sciencedirect.com/science/article/pii/S0169204621001584?via=ihub,True,high,SPRINGER,,SPRINGER
3023,,1729014640.0,,0,0,0,蓝V,https://doi.org/10.1103/PhysRevApplied.19.044053,https://doi.org/10.1103/PhysRevApplied.19.044053,True,high,DOI,10.1103/PhysRevApplied.19.044053,DOI
3024,,3710258141.0,,0,0,0,金V,https://www.nature.com/articles/s41586-023-06028-1,https://www.nature.com/articles/s41586-023-06028-1,True,high,Nature,,Nature
3025,,3809042896.0,,0,0,0,蓝V,https://www.cell.com/cancer-cell/fulltext/S1535-6108(23)00448-8,https://www.cell.com/cancer-cell/fulltext/S1535-6108(23)00448-8,True,high,CELL PRESS,,CELL PRESS
3026,,1877686643.0,,0,0,0,蓝V,https://onlinelibrary.wiley.com/doi/full/10.1002/qub2.21,https://onlinelibrary.wiley.com/doi/full/10.1002/qub2.21,True,high,DOI,10.1002/qub2.21,DOI
3027,,2092965653.0,,0,0,0,蓝V,https://doi.org/10.1177/00420980231200991,https://doi.org/10.1177/00420980231200991,True,high,DOI,10.1177/00420980231200991,DOI
3028,,2092965653.0,,0,0,0,蓝V,https://doi.org/10.1177/00420980231159500,https://doi.org/10.1177/00420980231159500,True,high,DOI,10.1177/00420980231159500,DOI
3028,,2092965653.0,,0,0,0,蓝V,https://doi.org/10.1177/00420980231156352,https://doi.org/10.1177/00420980231156352,True,high,DOI,10.1177/00420980231156352,DOI
3029,,3275213384.0,,0,0,0,蓝V,https://www.cell.com/cancer-cell/fulltext/S1535-6108(24)00037-0?utm_medium=weibo,https://www.cell.com/cancer-cell/fulltext/S1535-6108(24)00037-0?utm_medium=weibo,True,high,CELL PRESS,,CELL PRESS
3030,,7768463285.0,,0,0,0,蓝V,https://journals.plos.org/plosmedicine/article?id=10.1371/journal.pmed.1004369,https://journals.plos.org/plosmedicine/article?id=10.1371/journal.pmed.1004369,True,high,DOI,10.1371/journal.pmed.1004369,DOI
3030,,7768463285.0,,0,0,0,蓝V,https://www.sciencedirect.com/science/article/pii/S0168822724001025?via,https://www.sciencedirect.com/science/article/pii/S0168822724001025?via,True,high,SPRINGER,,SPRINGER
3031,,3275213384.0,,0,0,0,蓝V,https://www.cell.com/matter/abstract/S2590-2385(24)00148-6?utm_medium=weibo,https://www.cell.com/matter/abstract/S2590-2385(24)00148-6?utm_medium=weibo,True,high,CELL PRESS,,CELL PRESS
3032,,3275213384.0,,0,0,0,蓝V,https://www.cell.com/matter/abstract/S2590-2385(24)00170-X?utm_medium=weibo,https://www.cell.com/matter/abstract/S2590-2385(24)00170-X?utm_medium=weibo,True,high,CELL PRESS,,CELL PRESS
3033,,5993423827.0,,0,0,0,红V,http://www.sciencedirect.com/science/article/pii/S1090513806000602,http://www.sciencedirect.com/science/article/pii/S1090513806000602,True,high,Elsevier,,Elsevier
3033,,5993423827.0,,0,0,0,红V,http://www.tandfonline.com/doi/abs/10.1080/00224549709595427,http://www.tandfonline.com/doi/abs/10.1080/00224549709595427,True,high,DOI,10.1080/00224549709595427,DOI
3034,,2092965653.0,,0,0,0,蓝V,https://doi.org/10.1177/00420980231215708,https://doi.org/10.1177/00420980231215708,True,high,DOI,10.1177/00420980231215708,DOI
3034,,2092965653.0,,0,0,0,蓝V,https://doi.org/10.1177/00420980231223060,https://doi.org/10.1177/00420980231223060,True,high,DOI,10.1177/00420980231223060,DOI
3035,,5329434101.0,,0,0,0,蓝V,https://www.nature.com/articles/s41586-024-07566-y?utm_medium=organic_social&utm_source=weibo&utm_campaign=CONR_NAJRN_ATT1_AP_CNCM_002E7_natcover,https://www.nature.com/articles/s41586-024-07566-y?utm_medium=organic_social&utm_source=weibo&utm_campaign=CONR_NAJRN_ATT1_AP_CNCM_002E7_natcover,True,high,Nature,,Nature
3036,,7768463285.0,,0,0,0,蓝V,https://www.nature.com/articles/s41564-024-01739-1,https://www.nature.com/articles/s41564-024-01739-1,True,high,Nature,,Nature
3037,,1983115787.0,,0,0,0,普通用户,https://dl.acm.org/doi/10.1145/3676281,https://dl.acm.org/doi/10.1145/3676281,True,high,DOI,10.1145/3676281,DOI
3038,,2092965653.0,,0,0,0,蓝V,https://doi.org/10.1177/00420980231172313,https://doi.org/10.1177/00420980231172313,True,high,DOI,10.1177/00420980231172313,DOI
3038,,2092965653.0,,0,0,0,蓝V,https://doi.org/10.1177/00420980241228467,https://doi.org/10.1177/00420980241228467,True,high,DOI,10.1177/00420980241228467,DOI
3039,,1293355404.0,,0,0,0,黄V,https://www.sciencedirect.com/science/article/pii/S0092656624000588?via%3Dihub,https://www.sciencedirect.com/science/article/pii/S0092656624000588?via=ihub,True,high,SPRINGER,,SPRINGER
3040,,2092965653.0,,0,0,0,蓝V,https://doi.org/10.1177/00420980231187884,https://doi.org/10.1177/00420980231187884,True,high,DOI,10.1177/00420980231187884,DOI
3040,,2092965653.0,,0,0,0,蓝V,https://doi.org/10.1177/00420980231205793,https://doi.org/10.1177/00420980231205793,True,high,DOI,10.1177/00420980231205793,DOI
3041,,6655475536.0,,0,0,0,蓝V,https://www.thelancet.com/journals/lancet/article/PIIS0140-6736(24)02615-1/fulltext,https://www.thelancet.com/journals/lancet/article/PIIS0140-6736(24)02615-1/fulltext,True,high,LANCET,,LANCET
3042,,1699526244.0,,0,0,0,普通用户,https://www.science.org/doi/10.1126/scitranslmed.adp3611,https://www.science.org/doi/10.1126/scitranslmed.adp3611,True,high,DOI,10.1126/scitranslmed.adp3611,DOI
3043,,1401464784.0,,0,0,0,普通用户,https://doi.org/10.1007/s10040-018-1788-0,https://doi.org/10.1007/s10040-018-1788-0,True,high,DOI,10.1007/s10040-018-1788-0,DOI
3044,,1401464784.0,,0,0,0,普通用户,https://doi.org/10.1007/s10040-018-1785-3,https://doi.org/10.1007/s10040-018-1785-3,True,high,DOI,10.1007/s10040-018-1785-3,DOI
3045,,1401464784.0,,0,0,0,普通用户,https://doi.org/10.1007/s10040-018-1789-z,https://doi.org/10.1007/s10040-018-1789-z,True,high,DOI,10.1007/s10040-018-1789-z,DOI
3046,,1401464784.0,,0,0,0,普通用户,https://doi.org/10.1007/s10040-018-1733-2,https://doi.org/10.1007/s10040-018-1733-2,True,high,DOI,10.1007/s10040-018-1733-2,DOI
3047,,1401464784.0,,0,0,0,普通用户,https://doi.org/10.1007/s10040-017-1627-8,https://doi.org/10.1007/s10040-017-1627-8,True,high,DOI,10.1007/s10040-017-1627-8,DOI
3048,,1401464784.0,,0,0,0,普通用户,https://doi.org/10.1007/s10040-017-1631-z,https://doi.org/10.1007/s10040-017-1631-z,True,high,DOI,10.1007/s10040-017-1631-z,DOI
3049,,1401464784.0,,0,0,0,普通用户,https://doi.org/10.1007/s10040-017-1642-9,https://doi.org/10.1007/s10040-017-1642-9,True,high,DOI,10.1007/s10040-017-1642-9,DOI
3050,,1401464784.0,,0,0,0,普通用户,https://doi.org/10.1007/s10040-018-1788-0,https://doi.org/10.1007/s10040-018-1788-0,True,high,DOI,10.1007/s10040-018-1788-0,DOI
3051,,1401464784.0,,0,0,0,普通用户,https://doi.org/10.1007/s10040-017-1633-x,https://doi.org/10.1007/s10040-017-1633-x,True,high,DOI,10.1007/s10040-017-1633-x,DOI
3052,,1401464784.0,,0,0,0,普通用户,https://doi.org/10.1007/s10040-018-1777-3,https://doi.org/10.1007/s10040-018-1777-3,True,high,DOI,10.1007/s10040-018-1777-3,DOI
3053,,1401464784.0,,0,0,0,普通用户,https://doi.org/10.1007/s10040-018-1733-2,https://doi.org/10.1007/s10040-018-1733-2,True,high,DOI,10.1007/s10040-018-1733-2,DOI
3054,,1401464784.0,,0,0,0,普通用户,https://doi.org/10.1007/s10040-017-1633-x,https://doi.org/10.1007/s10040-017-1633-x,True,high,DOI,10.1007/s10040-017-1633-x,DOI
3055,,1401464784.0,,0,0,0,普通用户,https://doi.org/10.1007/s10040-017-1633-x,https://doi.org/10.1007/s10040-017-1633-x,True,high,DOI,10.1007/s10040-017-1633-x,DOI
3056,,1401464784.0,,0,0,0,普通用户,https://doi.org/10.1007/s10040-017-1555-7,https://doi.org/10.1007/s10040-017-1555-7,True,high,DOI,10.1007/s10040-017-1555-7,DOI
3057,,1401464784.0,,0,0,0,普通用户,https://doi.org/10.1007/s10040-018-1767-5,https://doi.org/10.1007/s10040-018-1767-5,True,high,DOI,10.1007/s10040-018-1767-5,DOI
3058,,1401464784.0,,0,0,0,普通用户,https://doi.org/10.1007/s10040-017-1638-5,https://doi.org/10.1007/s10040-017-1638-5,True,high,DOI,10.1007/s10040-017-1638-5,DOI
3059,,1401464784.0,,0,0,0,普通用户,https://doi.org/10.1007/s10040-018-1880-5,https://doi.org/10.1007/s10040-018-1880-5,True,high,DOI,10.1007/s10040-018-1880-5,DOI
3060,,1401464784.0,,0,0,0,普通用户,https://doi.org/10.1007/s10040-018-1867-2,https://doi.org/10.1007/s10040-018-1867-2,True,high,DOI,10.1007/s10040-018-1867-2,DOI
3061,,1401464784.0,,0,0,0,普通用户,https://doi.org/10.1007/s10040-018-1758-6,https://doi.org/10.1007/s10040-018-1758-6,True,high,DOI,10.1007/s10040-018-1758-6,DOI
3062,,1401464784.0,,0,0,0,普通用户,https://doi.org/10.1007/s10040-018-1871-6,https://doi.org/10.1007/s10040-018-1871-6,True,high,DOI,10.1007/s10040-018-1871-6,DOI
3063,,1401464784.0,,0,0,0,普通用户,https://doi.org/10.1007/s10040-018-1871-6,https://doi.org/10.1007/s10040-018-1871-6,True,high,DOI,10.1007/s10040-018-1871-6,DOI
3064,,1401464784.0,,0,0,0,普通用户,https://doi.org/10.1007/s10040-018-1867-2,https://doi.org/10.1007/s10040-018-1867-2,True,high,DOI,10.1007/s10040-018-1867-2,DOI
3065,,1401464784.0,,0,0,0,普通用户,https://doi.org/10.1007/s10040-018-1868-1,https://doi.org/10.1007/s10040-018-1868-1,True,high,DOI,10.1007/s10040-018-1868-1,DOI
3066,,1401464784.0,,0,0,0,普通用户,https://doi.org/10.1007/s10040-018-1871-6,https://doi.org/10.1007/s10040-018-1871-6,True,high,DOI,10.1007/s10040-018-1871-6,DOI
3067,,1401464784.0,,0,0,0,普通用户,https://doi.org/10.1007/s10040-017-1685-y,https://doi.org/10.1007/s10040-017-1685-y,True,high,DOI,10.1007/s10040-017-1685-y,DOI
3068,,1401464784.0,,0,0,0,普通用户,https://doi.org/10.1007/s10040-018-1858-3,https://doi.org/10.1007/s10040-018-1858-3,True,high,DOI,10.1007/s10040-018-1858-3,DOI
3069,,1401464784.0,,0,0,0,普通用户,https://doi.org/10.1007/s10040-018-1858-3,https://doi.org/10.1007/s10040-018-1858-3,True,high,DOI,10.1007/s10040-018-1858-3,DOI
3070,,1401464784.0,,0,0,0,普通用户,https://doi.org/10.1007/s10040-017-1638-5,https://doi.org/10.1007/s10040-017-1638-5,True,high,DOI,10.1007/s10040-017-1638-5,DOI
3071,,1401464784.0,,0,0,0,普通用户,https://doi.org/10.1007/s10040-018-1732-3,https://doi.org/10.1007/s10040-018-1732-3,True,high,DOI,10.1007/s10040-018-1732-3,DOI
3072,,1401464784.0,,0,0,0,普通用户,https://doi.org/10.1007/s10040-018-1785-3,https://doi.org/10.1007/s10040-018-1785-3,True,high,DOI,10.1007/s10040-018-1785-3,DOI
3073,,1401464784.0,,0,0,0,普通用户,https://doi.org/10.1007/s10040-018-1758-6,https://doi.org/10.1007/s10040-018-1758-6,True,high,DOI,10.1007/s10040-018-1758-6,DOI
3074,,1401464784.0,,0,0,0,普通用户,https://doi.org/10.1007/s10040-018-1788-0,https://doi.org/10.1007/s10040-018-1788-0,True,high,DOI,10.1007/s10040-018-1788-0,DOI
3075,,1401464784.0,,0,0,0,普通用户,https://doi.org/10.1007/s10040-018-1740-3,https://doi.org/10.1007/s10040-018-1740-3,True,high,DOI,10.1007/s10040-018-1740-3,DOI
3076,,1401464784.0,,0,0,0,普通用户,https://doi.org/10.1007/s10040-018-1758-6,https://doi.org/10.1007/s10040-018-1758-6,True,high,DOI,10.1007/s10040-018-1758-6,DOI
3077,,1401464784.0,,0,0,0,普通用户,https://doi.org/10.1007/s10040-018-01920-x,https://doi.org/10.1007/s10040-018-01920-x,True,high,DOI,10.1007/s10040-018-01920-x,DOI
3078,,1401464784.0,,0,0,0,普通用户,https://doi.org/10.1007/s10040-019-01934-z,https://doi.org/10.1007/s10040-019-01934-z,True,high,DOI,10.1007/s10040-019-01934-z,DOI
3079,,1401464784.0,,0,0,0,普通用户,https://doi.org/10.1007/s10040-019-01934-z,https://doi.org/10.1007/s10040-019-01934-z,True,high,DOI,10.1007/s10040-019-01934-z,DOI
3080,,5662898461.0,,0,0,0,蓝V,http://www.sciencedirect.com/science/article/pii/S2095311920634396,http://www.sciencedirect.com/science/article/pii/S2095311920634396,True,high,Elsevier,,Elsevier
3081,,5662898461.0,,0,0,0,蓝V,https://www.sciencedirect.com/science/article/pii/S2095311919628534,https://www.sciencedirect.com/science/article/pii/S2095311919628534,True,high,SPRINGER,,SPRINGER
3082,,5662898461.0,,0,0,0,蓝V,https://www.sciencedirect.com/science/article/pii/S2095311920634372,https://www.sciencedirect.com/science/article/pii/S2095311920634372,True,high,SPRINGER,,SPRINGER
3083,,5662898461.0,,0,0,0,蓝V,https://www.sciencedirect.com/science/article/pii/S2095311921636924,https://www.sciencedirect.com/science/article/pii/S2095311921636924,True,high,SPRINGER,,SPRINGER
3084,,7072253315.0,,0,0,0,蓝V,https://doi.org/10.1038/s41551-023-01082-6,https://doi.org/10.1038/s41551-023-01082-6,True,high,DOI,10.1038/s41551-023-01082-6,DOI
3085,,2008779105.0,,0,0,0,蓝V,https://ieeexplore.ieee.org/document/10304148,https://ieeexplore.ieee.org/document/10304148,True,high,IEEE Xplore,,IEEE Xplore
3086,,1678157684.0,,0,0,0,普通用户,https://www.science.org/doi/10.1126/science.adn5866,https://www.science.org/doi/10.1126/science.adn5866,True,high,DOI,10.1126/science.adn5866,DOI
3087,,5953063530.0,,0,0,0,普通用户,http://www.dqkxqk.ac.cn/dqkx/dqkx/ch/html/20170208.htm,http://www.dqkxqk.ac.cn/dqkx/dqkx/ch/html/20170208.htm,False,none,,,
3088,,5953063530.0,,0,0,0,普通用户,http://www.dqkxqk.ac.cn/dqkx/dqkx/ch/html/20180309.htm,http://www.dqkxqk.ac.cn/dqkx/dqkx/ch/html/20180309.htm,False,none,,,
3089,,3710258141.0,,0,0,0,金V,https://www.mediterranee-infection.com/wp-content/uploads/2020/03/Hydroxychloroquine_final_DOI_IJAA.pdf,https://www.mediterranee-infection.com/wp-content/uploads/2020/03/Hydroxychloroquine_final_DOI_IJAA.pdf,False,none,,,
3090,,5953063530.0,,0,0,0,普通用户,http://www.dqkxqk.ac.cn/dqkx/dqkx/article/html/202001015,http://www.dqkxqk.ac.cn/dqkx/dqkx/article/html/202001015,True,low,弱学术关键词,,article
3091,,7006367380.0,,0,0,0,蓝V,https://www.cell.com/cell/fulltext/S0092-8674(21)00239-7?_returnURL=https%3A%2F%2Flinkinghub.elsevier.com%2Fretrieve%2Fpii%2FS0092867421002397%3Fshowall%3Dtrue,https://www.cell.com/cell/fulltext/S0092-8674(21)00239-7?_returnURL=https://linkinghub.elsevier.com/retrieve/pii/S0092867421002397?showall=true,True,high,Elsevier,,Elsevier
3092,,6371831933.0,,0,0,0,普通用户,https://d.wanfangdata.com.cn/periodical/Ch9QZXJpb2RpY2FsQ0hJTmV3UzIwMjUwMTE2MTYzNjE0EhBuanNkeGJ6MjAyMTAzMDA1Gghzc3piY2J5MQ%253D%253D,https://d.wanfangdata.com.cn/periodical/Ch9QZXJpb2RpY2FsQ0hJTmV3UzIwMjUwMTE2MTYzNjE0EhBuanNkeGJ6MjAyMTAzMDA1Gghzc3piY2J5MQ%3D%3D,True,high,万方,,万方
3093,,7367946162.0,,0,0,0,蓝V,https://doi.org/10.1002/joc.7601,https://doi.org/10.1002/joc.7601,True,high,DOI,10.1002/joc.7601,DOI
3094,,2739259273.0,,0,0,0,普通用户,https://doi.org/10.1038/d41586-022-01238-5,https://doi.org/10.1038/d41586-022-01238-5,True,high,DOI,10.1038/d41586-022-01238-5,DOI
3095,,6371831933.0,,0,0,0,普通用户,https://d.wanfangdata.com.cn/periodical/Ch9QZXJpb2RpY2FsQ0hJTmV3UzIwMjUwMTE2MTYzNjE0EhBuanNkeGJ6MjAyMTAzMDA1GghqdGkybjQybw%253D%253D,https://d.wanfangdata.com.cn/periodical/Ch9QZXJpb2RpY2FsQ0hJTmV3UzIwMjUwMTE2MTYzNjE0EhBuanNkeGJ6MjAyMTAzMDA1GghqdGkybjQybw%3D%3D,True,high,万方,,万方
3096,,6505590374.0,,0,0,0,蓝V,http://www.engineering.org.cn/en/10.1016/j.eng.2021.02.016,http://www.engineering.org.cn/en/10.1016/j.eng.2021.02.016,True,high,DOI,10.1016/j.eng.2021.02.016,DOI
3097,,5953063530.0,,0,0,0,普通用户,http://www.iapjournals.ac.cn/dqkx/cn/article/doi/10.3878/j.issn.1006-9895.2302.22128,http://www.iapjournals.ac.cn/dqkx/cn/article/doi/10.3878/j.issn.1006-9895.2302.22128,True,high,DOI,10.3878/j.issn.1006-9895.2302.22128,DOI
3098,,6505590374.0,,0,0,0,蓝V,http://www.engineering.org.cn/en/10.1016/j.eng.2020.06.016,http://www.engineering.org.cn/en/10.1016/j.eng.2020.06.016,True,high,DOI,10.1016/j.eng.2020.06.016,DOI
3099,,6505590374.0,,0,0,0,蓝V,http://www.engineering.org.cn/en/10.1016/j.eng.2020.08.015,http://www.engineering.org.cn/en/10.1016/j.eng.2020.08.015,True,high,DOI,10.1016/j.eng.2020.08.015,DOI
3100,,6505590374.0,,0,0,0,蓝V,http://www.engineering.org.cn/en/10.1016/j.eng.2021.03.019,http://www.engineering.org.cn/en/10.1016/j.eng.2021.03.019,True,high,DOI,10.1016/j.eng.2021.03.019,DOI
3101,,6505590374.0,,0,0,0,蓝V,http://www.engineering.org.cn/en/10.1016/j.eng.2020.07.022,http://www.engineering.org.cn/en/10.1016/j.eng.2020.07.022,True,high,DOI,10.1016/j.eng.2020.07.022,DOI
3102,,7072253315.0,,0,0,0,蓝V,https://doi.org/10.1038/s41587-022-01362-7,https://doi.org/10.1038/s41587-022-01362-7,True,high,DOI,10.1038/s41587-022-01362-7,DOI
3102,,7072253315.0,,0,0,0,蓝V,https://insights.bio/cell-and-gene-therapy-insights/journal/article/2507/A-new-era-of-in-vivo-gene-therapy-the-applicability-of-a-differentiated-HSV-1-based-vector-platform-for-redosable-medicines,https://insights.bio/cell-and-gene-therapy-insights/journal/article/2507/A-new-era-of-in-vivo-gene-therapy-the-applicability-of-a-differentiated-HSV-1-based-vector-platform-for-redosable-medicines,True,medium,学术特征,,/journals?/
3103,,7072253315.0,,0,0,0,蓝V,https://doi.org/10.1038/s41587-022-01362-7,https://doi.org/10.1038/s41587-022-01362-7,True,high,DOI,10.1038/s41587-022-01362-7,DOI
3103,,7072253315.0,,0,0,0,蓝V,https://insights.bio/cell-and-gene-therapy-insights/journal/article/2507/A-new-era-of-in-vivo-gene-therapy-the-applicability-of-a-differentiated-HSV-1-based-vector-platform-for-redosable-medicines,https://insights.bio/cell-and-gene-therapy-insights/journal/article/2507/A-new-era-of-in-vivo-gene-therapy-the-applicability-of-a-differentiated-HSV-1-based-vector-platform-for-redosable-medicines,True,medium,学术特征,,/journals?/
3104,,6371831933.0,,0,0,0,普通用户,https://d.wanfangdata.com.cn/periodical/Ch9QZXJpb2RpY2FsQ0hJTmV3UzIwMjUwMTE2MTYzNjE0EhBuanNkeGJ6MjAyMTAzMDA1GghuODN2eHNtaQ%253D%253D,https://d.wanfangdata.com.cn/periodical/Ch9QZXJpb2RpY2FsQ0hJTmV3UzIwMjUwMTE2MTYzNjE0EhBuanNkeGJ6MjAyMTAzMDA1GghuODN2eHNtaQ%3D%3D,True,high,万方,,万方
3105,,6505590374.0,,0,0,0,蓝V,http://www.engineering.org.cn/en/10.1016/j.eng.2021.07.025,http://www.engineering.org.cn/en/10.1016/j.eng.2021.07.025,True,high,DOI,10.1016/j.eng.2021.07.025,DOI
3106,,6505590374.0,,0,0,0,蓝V,http://www.engineering.org.cn/en/10.1016/j.eng.2021.11.015,http://www.engineering.org.cn/en/10.1016/j.eng.2021.11.015,True,high,DOI,10.1016/j.eng.2021.11.015,DOI
3107,,5327744144.0,,0,0,0,蓝V,https://doi.org/10.1101/2021.02.06.430029,https://doi.org/10.1101/2021.02.06.430029,True,high,DOI,10.1101/2021.02.06.430029,DOI
3108,,6505590374.0,,0,0,0,蓝V,http://www.engineering.org.cn/en/10.1016/j.eng.2022.05.011,http://www.engineering.org.cn/en/10.1016/j.eng.2022.05.011,True,high,DOI,10.1016/j.eng.2022.05.011,DOI
3109,,5947084909.0,,0,0,0,普通用户,http://www.iapjournals.ac.cn/qhhj/cn/article/doi/10.3878/j.issn.1006-9585.2023.22066,http://www.iapjournals.ac.cn/qhhj/cn/article/doi/10.3878/j.issn.1006-9585.2023.22066,True,high,DOI,10.3878/j.issn.1006-9585.2023.22066,DOI
3110,,5947084909.0,,0,0,0,普通用户,http://www.iapjournals.ac.cn/qhhj/cn/article/doi/10.3878/j.issn.1006-9585.2023.22066,http://www.iapjournals.ac.cn/qhhj/cn/article/doi/10.3878/j.issn.1006-9585.2023.22066,True,high,DOI,10.3878/j.issn.1006-9585.2023.22066,DOI
3111,,5947084909.0,,0,0,0,普通用户,http://www.iapjournals.ac.cn/qhhj/cn/article/doi/10.3878/j.issn.1006-9585.2023.23043,http://www.iapjournals.ac.cn/qhhj/cn/article/doi/10.3878/j.issn.1006-9585.2023.23043,True,high,DOI,10.3878/j.issn.1006-9585.2023.23043,DOI
3112,,6505590374.0,,0,0,0,蓝V,http://www.engineering.org.cn/en/10.1016/j.eng.2021.03.030,http://www.engineering.org.cn/en/10.1016/j.eng.2021.03.030,True,high,DOI,10.1016/j.eng.2021.03.030,DOI
3113,,6505590374.0,,0,0,0,蓝V,http://www.engineering.org.cn/en/10.1016/j.eng.2021.02.024,http://www.engineering.org.cn/en/10.1016/j.eng.2021.02.024,True,high,DOI,10.1016/j.eng.2021.02.024,DOI
3114,,6505590374.0,,0,0,0,蓝V,http://www.engineering.org.cn/en/10.1016/j.eng.2021.03.023,http://www.engineering.org.cn/en/10.1016/j.eng.2021.03.023,True,high,DOI,10.1016/j.eng.2021.03.023,DOI
3115,,6505590374.0,,0,0,0,蓝V,http://www.engineering.org.cn/en/10.1016/j.eng.2022.07.014,http://www.engineering.org.cn/en/10.1016/j.eng.2022.07.014,True,high,DOI,10.1016/j.eng.2022.07.014,DOI
3116,,5327744144.0,,0,0,0,蓝V,https://dx.doi.org/10.12171/j.1000-1522.20210143,https://dx.doi.org/10.12171/j.1000-1522.20210143,True,high,DOI,10.12171/j.1000-1522.20210143,DOI
3117,,3270708414.0,,0,0,0,蓝V,https://doi.org/10.1038/d41586-023-04021-2,https://doi.org/10.1038/d41586-023-04021-2,True,high,DOI,10.1038/d41586-023-04021-2,DOI
3118,,7394038218.0,,0,0,0,普通用户,https://doi.org/10.1177/19485506221119018,https://doi.org/10.1177/19485506221119018,True,high,DOI,10.1177/19485506221119018,DOI
3119,,6505590374.0,,0,0,0,蓝V,http://www.engineering.org.cn/en/10.1016/j.eng.2022.06.004,http://www.engineering.org.cn/en/10.1016/j.eng.2022.06.004,True,high,DOI,10.1016/j.eng.2022.06.004,DOI
3120,,6505590374.0,,0,0,0,蓝V,http://www.engineering.org.cn/en/10.1016/j.eng.2021.07.028,http://www.engineering.org.cn/en/10.1016/j.eng.2021.07.028,True,high,DOI,10.1016/j.eng.2021.07.028,DOI
3121,,6505590374.0,,0,0,0,蓝V,http://doi.org/10.1016/j.eng.2022.11.001,http://doi.org/10.1016/j.eng.2022.11.001,True,high,DOI,10.1016/j.eng.2022.11.001,DOI
3122,,5947084909.0,,0,0,0,普通用户,http://www.iapjournals.ac.cn/qhhj/cn/article/doi/10.3878/j.issn.1006-9585.2023.23028,http://www.iapjournals.ac.cn/qhhj/cn/article/doi/10.3878/j.issn.1006-9585.2023.23028,True,high,DOI,10.3878/j.issn.1006-9585.2023.23028,DOI
3123,,6505590374.0,,0,0,0,蓝V,http://doi.org/10.1016/j.eng.2021.06.027,http://doi.org/10.1016/j.eng.2021.06.027,True,high,DOI,10.1016/j.eng.2021.06.027,DOI
3124,,6505590374.0,,0,0,0,蓝V,http://doi.org/10.1016/j.eng.2022.10.006,http://doi.org/10.1016/j.eng.2022.10.006,True,high,DOI,10.1016/j.eng.2022.10.006,DOI
3125,,2138756037.0,,0,0,0,普通用户,http://www.aas.net.cn/cn/article/doi/10.16383/j.aas.c240156,http://www.aas.net.cn/cn/article/doi/10.16383/j.aas.c240156,True,high,DOI,10.16383/j.aas.c240156,DOI
3126,,6505590374.0,,0,0,0,蓝V,http://doi.org/10.1016/j.eng.2022.09.015,http://doi.org/10.1016/j.eng.2022.09.015,True,high,DOI,10.1016/j.eng.2022.09.015,DOI
3127,,5947084909.0,,0,0,0,普通用户,http://www.iapjournals.ac.cn/qhhj/cn/article/doi/10.3878/j.issn.1006-9585.2023.23028,http://www.iapjournals.ac.cn/qhhj/cn/article/doi/10.3878/j.issn.1006-9585.2023.23028,True,high,DOI,10.3878/j.issn.1006-9585.2023.23028,DOI
3128,,6505590374.0,,0,0,0,蓝V,http://doi.org/10.1016/j.eng.2022.06.007,http://doi.org/10.1016/j.eng.2022.06.007,True,high,DOI,10.1016/j.eng.2022.06.007,DOI
3129,,6505590374.0,,0,0,0,蓝V,http://doi.org/10.1016/j.eng.2021.12.022,http://doi.org/10.1016/j.eng.2021.12.022,True,high,DOI,10.1016/j.eng.2021.12.022,DOI
3130,,6505590374.0,,0,0,0,蓝V,http://doi.org/10.1016/j.eng.2022.06.027,http://doi.org/10.1016/j.eng.2022.06.027,True,high,DOI,10.1016/j.eng.2022.06.027,DOI
3131,,5953063530.0,,0,0,0,普通用户,http://www.iapjournals.ac.cn/dqkx/cn/article/doi/10.3878/j.issn.1006-9895.2406.23152,http://www.iapjournals.ac.cn/dqkx/cn/article/doi/10.3878/j.issn.1006-9895.2406.23152,True,high,DOI,10.3878/j.issn.1006-9895.2406.23152,DOI
3132,,6270293881.0,,0,0,0,普通用户,http://dx.doi.org/10.21203/rs.3.rs-4281601/v1,http://dx.doi.org/10.21203/rs.3.rs-4281601/v1,True,high,DOI,10.21203/rs.3.rs-4281601/v1,DOI
3133,,7394038218.0,,0,0,0,普通用户,http://dx.doi.org/10.1038/d41586-024-02599-9,http://dx.doi.org/10.1038/d41586-024-02599-9,True,high,DOI,10.1038/d41586-024-02599-9,DOI
3134,,5953063530.0,,0,0,0,普通用户,http://www.iapjournals.ac.cn/dqkx/article/doi/10.3878/j.issn.1006-9895.2405.24009,http://www.iapjournals.ac.cn/dqkx/article/doi/10.3878/j.issn.1006-9895.2405.24009,True,high,DOI,10.3878/j.issn.1006-9895.2405.24009,DOI
3135,,5953063530.0,,0,0,0,普通用户,http://www.iapjournals.ac.cn/dqkx/article/doi/10.3878/j.issn.1006-9895.2406.23152,http://www.iapjournals.ac.cn/dqkx/article/doi/10.3878/j.issn.1006-9895.2406.23152,True,high,DOI,10.3878/j.issn.1006-9895.2406.23152,DOI
3136,,1764919567.0,,0,0,0,红V,https://arxiv.org/pdf/1806.07792.pdf,https://arxiv.org/pdf/1806.07792.pdf,True,high,arXiv,,arXiv
3137,,5680326110.0,,0,0,0,普通用户,https://arxiv.org/pdf/2111.04709,https://arxiv.org/pdf/2111.04709,True,high,arXiv,,arXiv
3138,,1764919567.0,,0,0,0,红V,https://arxiv.org/abs/2208.13665,https://arxiv.org/abs/2208.13665,True,high,arXiv,,arXiv
3139,,5648162302.0,,0,0,0,红V,https://huggingface.co/papers/2305.13655,https://huggingface.co/papers/2305.13655,True,high,huggingface,,huggingface
3140,,1402400261.0,,0,0,0,金V,https://ai.meta.com/research/publications/llama-2-open-foundation-and-fine-tuned-chat-models/,https://ai.meta.com/research/publications/llama-2-open-foundation-and-fine-tuned-chat-models/,True,medium,学术特征,,/publications/
3141,,2008779105.0,,0,0,0,蓝V,https://www.mit.edu/~fadel/papers/PAB-paper.pdf,https://www.mit.edu/~fadel/papers/PAB-paper.pdf,True,low,弱学术关键词,,paper
3142,,5648162302.0,,0,0,0,红V,https://huggingface.co/papers/2308.16512,https://huggingface.co/papers/2308.16512,True,high,huggingface,,huggingface
3143,,1948301550.0,,0,0,0,黄V,https://arxiv.org/pdf/2309.16653.pdf,https://arxiv.org/pdf/2309.16653.pdf,True,high,arXiv,,arXiv
3144,,5648162302.0,,0,0,0,红V,https://huggingface.co/papers/2311.18775,https://huggingface.co/papers/2311.18775,True,high,huggingface,,huggingface
3145,,5648162302.0,,0,0,0,红V,https://huggingface.co/papers/2401.10891,https://huggingface.co/papers/2401.10891,True,high,huggingface,,huggingface
3146,,1936025761.0,,0,0,0,黄V,https://huggingface.co/papers/2401.17264,https://huggingface.co/papers/2401.17264,True,high,huggingface,,huggingface
3147,,5648162302.0,,0,0,0,红V,https://huggingface.co/papers/2402.16153,https://huggingface.co/papers/2402.16153,True,high,huggingface,,huggingface
3148,,2126427211.0,,0,0,0,黄V,https://www.aminer.cn/pub/6604cf2d13fb2c6cf6b93e0b/long-form-factuality-in-large-language-models,https://www.aminer.cn/pub/6604cf2d13fb2c6cf6b93e0b/long-form-factuality-in-large-language-models,True,high,AMiner,,AMiner
3149,,2907863005.0,,0,0,0,普通用户,https://doi.org/10.1016/j.bbi.2021.10.001,https://doi.org/10.1016/j.bbi.2021.10.001,True,high,DOI,10.1016/j.bbi.2021.10.001,DOI
3150,,5329434101.0,,0,0,0,蓝V,https://www.nature.com/articles/d41586-024-04018-5?utm_medium=organic_social&utm_source=weibo&utm_campaign=CONR_NAJRN_ATT1_AP_CNCM_002EB_weeklybrf,https://www.nature.com/articles/d41586-024-04018-5?utm_medium=organic_social&utm_source=weibo&utm_campaign=CONR_NAJRN_ATT1_AP_CNCM_002EB_weeklybrf,True,high,Nature,,Nature
3151,,1505495073.0,,0,0,0,普通用户,https://doi.org/10.1016/j.ebiom.2018.09.050,https://doi.org/10.1016/j.ebiom.2018.09.050,True,high,DOI,10.1016/j.ebiom.2018.09.050,DOI
3152,,2141941431.0,,0,0,0,蓝V,https://doi.org/10.1073/pnas.1820745116,https://doi.org/10.1073/pnas.1820745116,True,high,DOI,10.1073/pnas.1820745116,DOI
3153,,2124970203.0,,0,0,0,红V,https://doi.org/10.1037//0033-295x.108.3.624,https://doi.org/10.1037//0033-295x.108.3.624,True,high,DOI,10.1037//0033-295x.108.3.624,DOI
3153,,2124970203.0,,0,0,0,红V,https://doi.org/10.31234/osf.io/zh74y,https://doi.org/10.31234/osf.io/zh74y,True,high,DOI,10.31234/osf.io/zh74y,DOI
3154,,2124970203.0,,0,0,0,红V,https://doi.org/10.1371/journal.pone.0132979,https://doi.org/10.1371/journal.pone.0132979,True,high,DOI,10.1371/journal.pone.0132979,DOI
3154,,2124970203.0,,0,0,0,红V,https://doi.org/10.1111/1467-8721.00154,https://doi.org/10.1111/1467-8721.00154,True,high,DOI,10.1111/1467-8721.00154,DOI
3155,,2124970203.0,,0,0,0,红V,https://doi.org/10.1371/journal.pone.0132979,https://doi.org/10.1371/journal.pone.0132979,True,high,DOI,10.1371/journal.pone.0132979,DOI
3155,,2124970203.0,,0,0,0,红V,https://doi.org/10.1111/1467-8721.00154,https://doi.org/10.1111/1467-8721.00154,True,high,DOI,10.1111/1467-8721.00154,DOI
3156,,3710258141.0,,0,0,0,金V,https://www.pnas.org/content/116/42/20910,https://www.pnas.org/content/116/42/20910,True,high,pnas,,pnas
3157,,1042973271.0,,0,0,0,黄V,https://www.nejm.org/doi/full/10.1056/NEJMoa1612197,https://www.nejm.org/doi/full/10.1056/NEJMoa1612197,True,high,DOI,10.1056/NEJMoa1612197,DOI
3158,,2124970203.0,,0,0,0,红V,https://doi.org/10.1371/journal.pone.0132979,https://doi.org/10.1371/journal.pone.0132979,True,high,DOI,10.1371/journal.pone.0132979,DOI
3158,,2124970203.0,,0,0,0,红V,https://doi.org/10.1111/1467-8721.0015,https://doi.org/10.1111/1467-8721.0015,True,high,DOI,10.1111/1467-8721.0015,DOI
3159,,3710258141.0,,0,0,0,金V,https://doi.org/10.1038/d41586-020-03314-0,https://doi.org/10.1038/d41586-020-03314-0,True,high,DOI,10.1038/d41586-020-03314-0,DOI
3160,,5341251100.0,,0,0,0,蓝V,https://www.sciencedirect.com/science/article/pii/S0048969721070297,https://www.sciencedirect.com/science/article/pii/S0048969721070297,True,high,SPRINGER,,SPRINGER
3161,,7729765190.0,,0,0,0,金V,https://doi.org/10.1101/2022.04.23.22274192,https://doi.org/10.1101/2022.04.23.22274192,True,high,DOI,10.1101/2022.04.23.22274192,DOI
3161,,7729765190.0,,0,0,0,金V,https://www.medrxiv.org/content/10.1101/2022.04.23.22274192v1,https://www.medrxiv.org/content/10.1101/2022.04.23.22274192v1,True,high,DOI,10.1101/2022.04.23.22274192v1,DOI
3162,,3874971622.0,,0,0,0,蓝V,https://doi.org/10.1021/acs.jmedchem.0c02081,https://doi.org/10.1021/acs.jmedchem.0c02081,True,high,DOI,10.1021/acs.jmedchem.0c02081,DOI
3163,,1042973271.0,,0,0,0,黄V,https://www.kidney-international.org/article/S0085-2538(20)30803-6/fulltext,https://www.kidney-international.org/article/S0085-2538(20)30803-6/fulltext,True,high,AGA(Gastro/CGH/CMGH/TIGE/GHA),,AGA(Gastro/CGH/CMGH/TIGE/GHA)
3164,,3710258141.0,,0,0,0,金V,https://arxiv.org/abs/hep-th/0012253,https://arxiv.org/abs/hep-th/0012253,True,high,arXiv,,arXiv
3164,,3710258141.0,,0,0,0,金V,https://journals.aps.org/rmp/abstract/10.1103/RevModPhys.61.1,https://journals.aps.org/rmp/abstract/10.1103/RevModPhys.61.1,True,high,DOI,10.1103/RevModPhys.61.1,DOI
3165,,7279510579.0,,0,0,0,红V,https://doi.org/10.1371/journal.pone.0132979,https://doi.org/10.1371/journal.pone.0132979,True,high,DOI,10.1371/journal.pone.0132979,DOI
3165,,7279510579.0,,0,0,0,红V,https://doi.org/10.1111/1467-8721.0015,https://doi.org/10.1111/1467-8721.0015,True,high,DOI,10.1111/1467-8721.0015,DOI
3166,,1747774447.0,,0,0,0,蓝V,http://kns.cnki.net/kcms/detail/11.3189.n.20230318.,http://kns.cnki.net/kcms/detail/11.3189.n.20230318.,True,high,CNKI,,CNKI
3167,,5075216149.0,,0,0,0,普通用户,https://arxiv.org/pdf/2306.16927.pdf,https://arxiv.org/pdf/2306.16927.pdf,True,high,arXiv,,arXiv
3167,,5075216149.0,,0,0,0,普通用户,https://arxiv.org/pdf/2108.05805.pdf,https://arxiv.org/pdf/2108.05805.pdf,True,high,arXiv,,arXiv
3168,,3710258141.0,,0,0,0,金V,https://arxiv.org/abs/2206.02140,https://arxiv.org/abs/2206.02140,True,high,arXiv,,arXiv
3168,,3710258141.0,,0,0,0,金V,https://arxiv.org/abs/2302.04876,https://arxiv.org/abs/2302.04876,True,high,arXiv,,arXiv
3169,,3710258141.0,,0,0,0,金V,http://dx.doi.org/10.11834/jig.230792,http://dx.doi.org/10.11834/jig.230792,True,high,DOI,10.11834/jig.230792,DOI
3170,,5329434101.0,,0,0,0,蓝V,https://www.nature.com/articles/d41586-024-02010-7?utm_medium=organic_social&utm_source=weibo&utm_campaign=CONR_NAJRN_ATT1_AP_CNCM_002EB_weeklybrf,https://www.nature.com/articles/d41586-024-02010-7?utm_medium=organic_social&utm_source=weibo&utm_campaign=CONR_NAJRN_ATT1_AP_CNCM_002EB_weeklybrf,True,high,Nature,,Nature
3171,,1233486457.0,,0,0,0,红V,https://arxiv.org/pdf/2303.17564.pdf,https://arxiv.org/pdf/2303.17564.pdf,True,high,arXiv,,arXiv
3171,,1233486457.0,,0,0,0,红V,https://ai.meta.com/research/publications/llama-2-open-foundation-and-fine-tuned-chat-models/,https://ai.meta.com/research/publications/llama-2-open-foundation-and-fine-tuned-chat-models/,True,medium,学术特征,,/publications/
3172,,6890507718.0,,0,0,0,蓝V,http://www.zjujournals.com/sci/fileup/HTML/2019-6-769.htm,http://www.zjujournals.com/sci/fileup/HTML/2019-6-769.htm,False,none,,,
3173,,6890507718.0,,0,0,0,蓝V,http://www.zjujournals.com/sci/fileup/HTML/2019-6-755.htm,http://www.zjujournals.com/sci/fileup/HTML/2019-6-755.htm,False,none,,,
3174,,6890507718.0,,0,0,0,蓝V,https://www.zjujournals.com/agr/CN/10.3785/j.issn.1008-9209.2023.02.212,https://www.zjujournals.com/agr/CN/10.3785/j.issn.1008-9209.2023.02.212,True,high,DOI,10.3785/j.issn.1008-9209.2023.02.212,DOI
3175,,3941337445.0,,0,0,0,普通用户,https://doi.org/10.12677/MEng.2020.74028,https://doi.org/10.12677/MEng.2020.74028,True,high,DOI,10.12677/MEng.2020.74028,DOI
3176,,2794083144.0,,0,0,0,蓝V,https://www.pnas.org/content/118/42/e2113015118,https://www.pnas.org/content/118/42/e2113015118,True,high,pnas,,pnas
3177,,3941337445.0,,0,0,0,普通用户,https://doi.org/10.12677/ACM.2022.123294,https://doi.org/10.12677/ACM.2022.123294,True,high,DOI,10.12677/ACM.2022.123294,DOI
3178,,3941337445.0,,0,0,0,普通用户,https://doi.org/10.12677/ACM.2022.123294,https://doi.org/10.12677/ACM.2022.123294,True,high,DOI,10.12677/ACM.2022.123294,DOI
3179,,1727858283.0,,0,0,0,金V,https://arxiv.org/pdf/2312.11514.pdf,https://arxiv.org/pdf/2312.11514.pdf,True,high,arXiv,,arXiv
3179,,1727858283.0,,0,0,0,金V,https://huggingface.co/papers/2312.11514,https://huggingface.co/papers/2312.11514,True,high,huggingface,,huggingface
3180,,1727858283.0,,0,0,0,金V,https://arxiv.org/pdf/2312.06648.pdf,https://arxiv.org/pdf/2312.06648.pdf,True,high,arXiv,,arXiv
3180,,1727858283.0,,0,0,0,金V,https://arxiv.org/abs/2310.11511,https://arxiv.org/abs/2310.11511,True,high,arXiv,,arXiv
3180,,1727858283.0,,0,0,0,金V,https://arxiv.org/abs/2401.15884,https://arxiv.org/abs/2401.15884,True,high,arXiv,,arXiv
3181,,1401464784.0,,0,0,0,普通用户,https://doi.org/10.1007/s10040-017-1627-8,https://doi.org/10.1007/s10040-017-1627-8,True,high,DOI,10.1007/s10040-017-1627-8,DOI
3182,,1401464784.0,,0,0,0,普通用户,https://doi.org/10.1007/s10040-018-1753-y,https://doi.org/10.1007/s10040-018-1753-y,True,high,DOI,10.1007/s10040-018-1753-y,DOI
3183,,3097251601.0,,0,0,0,蓝V,http://yb-zdh.shaangu-group.com//oa/darticle.aspx?type=view&id=20180016,http://yb-zdh.shaangu-group.com//oa/darticle.aspx?type=view&id=20180016,False,none,,,
3184,,3097251601.0,,0,0,0,蓝V,http://yb-zdh.shaangu-group.com//oa/darticle.aspx?type=view&id=20180093,http://yb-zdh.shaangu-group.com//oa/darticle.aspx?type=view&id=20180093,False,none,,,
3185,,3097251601.0,,0,0,0,蓝V,http://yb-zdh.shaangu-group.com//oa/darticle.aspx?type=view&id=20180127,http://yb-zdh.shaangu-group.com//oa/darticle.aspx?type=view&id=20180127,False,none,,,
3186,,3097251601.0,,0,0,0,蓝V,http://yb-zdh.shaangu-group.com//oa/darticle.aspx?type=view&id=20180194,http://yb-zdh.shaangu-group.com//oa/darticle.aspx?type=view&id=20180194,False,none,,,
3187,,3097251601.0,,0,0,0,蓝V,http://yb-zdh.shaangu-group.com//oa/darticle.aspx?type=view&id=20180226,http://yb-zdh.shaangu-group.com//oa/darticle.aspx?type=view&id=20180226,False,none,,,
3188,,3097251601.0,,0,0,0,蓝V,http://yb-zdh.shaangu-group.com//oa/darticle.aspx?type=view&id=20180258,http://yb-zdh.shaangu-group.com//oa/darticle.aspx?type=view&id=20180258,False,none,,,
3189,,3380074594.0,,0,0,0,蓝V,http://www.kjdb.org/CN/Y2019/V37/I14/34,http://www.kjdb.org/CN/Y2019/V37/I14/34,False,none,,,
3190,,3380074594.0,,0,0,0,蓝V,http://www.kjdb.org/CN/Y2019/V37/I20/94,http://www.kjdb.org/CN/Y2019/V37/I20/94,False,none,,,
3191,,3889212468.0,,0,0,0,普通用户,http://www.iapjournals.ac.cn/aas/en/article/doi/10.1007/s00376-019-9105-y,http://www.iapjournals.ac.cn/aas/en/article/doi/10.1007/s00376-019-9105-y,True,high,DOI,10.1007/s00376-019-9105-y,DOI
3192,,6869766331.0,,0,0,0,普通用户,https://www.medrxiv.org/content/10.1101/2020.02.09.20021444v1,https://www.medrxiv.org/content/10.1101/2020.02.09.20021444v1,True,high,DOI,10.1101/2020.02.09.20021444v1,DOI
3193,,5360368096.0,,0,0,0,普通用户,https://www.medrxiv.org/content/10.1101/2020.02.04.20020495v1,https://www.medrxiv.org/content/10.1101/2020.02.04.20020495v1,True,high,DOI,10.1101/2020.02.04.20020495v1,DOI
3194,,3097251601.0,,0,0,0,蓝V,http://yb-zdh.shaangu-group.com//oa/darticle.aspx?type=view&id=20190328,http://yb-zdh.shaangu-group.com//oa/darticle.aspx?type=view&id=20190328,False,none,,,
3195,,2279408463.0,,0,0,0,蓝V,https://link.springer.com/article/10.1007/s00159-019-0118-4?utm_source=wechat&utm_medium=social&utm_content=organic&utm_campaign=SRCN_1_VW01_AWA_CN_CNLO_Highlights19_Astro,https://link.springer.com/article/10.1007/s00159-019-0118-4?utm_source=wechat&utm_medium=social&utm_content=organic&utm_campaign=SRCN_1_VW01_AWA_CN_CNLO_Highlights19_Astro,True,high,DOI,10.1007/s00159-019-0118-4?utm_source=wechat&utm_medium=social&utm_content=organic&utm_campaign=SRCN_1_VW01_AWA_CN_CNLO_Highlights19_Astro,DOI
3196,,2279408463.0,,0,0,0,蓝V,https://link.springer.com/article/10.1007%2Fs10562-019-02709-7?utm_source=weibo&utm_medium=social&utm_content=organic&utm_campaign=SRCN_1_VW01_AWA_CN_WEIBO_CNPF_Highlights19_Chem,https://link.springer.com/article/10.1007/s10562-019-02709-7?utm_source=weibo&utm_medium=social&utm_content=organic&utm_campaign=SRCN_1_VW01_AWA_CN_WEIBO_CNPF_Highlights19_Chem,True,high,DOI,10.1007/s10562-019-02709-7?utm_source=weibo&utm_medium=social&utm_content=organic&utm_campaign=SRCN_1_VW01_AWA_CN_WEIBO_CNPF_Highlights19_Chem,DOI
3197,,2279408463.0,,0,0,0,蓝V,https://jfin-swufe.springeropen.com/articles/10.1186/s40854-019-0138-0?utm_source=weibo&utm_medium=social&utm_content=organic&utm_campaign=SRCN_1_NX01_CN_CNJS_BEPL_a,https://jfin-swufe.springeropen.com/articles/10.1186/s40854-019-0138-0?utm_source=weibo&utm_medium=social&utm_content=organic&utm_campaign=SRCN_1_NX01_CN_CNJS_BEPL_a,True,high,DOI,10.1186/s40854-019-0138-0?utm_source=weibo&utm_medium=social&utm_content=organic&utm_campaign=SRCN_1_NX01_CN_CNJS_BEPL_a,DOI
3198,,2279408463.0,,0,0,0,蓝V,https://link.springer.com/article/10.1007%2Fs11150-018-9438-9?utm_source=weibo&utm_medium=social&utm_content=organic&utm_campaign=SRCN_1_NX01_CN_CNJS_BEPL_a,https://link.springer.com/article/10.1007/s11150-018-9438-9?utm_source=weibo&utm_medium=social&utm_content=organic&utm_campaign=SRCN_1_NX01_CN_CNJS_BEPL_a,True,high,DOI,10.1007/s11150-018-9438-9?utm_source=weibo&utm_medium=social&utm_content=organic&utm_campaign=SRCN_1_NX01_CN_CNJS_BEPL_a,DOI
3199,,2279408463.0,,0,0,0,蓝V,https://link.springer.com/article/10.1007/s10640-020-00414-3?utm_source=weibo&utm_medium=social&utm_content=organic&utm_campaign=SRCN_1_NX01_CN_CNJS_BEPL_a,https://link.springer.com/article/10.1007/s10640-020-00414-3?utm_source=weibo&utm_medium=social&utm_content=organic&utm_campaign=SRCN_1_NX01_CN_CNJS_BEPL_a,True,high,DOI,10.1007/s10640-020-00414-3?utm_source=weibo&utm_medium=social&utm_content=organic&utm_campaign=SRCN_1_NX01_CN_CNJS_BEPL_a,DOI
3200,,2279408463.0,,0,0,0,蓝V,https://link.springer.com/article/10.1007%2Fs11365-018-0498-3?utm_source=weibo&utm_medium=social&utm_content=organic&utm_campaign=SRCN_1_NX01_CN_CNJS_BEPL_a,https://link.springer.com/article/10.1007/s11365-018-0498-3?utm_source=weibo&utm_medium=social&utm_content=organic&utm_campaign=SRCN_1_NX01_CN_CNJS_BEPL_a,True,high,DOI,10.1007/s11365-018-0498-3?utm_source=weibo&utm_medium=social&utm_content=organic&utm_campaign=SRCN_1_NX01_CN_CNJS_BEPL_a,DOI
3201,,3209669611.0,,0,0,0,普通用户,https://arxiv.org/abs/1912.02315,https://arxiv.org/abs/1912.02315,True,high,arXiv,,arXiv
3202,,2258786135.0,,0,0,0,普通用户,http://www.cjter.com/CN/10.3969/j.issn.2095-4344.2809,http://www.cjter.com/CN/10.3969/j.issn.2095-4344.2809,True,high,DOI,10.3969/j.issn.2095-4344.2809,DOI
3203,,3097251601.0,,0,0,0,蓝V,http://yb-zdh.shaangu-group.com/oa/DArticle.aspx?type=view&id=20200184,http://yb-zdh.shaangu-group.com/oa/DArticle.aspx?type=view&id=20200184,False,none,,,
3204,,2279408463.0,,0,0,0,蓝V,https://link.springer.com/chapter/10.1007/978-3-030-42687-3_22?utm_source=weibo&utm_medium=social&utm_content=organic&utm_campaign=SRCN_1_VW01_CN_CNLO_Highlights2020_Mathematics,https://link.springer.com/chapter/10.1007/978-3-030-42687-3_22?utm_source=weibo&utm_medium=social&utm_content=organic&utm_campaign=SRCN_1_VW01_CN_CNLO_Highlights2020_Mathematics,True,high,DOI,10.1007/978-3-030-42687-3_22?utm_source=weibo&utm_medium=social&utm_content=organic&utm_campaign=SRCN_1_VW01_CN_CNLO_Highlights2020_Mathematics,DOI
3205,,3425020360.0,,0,0,0,蓝V,https://www.adb.org/publications/impact-united-states-prc-trade-dispute,https://www.adb.org/publications/impact-united-states-prc-trade-dispute,True,medium,学术特征,,/publications/
3206,,3097251601.0,,0,0,0,蓝V,http://yb-zdh.shaangu-group.com//oa/darticle.aspx?type=view&id=20200216,http://yb-zdh.shaangu-group.com//oa/darticle.aspx?type=view&id=20200216,False,none,,,
3207,,2279408463.0,,0,0,0,蓝V,https://link.springer.com/article/10.1007/s11115-019-00444-6?utm_source=weibo&utm_medium=social&utm_content=organic&utm_campaign=SRCN_1_NX01_CNLO%2BCN_Highlights2020_Politics_a,https://link.springer.com/article/10.1007/s11115-019-00444-6?utm_source=weibo&utm_medium=social&utm_content=organic&utm_campaign=SRCN_1_NX01_CNLO+CN_Highlights2020_Politics_a,True,high,DOI,10.1007/s11115-019-00444-6?utm_source=weibo&utm_medium=social&utm_content=organic&utm_campaign=SRCN_1_NX01_CNLO+CN_Highlights2020_Politics_a,DOI
3208,,3097251601.0,,0,0,0,蓝V,http://yb-zdh.shaangu-group.com//oa/darticle.aspx?type=view&id=20200422,http://yb-zdh.shaangu-group.com//oa/darticle.aspx?type=view&id=20200422,False,none,,,
3209,,3380074594.0,,0,0,0,蓝V,http://www.kjdb.org/CN/Y2021/V39/I1/105,http://www.kjdb.org/CN/Y2021/V39/I1/105,False,none,,,
3210,,3097251601.0,,0,0,0,蓝V,http://yb-zdh.shaangu-group.com//oa/DArticle.aspx?type=view&id=20200288,http://yb-zdh.shaangu-group.com//oa/DArticle.aspx?type=view&id=20200288,False,none,,,
3211,,3097251601.0,,0,0,0,蓝V,http://yb-zdh.shaangu-group.com/oa/DArticle.aspx?type=view&id=20210138,http://yb-zdh.shaangu-group.com/oa/DArticle.aspx?type=view&id=20210138,False,none,,,
3212,,3097251601.0,,0,0,0,蓝V,http://yb-zdh.shaangu-group.com//oa/darticle.aspx?type=view&id=20210247,http://yb-zdh.shaangu-group.com//oa/darticle.aspx?type=view&id=20210247,False,none,,,
3213,,3097251601.0,,0,0,0,蓝V,http://yb-zdh.shaangu-group.com//oa/darticle.aspx?type=view&id=20210155,http://yb-zdh.shaangu-group.com//oa/darticle.aspx?type=view&id=20210155,False,none,,,
3214,,3097251601.0,,0,0,0,蓝V,http://yb-zdh.shaangu-group.com//oa/darticle.aspx?type=view&id=20200716,http://yb-zdh.shaangu-group.com//oa/darticle.aspx?type=view&id=20200716,False,none,,,
3215,,3097251601.0,,0,0,0,蓝V,http://yb-zdh.shaangu-group.com//oa/darticle.aspx?type=view&id=20210428,http://yb-zdh.shaangu-group.com//oa/darticle.aspx?type=view&id=20210428,False,none,,,
3216,,1728482863.0,,0,0,0,普通用户,https://direct.mit.edu/comj/article/43/2-3/15/94679/Physical-Modeling-Algorithms-and-Sound-Synthesis,https://direct.mit.edu/comj/article/43/2-3/15/94679/Physical-Modeling-Algorithms-and-Sound-Synthesis,True,low,弱学术关键词,,article
3217,,1421177604.0,,0,0,0,蓝V,http://kns.cnki.net/KCMS/detail/detail.aspx?dbcode=CJFD&dbname=cjfdauto&filename=SDKX202106013&v=MDAwNDFyQ1VSN3VlWmVkdkZ5bm5WcnZOTmluQWRyRzRITkRNcVk5RVo0UUhmWGd4dlI4UW,http://kns.cnki.net/KCMS/detail/detail.aspx?dbcode=CJFD&dbname=cjfdauto&filename=SDKX202106013&v=MDAwNDFyQ1VSN3VlWmVkdkZ5bm5WcnZOTmluQWRyRzRITkRNcVk5RVo0UUhmWGd4dlI4UW,True,high,CNKI,,CNKI
3218,,3097251601.0,,0,0,0,蓝V,http://yb-zdh.shaangu-group.com//oa/darticle.aspx?type=view&id=20210636,http://yb-zdh.shaangu-group.com//oa/darticle.aspx?type=view&id=20210636,False,none,,,
3219,,3097251601.0,,0,0,0,蓝V,http://yb-zdh.shaangu-group.com//oa/darticle.aspx?type=view&id=20210597,http://yb-zdh.shaangu-group.com//oa/darticle.aspx?type=view&id=20210597,False,none,,,
3220,,3097251601.0,,0,0,0,蓝V,http://yb-zdh.shaangu-group.com//oa/darticle.aspx?type=view&id=20210661,http://yb-zdh.shaangu-group.com//oa/darticle.aspx?type=view&id=20210661,False,none,,,
3221,,3097251601.0,,0,0,0,蓝V,http://yb-zdh.shaangu-group.com//oa/darticle.aspx?type=view&id=20210886,http://yb-zdh.shaangu-group.com//oa/darticle.aspx?type=view&id=20210886,False,none,,,
3222,,1918726583.0,,0,0,0,普通用户,https://kns.cnki.net/kcms/detail/detail.aspx?dbcode=CJFD&dbname=CJFDLAST2021&filename=HXSJ202110002&uniplatform=NZKPT&v=FozgJ5DdFZrBhaYkfC0UMaDacuMjJavifRMhmPhkieFg5_IPQFyPw9yYRJJRI63f,https://kns.cnki.net/kcms/detail/detail.aspx?dbcode=CJFD&dbname=CJFDLAST2021&filename=HXSJ202110002&uniplatform=NZKPT&v=FozgJ5DdFZrBhaYkfC0UMaDacuMjJavifRMhmPhkieFg5_IPQFyPw9yYRJJRI63f,True,high,CNKI,,CNKI
3223,,1918726583.0,,0,0,0,普通用户,https://kns.cnki.net/kcms/detail/detail.aspx?dbcode=CJFQ&dbname=CJFDLAST2021&filename=HXSJ202110002&v=MjUwNjRSN2lmWk9abkZpSGhVYnJNTFRYWVpMRzRITkROcjQ5RlpvUjhlWDFMdXhZUzdEaDFUM3FUcldNMUZyQ1U=,https://kns.cnki.net/kcms/detail/detail.aspx?dbcode=CJFQ&dbname=CJFDLAST2021&filename=HXSJ202110002&v=MjUwNjRSN2lmWk9abkZpSGhVYnJNTFRYWVpMRzRITkROcjQ5RlpvUjhlWDFMdXhZUzdEaDFUM3FUcldNMUZyQ1U=,True,high,CNKI,,CNKI
3224,,3097251601.0,,0,0,0,蓝V,http://yb-zdh.shaangu-group.com//oa/darticle.aspx?type=view&id=20210950,http://yb-zdh.shaangu-group.com//oa/darticle.aspx?type=view&id=20210950,False,none,,,
3225,,3097251601.0,,0,0,0,蓝V,http://yb-zdh.shaangu-group.com//oa/darticle.aspx?type=view&id=20210934,http://yb-zdh.shaangu-group.com//oa/darticle.aspx?type=view&id=20210934,False,none,,,
3226,,3097251601.0,,0,0,0,蓝V,http://yb-zdh.shaangu-group.com//oa/darticle.aspx?type=view&id=20211039,http://yb-zdh.shaangu-group.com//oa/darticle.aspx?type=view&id=20211039,False,none,,,
3227,,1421177604.0,,0,0,0,蓝V,https://kns.cnki.net/kcms/detail/detail.aspx?dbcode=CJFD&dbname=CJFDAUTO&filename=SDKX202203010&uniplatform=NZKPT&v=ImdWDFSQKyFRkU8EY07tOmkWLFXLEqYJ9AfWsS0V9QbVjJ8qFaBg4ha4xHf7oiad,https://kns.cnki.net/kcms/detail/detail.aspx?dbcode=CJFD&dbname=CJFDAUTO&filename=SDKX202203010&uniplatform=NZKPT&v=ImdWDFSQKyFRkU8EY07tOmkWLFXLEqYJ9AfWsS0V9QbVjJ8qFaBg4ha4xHf7oiad,True,high,CNKI,,CNKI
3228,,5651875373.0,,0,0,0,普通用户,https://kns.cnki.net/kcms/detail/detail.aspx?dbcode=CJFD&dbname=CJFDAUTO&filename=HYGC202204005&uniplatform=NZKPT&v=c02o8PiPPyzMZaET4tQo_UTK6uuAN8IdGdpDMfWyz29rQXhx8WpPcmkL4V2-AT7v,https://kns.cnki.net/kcms/detail/detail.aspx?dbcode=CJFD&dbname=CJFDAUTO&filename=HYGC202204005&uniplatform=NZKPT&v=c02o8PiPPyzMZaET4tQo_UTK6uuAN8IdGdpDMfWyz29rQXhx8WpPcmkL4V2-AT7v,True,high,CNKI,,CNKI
3229,,3097251601.0,,0,0,0,蓝V,http://yb-zdh.shaangu-group.com//oa/darticle.aspx?type=view&id=20220241,http://yb-zdh.shaangu-group.com//oa/darticle.aspx?type=view&id=20220241,False,none,,,
3230,,3097251601.0,,0,0,0,蓝V,http://yb-zdh.shaangu-group.com//oa/darticle.aspx?type=view&id=20220295,http://yb-zdh.shaangu-group.com//oa/darticle.aspx?type=view&id=20220295,False,none,,,
3231,,5651875373.0,,0,0,0,普通用户,https://kns.cnki.net/kcms/detail/detail.aspx?dbcode=CJFD&dbname=CJFDAUTODAY&filename=LKKF202205026&uniplatform=NZKPT&v=mYMAsxHoECMuUX-PowQP-ODNuJ-NEdKfIrCdCYnjwBgwjtTvFt6ysWVP1YadZ-dD,https://kns.cnki.net/kcms/detail/detail.aspx?dbcode=CJFD&dbname=CJFDAUTODAY&filename=LKKF202205026&uniplatform=NZKPT&v=mYMAsxHoECMuUX-PowQP-ODNuJ-NEdKfIrCdCYnjwBgwjtTvFt6ysWVP1YadZ-dD,True,high,CNKI,,CNKI
3232,,3097251601.0,,0,0,0,蓝V,http://yb-zdh.shaangu-group.com//oa/darticle.aspx?type=view&id=20220171,http://yb-zdh.shaangu-group.com//oa/darticle.aspx?type=view&id=20220171,False,none,,,
3233,,5651875373.0,,0,0,0,普通用户,https://kns.cnki.net/kcms/detail/detail.aspx?dbcode=CAPJ&dbname=CAPJLAST&filename=TJJC2022102500M&uniplatform=NZKPT&v=de9BuL6pGc6TRIXR9owwPos60RQX2P86rfIJDqO42QgakRKCa4OCTOOgpoXq-ATG,https://kns.cnki.net/kcms/detail/detail.aspx?dbcode=CAPJ&dbname=CAPJLAST&filename=TJJC2022102500M&uniplatform=NZKPT&v=de9BuL6pGc6TRIXR9owwPos60RQX2P86rfIJDqO42QgakRKCa4OCTOOgpoXq-ATG,True,high,CNKI,,CNKI
3234,,1655747731.0,,0,0,0,红V,https://pubmed.ncbi.nlm.nih.gov/34867392/,https://pubmed.ncbi.nlm.nih.gov/34867392/,True,high,PubMed,,PubMed
3234,,1655747731.0,,0,0,0,红V,https://pubmed.ncbi.nlm.nih.gov/33008479/,https://pubmed.ncbi.nlm.nih.gov/33008479/,True,high,PubMed,,PubMed
3235,,3097251601.0,,0,0,0,蓝V,http://yb-zdh.shaangu-group.com//oa/darticle.aspx?type=view&id=20220440,http://yb-zdh.shaangu-group.com//oa/darticle.aspx?type=view&id=20220440,False,none,,,
3236,,5631119434.0,,0,0,0,红V,https://doi.org/10.1111/gcb.16656,https://doi.org/10.1111/gcb.16656,True,high,DOI,10.1111/gcb.16656,DOI
3237,,3097251601.0,,0,0,0,蓝V,http://yb-zdh.shaangu-group.com/oa/DArticle.aspx?type=view&id=20220813,http://yb-zdh.shaangu-group.com/oa/DArticle.aspx?type=view&id=20220813,False,none,,,
3238,,3097251601.0,,0,0,0,蓝V,http://yb-zdh.shaangu-group.com//oa/darticle.aspx?type=view&id=20220938,http://yb-zdh.shaangu-group.com//oa/darticle.aspx?type=view&id=20220938,False,none,,,
3239,,1736287852.0,,0,0,0,红V,https://www.nature.com/articles/s41586-023-06185-3#Sec8,https://www.nature.com/articles/s41586-023-06185-3#Sec8,True,high,Nature,,Nature
3240,,3097251601.0,,0,0,0,蓝V,http://yb-zdh.shaangu-group.com//oa/darticle.aspx?type=view&id=20230012,http://yb-zdh.shaangu-group.com//oa/darticle.aspx?type=view&id=20230012,False,none,,,
3241,,1727858283.0,,0,0,0,金V,https://huggingface.co/papers/2310.11954,https://huggingface.co/papers/2310.11954,True,high,huggingface,,huggingface
3242,,5651875373.0,,0,0,0,普通用户,https://chn.oversea.cnki.net/KCMS/detail/detail.aspx?dbcode=CJFD&dbname=CJFDAUTO&filename=NFJZ202309002&uniplatform=OVERSEA&v=45dAa5R7waeX5QGLoHsNqvvDZYNqsuJQtyG9KJturXouAJ5JtnDk8WIopxfG2g8r,https://chn.oversea.cnki.net/KCMS/detail/detail.aspx?dbcode=CJFD&dbname=CJFDAUTO&filename=NFJZ202309002&uniplatform=OVERSEA&v=45dAa5R7waeX5QGLoHsNqvvDZYNqsuJQtyG9KJturXouAJ5JtnDk8WIopxfG2g8r,True,high,CNKI,,CNKI
3243,,1815659631.0,,0,0,0,普通用户,https://jnuaa.nuaa.edu.cn/njhkht/article/html/202105001,https://jnuaa.nuaa.edu.cn/njhkht/article/html/202105001,True,low,弱学术关键词,,article
3244,,3097251601.0,,0,0,0,蓝V,http://yb-zdh.shaangu-group.com//oa/darticle.aspx?type=view&id=20230216,http://yb-zdh.shaangu-group.com//oa/darticle.aspx?type=view&id=20230216,False,none,,,
3245,,1727858283.0,,0,0,0,金V,https://huggingface.co/papers/2312.08344,https://huggingface.co/papers/2312.08344,True,high,huggingface,,huggingface
3246,,1732906091.0,,0,0,0,普通用户,https://arxiv.org/abs/2401.08088,https://arxiv.org/abs/2401.08088,True,high,arXiv,,arXiv
3247,,3097251601.0,,0,0,0,蓝V,http://yb-zdh.shaangu-group.com/oa/DArticle.aspx?type=view&id=20230488,http://yb-zdh.shaangu-group.com/oa/DArticle.aspx?type=view&id=20230488,False,none,,,
3248,,3097251601.0,,0,0,0,蓝V,http://yb-zdh.shaangu-group.com/oa/DArticle.aspx?type=view&id=20230353,http://yb-zdh.shaangu-group.com/oa/DArticle.aspx?type=view&id=20230353,False,none,,,
3249,,1422462123.0,,0,0,0,黄V,https://kns.cnki.net/kcms2/article/abstract?v=Vof-4b7nxdAIkk45XoSa6PCAq-UEiHs70WKIpDEnEc6r-nvjh5ueJjcHbp2AEAtCzGxk9QjAcn7PntXZ2nTCFaSbgpMYXnQQGgx8-B_erPLGVW37CdbpC11vkNtRUV4dhucmmFFXA9w=&uniplatform=NZKPT,https://kns.cnki.net/kcms2/article/abstract?v=Vof-4b7nxdAIkk45XoSa6PCAq-UEiHs70WKIpDEnEc6r-nvjh5ueJjcHbp2AEAtCzGxk9QjAcn7PntXZ2nTCFaSbgpMYXnQQGgx8-B_erPLGVW37CdbpC11vkNtRUV4dhucmmFFXA9w=&uniplatform=NZKPT,True,high,CNKI,,CNKI
3250,,1870858943.0,,0,0,0,蓝V,https://www.aminer.cn/pub/661c89ea13fb2c6cf6de8f28/?f=wb,https://www.aminer.cn/pub/661c89ea13fb2c6cf6de8f28/?f=wb,True,high,AMiner,,AMiner
3251,,5651875373.0,,0,0,0,普通用户,https://chn.oversea.cnki.net/KCMS/detail/detail.aspx?dbcode=IPFD&dbname=IPFDTEMP&filename=GJLY202405001031&uniplatform=OVERSEA&v=sfqPZIWC7J5ZyNJP3JkCO5TXP0c18KMxlwtKokGUDgX1QyXNmlfvmnG68gbHSpwFP5rcpejGcx4%3d,https://chn.oversea.cnki.net/KCMS/detail/detail.aspx?dbcode=IPFD&dbname=IPFDTEMP&filename=GJLY202405001031&uniplatform=OVERSEA&v=sfqPZIWC7J5ZyNJP3JkCO5TXP0c18KMxlwtKokGUDgX1QyXNmlfvmnG68gbHSpwFP5rcpejGcx4=,True,high,CNKI,,CNKI
3252,,5651875373.0,,0,0,0,普通用户,https://chn.oversea.cnki.net/KCMS/detail/detail.aspx?dbcode=IPFD&dbname=IPFDTEMP&filename=GJLY202405001023&uniplatform=OVERSEA&v=sfqPZIWC7J74o7ojxKBKxC6yOxZGbcIPJ1_Jly8nWvNFW4rW6e2av8IqZFbVjVfxXZl88aZY7qA%3d,https://chn.oversea.cnki.net/KCMS/detail/detail.aspx?dbcode=IPFD&dbname=IPFDTEMP&filename=GJLY202405001023&uniplatform=OVERSEA&v=sfqPZIWC7J74o7ojxKBKxC6yOxZGbcIPJ1_Jly8nWvNFW4rW6e2av8IqZFbVjVfxXZl88aZY7qA=,True,high,CNKI,,CNKI
3253,,5651875373.0,,0,0,0,普通用户,https://chn.oversea.cnki.net/KCMS/detail/detail.aspx?dbcode=IPFD&dbname=IPFDTEMP&filename=GJLY202405001008&uniplatform=OVERSEA&v=sfqPZIWC7J6lrELVFHAPn_8DO0_HrHBFPh9xVU_a-CpC0LY_p3zc7gB2da0VkzRxgN0oSoO7n3Y%3d,https://chn.oversea.cnki.net/KCMS/detail/detail.aspx?dbcode=IPFD&dbname=IPFDTEMP&filename=GJLY202405001008&uniplatform=OVERSEA&v=sfqPZIWC7J6lrELVFHAPn_8DO0_HrHBFPh9xVU_a-CpC0LY_p3zc7gB2da0VkzRxgN0oSoO7n3Y=,True,high,CNKI,,CNKI
3254,,5648162302.0,,0,0,0,红V,arxiv.org/abs/2406.02430,arxiv.org/abs/2406.02430,True,medium,学术特征,,/abs/
3255,,5648162302.0,,0,0,0,红V,arxiv.org/abs/2407.06358,arxiv.org/abs/2407.06358,True,medium,学术特征,,/abs/
3256,,5648162302.0,,0,0,0,红V,arxiv.org/abs/2406.01014,arxiv.org/abs/2406.01014,True,medium,学术特征,,/abs/
3257,,5648162302.0,,0,0,0,红V,arxiv.org/abs/2406.13897,arxiv.org/abs/2406.13897,True,medium,学术特征,,/abs/
3258,,7687956238.0,,0,0,0,蓝V,https://kns.cnki.net/kcms2/article/abstract?v=HjlF_Ii0mbmtfRdqfcKhN8Z7hDLmWfJN8h5Gm3ngc4zwAhlgEdFwfPvpZUJDe0KFu4kuvetxZTi3IPjlA2bgtF0UOmA65TynMTnIBqu7XZUUoPNUHFLKjBDb-3Xz-FJVjSkCKicXdINarTvGl9aUGmyqi9-QJ2N3wh-YZWLm7ZBCGtrukuuyks5-k5h4HVZHeI390rvxrafs_CqzmG4Ylg==&uniplatform=NZKPT,https://kns.cnki.net/kcms2/article/abstract?v=HjlF_Ii0mbmtfRdqfcKhN8Z7hDLmWfJN8h5Gm3ngc4zwAhlgEdFwfPvpZUJDe0KFu4kuvetxZTi3IPjlA2bgtF0UOmA65TynMTnIBqu7XZUUoPNUHFLKjBDb-3Xz-FJVjSkCKicXdINarTvGl9aUGmyqi9-QJ2N3wh-YZWLm7ZBCGtrukuuyks5-k5h4HVZHeI390rvxrafs_CqzmG4Ylg==&uniplatform=NZKPT,True,high,CNKI,,CNKI
3259,,5947084909.0,,0,0,0,普通用户,http://www.iapjournals.ac.cn/qhhj/article/doi/10.3878/j.issn.1006-9585.2024.24071,http://www.iapjournals.ac.cn/qhhj/article/doi/10.3878/j.issn.1006-9585.2024.24071,True,high,DOI,10.3878/j.issn.1006-9585.2024.24071,DOI
3260,,1233486457.0,,0,0,0,金V,https://www.anthropic.com/research/clio,https://www.anthropic.com/research/clio,True,low,弱学术关键词,,research
3261,,1945345954.0,,0,0,0,普通用户,https://onlinelibrary.wiley.com/doi/abs/10.1002/smtd.201700370,https://onlinelibrary.wiley.com/doi/abs/10.1002/smtd.201700370,True,high,DOI,10.1002/smtd.201700370,DOI
3262,,6925984913.0,,0,0,0,普通用户,http://science.sciencemag.org/content/362/6416/776,http://science.sciencemag.org/content/362/6416/776,True,high,Science,,Science
3263,,1764919567.0,,0,0,0,红V,https://arxiv.org/abs/1909.07976,https://arxiv.org/abs/1909.07976,True,high,arXiv,,arXiv
3264,,2279408463.0,,0,0,0,蓝V,https://link.springer.com/article/10.1007%2Fs10712-018-9478-y?utm_source=slink&utm_medium=referral&utm_content=null&utm_campaign=SRCN_3_LL_jsc19_earth_weibo,https://link.springer.com/article/10.1007/s10712-018-9478-y?utm_source=slink&utm_medium=referral&utm_content=null&utm_campaign=SRCN_3_LL_jsc19_earth_weibo,True,high,DOI,10.1007/s10712-018-9478-y?utm_source=slink&utm_medium=referral&utm_content=null&utm_campaign=SRCN_3_LL_jsc19_earth_weibo,DOI
3265,,5284329303.0,,0,0,0,蓝V,https://doi.org/10.1038/s41578-018-0034-7,https://doi.org/10.1038/s41578-018-0034-7,True,high,DOI,10.1038/s41578-018-0034-7,DOI
3266,,5875989566.0,,0,0,0,蓝V,http://journal.psych.ac.cn/xlkxjz/CN/abstract/abstract4700.shtml#1,http://journal.psych.ac.cn/xlkxjz/CN/abstract/abstract4700.shtml#1,True,medium,学术特征,,/abstract/
3267,,1318331352.0,,0,0,0,普通用户,https://www.biodiversity-science.net/attached/file/20210426/20210426154121_135.pdf,https://www.biodiversity-science.net/attached/file/20210426/20210426154121_135.pdf,False,none,,,
3268,,1464484735.0,,0,0,0,普通用户,https://arxiv.org/pdf/2106.07139.pdf,https://arxiv.org/pdf/2106.07139.pdf,True,high,arXiv,,arXiv
3269,,7453239559.0,,0,0,0,普通用户,https://www.hanspub.org/journal/PaperInformation.aspx?paperID=44069,https://www.hanspub.org/journal/PaperInformation.aspx?paperID=44069,True,high,hans,,hans
3270,,1877686643.0,,0,0,0,蓝V,https://onlinelibrary.wiley.com/doi/10.1002/ame2.12194,https://onlinelibrary.wiley.com/doi/10.1002/ame2.12194,True,high,DOI,10.1002/ame2.12194,DOI
3271,,7453239559.0,,0,0,0,普通用户,https://www.hanspub.org/journal/PaperInformation.aspx?paperID=49985,https://www.hanspub.org/journal/PaperInformation.aspx?paperID=49985,True,high,hans,,hans
3272,,6960931282.0,,0,0,0,蓝V,https://doi.org/10.1038/s41586-019-1517-4,https://doi.org/10.1038/s41586-019-1517-4,True,high,DOI,10.1038/s41586-019-1517-4,DOI
3273,,1870858943.0,,0,0,0,蓝V,https://www.aminer.cn/pub/64b8b1c13fda6d7f062bb087/dna-rendering-a-diverse-neural-actor-repository-for-high-fidelity-human-centric,https://www.aminer.cn/pub/64b8b1c13fda6d7f062bb087/dna-rendering-a-diverse-neural-actor-repository-for-high-fidelity-human-centric,True,high,AMiner,,AMiner
3274,,1402400261.0,,0,0,0,金V,https://arxiv.org/abs/2206.15475,https://arxiv.org/abs/2206.15475,True,high,arXiv,,arXiv
3275,,1706553970.0,,0,0,0,黄V,https://arxiv.org/abs/2312.02783,https://arxiv.org/abs/2312.02783,True,high,arXiv,,arXiv
3276,,2535161187.0,,0,0,0,黄V,https://arxiv.org/abs/2312.02783,https://arxiv.org/abs/2312.02783,True,high,arXiv,,arXiv
3277,,1936025761.0,,0,0,0,黄V,https://arxiv.org/abs/2312.02783,https://arxiv.org/abs/2312.02783,True,high,arXiv,,arXiv
3278,,1402400261.0,,0,0,0,金V,https://arxiv.org/abs/2312.02783,https://arxiv.org/abs/2312.02783,True,high,arXiv,,arXiv
3279,,2535161187.0,,0,0,0,黄V,https://arxiv.org/abs/2312.02783,https://arxiv.org/abs/2312.02783,True,high,arXiv,,arXiv
3280,,1402400261.0,,0,0,0,金V,https://arxiv.org/abs/2312.17617,https://arxiv.org/abs/2312.17617,True,high,arXiv,,arXiv
3281,,1402400261.0,,0,0,0,金V,https://arxiv.org/abs/2401.14656,https://arxiv.org/abs/2401.14656,True,high,arXiv,,arXiv
3282,,1918726583.0,,0,0,0,普通用户,https://link.cnki.net/doi/10.13822/j.cnki.hxsj.2023.0676,https://link.cnki.net/doi/10.13822/j.cnki.hxsj.2023.0676,True,high,DOI,10.13822/j.cnki.hxsj.2023.0676,DOI
3283,,1773116334.0,,0,0,0,普通用户,http://arxiv.org/abs/2311.07989?_refluxos=a10,http://arxiv.org/abs/2311.07989?_refluxos=a10,True,high,arXiv,,arXiv
3284,,2907863005.0,,0,0,0,普通用户,https://www.sciencedirect.com/science/article/abs/pii/S2352464223003127,https://www.sciencedirect.com/science/article/abs/pii/S2352464223003127,True,high,Elsevier,,Elsevier
3284,,2907863005.0,,0,0,0,普通用户,https://doi.org/10.1126/science.abi9069,https://doi.org/10.1126/science.abi9069,True,high,DOI,10.1126/science.abi9069,DOI
3285,,1402400261.0,,0,0,0,金V,https://arxiv.org/abs/2403.14608,https://arxiv.org/abs/2403.14608,True,high,arXiv,,arXiv
3286,,1402400261.0,,0,0,0,金V,https://arxiv.org/abs/2404.13501,https://arxiv.org/abs/2404.13501,True,high,arXiv,,arXiv
3287,,1918726583.0,,0,0,0,普通用户,https://link.cnki.net/doi/10.13822/j.cnki.hxsj.2024.0192,https://link.cnki.net/doi/10.13822/j.cnki.hxsj.2024.0192,True,high,DOI,10.13822/j.cnki.hxsj.2024.0192,DOI
3288,,7400592858.0,,0,0,0,红V,https://arxiv.org/abs/2311.05232,https://arxiv.org/abs/2311.05232,True,high,arXiv,,arXiv
3289,,5633464636.0,,0,0,0,蓝V,https://doi.org/10.1093/nsr/nwae325,https://doi.org/10.1093/nsr/nwae325,True,high,DOI,10.1093/nsr/nwae325,DOI
3290,,3889212468.0,,0,0,0,普通用户,https://www.nature.com/articles/s42254-024-00776-3,https://www.nature.com/articles/s42254-024-00776-3,True,high,Nature,,Nature
3291,,6105753431.0,,0,0,0,蓝V,https://www.science.org/doi/10.1126/science.adp7429,https://www.science.org/doi/10.1126/science.adp7429,True,high,DOI,10.1126/science.adp7429,DOI
3292,,6066417805.0,,0,0,0,普通用户,https://www.ncbi.nlm.nih.gov/pubmed/23329804,https://www.ncbi.nlm.nih.gov/pubmed/23329804,True,high,PubMed,,PubMed
3293,,6869766331.0,,0,0,0,普通用户,https://www.biorxiv.org/content/10.1101/2020.01.24.919241v1?from=singlemessage&isappinstalled=0,https://www.biorxiv.org/content/10.1101/2020.01.24.919241v1?from=singlemessage&isappinstalled=0,True,high,DOI,10.1101/2020.01.24.919241v1?from=singlemessage&isappinstalled=0,DOI
3294,,5327744144.0,,0,0,0,蓝V,https://www.hindawi.com/journals/ijer/2023/4951589/,https://www.hindawi.com/journals/ijer/2023/4951589/,True,high,hindawi,,hindawi
3295,,3275213384.0,,0,0,0,蓝V,https://www.sciencedirect.com/science/article/pii/S0092867418311061,https://www.sciencedirect.com/science/article/pii/S0092867418311061,True,high,SPRINGER,,SPRINGER
3296,,3889212468.0,,0,0,0,普通用户,http://www.pnas.org/content/early/2016/12/13/1614303114,http://www.pnas.org/content/early/2016/12/13/1614303114,True,high,pnas,,pnas
3297,,5875989566.0,,0,0,0,蓝V,http://www.sciencedirect.com/science/article/pii/S0140673617305056,http://www.sciencedirect.com/science/article/pii/S0140673617305056,True,high,Elsevier,,Elsevier
3298,,5329434101.0,,0,0,0,蓝V,http://rdcu.be/zVK1?WT.mc_id=Weibo_nature_20171130_CONT,http://rdcu.be/zVK1?WT.mc_id=Weibo_nature_20171130_CONT,True,high,Nature,,Nature
3298,,5329434101.0,,0,0,0,蓝V,http://rdcu.be/zVJ4?WT.mc_id=Weibo_nature_20171130_CONT,http://rdcu.be/zVJ4?WT.mc_id=Weibo_nature_20171130_CONT,True,high,Nature,,Nature
3299,,5329434101.0,,0,0,0,蓝V,http://rdcu.be/ycqy,http://rdcu.be/ycqy,True,high,Nature,,Nature
3300,,3891896600.0,,0,0,0,蓝V,http://www.tandfonline.com/doi/full/10.1080/16742834.2018.1393309,http://www.tandfonline.com/doi/full/10.1080/16742834.2018.1393309,True,high,DOI,10.1080/16742834.2018.1393309,DOI
3301,,3889212468.0,,0,0,0,普通用户,https://www.nature.com/articles/s41467-017-01038-w,https://www.nature.com/articles/s41467-017-01038-w,True,high,Nature,,Nature
3302,,3213294213.0,,0,0,0,蓝V,http://www.sciencedirect.com/science/article/pii/S2211467X16300529,http://www.sciencedirect.com/science/article/pii/S2211467X16300529,True,high,Elsevier,,Elsevier
3303,,2810904414.0,,0,0,0,黄V,http://www.nature.com/nature/journal/v548/n7669/full/nature23664.html?foxtrotcallback=true,http://www.nature.com/nature/journal/v548/n7669/full/nature23664.html?foxtrotcallback=true,True,high,Nature,,Nature
3304,,1729014640.0,,0,0,0,蓝V,http://www.cell.com/cell/fulltext/S0092-8674(18)30057-6,http://www.cell.com/cell/fulltext/S0092-8674(18)30057-6,True,high,CELL PRESS,,CELL PRESS
3305,,1764919567.0,,0,0,0,红V,https://arxiv.org/pdf/1806.08033.pdf,https://arxiv.org/pdf/1806.08033.pdf,True,high,arXiv,,arXiv
3305,,1764919567.0,,0,0,0,红V,http://adsabs.harvard.edu/abs/2017ApJ...834...17C,http://adsabs.harvard.edu/abs/2017ApJ...834...17C,True,medium,学术特征,,/abs/
3306,,5329434101.0,,0,0,0,蓝V,https://www.nature.com/articles/s41467-018-04568-z?utm_source=weibo&utm_medium=social&utm_term=s41467-018-04568-z,https://www.nature.com/articles/s41467-018-04568-z?utm_source=weibo&utm_medium=social&utm_term=s41467-018-04568-z,True,high,Nature,,Nature
3307,,5643760029.0,,0,0,0,普通用户,http://m.cnki.net/mcnki//literature/detail?datatype=CJFD&instanceID=KJTB201708040,http://m.cnki.net/mcnki//literature/detail?datatype=CJFD&instanceID=KJTB201708040,True,high,CNKI,,CNKI
3308,,5329434101.0,,0,0,0,蓝V,https://www.nature.com/articles/s41586-018-0127-x?utm_source=weibo&utm_medium=social&utm_term=s41586-018-0127-x,https://www.nature.com/articles/s41586-018-0127-x?utm_source=weibo&utm_medium=social&utm_term=s41586-018-0127-x,True,high,Nature,,Nature
3309,,3941316432.0,,0,0,0,普通用户,http://www.ivpp.cas.cn/cbw/gjzdwxb/xbwzxz/201708/t20170829_4852853.html,http://www.ivpp.cas.cn/cbw/gjzdwxb/xbwzxz/201708/t20170829_4852853.html,False,none,,,
3310,,5329434101.0,,0,0,0,蓝V,http://nature.com/articles/doi:10.1038/s41467-018-03825-5?utm_source=weibo&utm_medium=social&utm_content=s41467-018-03825-5,http://nature.com/articles/doi:10.1038/s41467-018-03825-5?utm_source=weibo&utm_medium=social&utm_content=s41467-018-03825-5,True,high,DOI,10.1038/s41467-018-03825-5?utm_source=weibo&utm_medium=social&utm_content=s41467-018-03825-5,DOI
3311,,5056754114.0,,0,0,0,普通用户,http://www.ivpp.cas.cn/cbw/gjzdwxb/xbwzxz/201708/t20170829_4852853.html,http://www.ivpp.cas.cn/cbw/gjzdwxb/xbwzxz/201708/t20170829_4852853.html,False,none,,,
3312,,6408534700.0,,0,0,0,蓝V,https://www.nature.com/articles/nature26140,https://www.nature.com/articles/nature26140,True,high,Nature,,Nature
3313,,1764919567.0,,0,0,0,红V,https://arxiv.org/abs/1803.02824,https://arxiv.org/abs/1803.02824,True,high,arXiv,,arXiv
3314,,1235572171.0,,0,0,0,蓝V,http://stm.sciencemag.org/lookup/doi/10.1126/scitranslmed.aam7710,http://stm.sciencemag.org/lookup/doi/10.1126/scitranslmed.aam7710,True,high,DOI,10.1126/scitranslmed.aam7710,DOI
3315,,6105940372.0,,0,0,0,普通用户,https://journals.sagepub.com/doi/pdf/10.1177/0022034518795609,https://journals.sagepub.com/doi/pdf/10.1177/0022034518795609,True,high,DOI,10.1177/0022034518795609,DOI
3316,,2346988743.0,,0,0,0,普通用户,https://www.cell.com/cell/fulltext/S0092-8674(18)31176-0#,https://www.cell.com/cell/fulltext/S0092-8674(18)31176-0#,True,high,CELL PRESS,,CELL PRESS
3317,,1812175903.0,,0,0,0,金V,https://royalsocietypublishing.org/doi/full/10.1098/rspb.2017.1934,https://royalsocietypublishing.org/doi/full/10.1098/rspb.2017.1934,True,high,DOI,10.1098/rspb.2017.1934,DOI
3318,,6900470169.0,,0,0,0,普通用户,https://www.nature.com/articles/s41467-019-12141-5,https://www.nature.com/articles/s41467-019-12141-5,True,high,Nature,,Nature
3319,,6012275150.0,,0,0,0,普通用户,https://onlinelibrary.wiley.com/doi/10.1002/anie.201909019,https://onlinelibrary.wiley.com/doi/10.1002/anie.201909019,True,high,DOI,10.1002/anie.201909019,DOI
3320,,7502960625.0,,0,0,0,普通用户,https://doi.org/10.1038/s41562-020-0918-6,https://doi.org/10.1038/s41562-020-0918-6,True,high,DOI,10.1038/s41562-020-0918-6,DOI
3321,,2453509265.0,,0,0,0,金V,https://www.newyorkfed.org/medialibrary/media/research/staff_reports/sr580.pdf,https://www.newyorkfed.org/medialibrary/media/research/staff_reports/sr580.pdf,True,low,弱学术关键词,,research
3322,,1970835843.0,,0,0,0,黄V,http://www.zjujournals.com/soc/CN/abstract/abstract12584.shtml,http://www.zjujournals.com/soc/CN/abstract/abstract12584.shtml,True,medium,学术特征,,/abstract/
3323,,7551333032.0,,0,0,0,普通用户,https://arxiv.org/pdf/2102.01876.pdf,https://arxiv.org/pdf/2102.01876.pdf,True,high,arXiv,,arXiv
3324,,2384554784.0,,0,0,0,普通用户,https://www.nature.com/articles/s41586-020-2857-9,https://www.nature.com/articles/s41586-020-2857-9,True,high,Nature,,Nature
3325,,1970835843.0,,0,0,0,黄V,http://www.zjujournals.com/soc/CN/abstract/abstract12163.shtml,http://www.zjujournals.com/soc/CN/abstract/abstract12163.shtml,True,medium,学术特征,,/abstract/
3326,,1699526244.0,,0,0,0,普通用户,https://doi.org/10.1016/j.joule.2021.09.001,https://doi.org/10.1016/j.joule.2021.09.001,True,high,DOI,10.1016/j.joule.2021.09.001,DOI
3327,,5322650555.0,,0,0,0,蓝V,http://www.xinyixue.cn/article/2021/0253-9802/0253-9802-52-5-328.shtml,http://www.xinyixue.cn/article/2021/0253-9802/0253-9802-52-5-328.shtml,True,low,弱学术关键词,,article
3328,,1970835843.0,,0,0,0,黄V,https://www.zjujournals.com/soc/CN/abstract/abstract73003.shtml,https://www.zjujournals.com/soc/CN/abstract/abstract73003.shtml,True,medium,学术特征,,/abstract/
3329,,1970835843.0,,0,0,0,黄V,https://www.zjujournals.com/soc/CN/abstract/abstract73001.shtml,https://www.zjujournals.com/soc/CN/abstract/abstract73001.shtml,True,medium,学术特征,,/abstract/
3330,,5322650555.0,,0,0,0,蓝V,https://www.xinyixue.cn/article/2022/0253-9802/0253-9802-53-9-649.shtml,https://www.xinyixue.cn/article/2022/0253-9802/0253-9802-53-9-649.shtml,True,low,弱学术关键词,,article
3331,,6012275150.0,,0,0,0,普通用户,https://doi.org/10.1039/d2sc03365h,https://doi.org/10.1039/d2sc03365h,True,high,DOI,10.1039/d2sc03365h,DOI
3332,,6125815233.0,,0,0,0,普通用户,https://bmcsportsscimedrehabil.biomedcentral.com/articles/10.1186/s13102-022-00555-6,https://bmcsportsscimedrehabil.biomedcentral.com/articles/10.1186/s13102-022-00555-6,True,high,DOI,10.1186/s13102-022-00555-6,DOI
3333,,2479435945.0,,0,0,0,红V,https://doi.org/10.1016/j.seppur.2022.121194,https://doi.org/10.1016/j.seppur.2022.121194,True,high,DOI,10.1016/j.seppur.2022.121194,DOI
3334,,6125815233.0,,0,0,0,普通用户,https://journals.lww.com/acsm-msse/Abstract/2023/04000/Gluteal_Muscle_Forces_during_Hip_Focused_Injury.6.aspx,https://journals.lww.com/acsm-msse/Abstract/2023/04000/Gluteal_Muscle_Forces_during_Hip_Focused_Injury.6.aspx,True,medium,学术特征,,/abstract/
3335,,5322650555.0,,0,0,0,蓝V,https://www.xinyixue.cn/article/2020/0253-9802/0253-9802-51-12-891.shtml,https://www.xinyixue.cn/article/2020/0253-9802/0253-9802-51-12-891.shtml,True,low,弱学术关键词,,article
3336,,1891924883.0,,0,0,0,黄V,https://arxiv.org/abs/2305.11000,https://arxiv.org/abs/2305.11000,True,high,arXiv,,arXiv
3337,,6125815233.0,,0,0,0,普通用户,https://www.sciencedirect.com/science/article/abs/pii/S8756328223001369?via%3Dihub,https://www.sciencedirect.com/science/article/abs/pii/S8756328223001369?via=ihub,True,high,Elsevier,,Elsevier
3338,,6125815233.0,,0,0,0,普通用户,https://www.sciencedirect.com/science/article/abs/pii/S0031940617300226,https://www.sciencedirect.com/science/article/abs/pii/S0031940617300226,True,high,Elsevier,,Elsevier
3339,,6034375475.0,,0,0,0,普通用户,https://doi.org/10.3389/fmars.2023.1212974,https://doi.org/10.3389/fmars.2023.1212974,True,high,DOI,10.3389/fmars.2023.1212974,DOI
3340,,6034375475.0,,0,0,0,普通用户,https://doi.org/10.1038/s41612-023-00420-4,https://doi.org/10.1038/s41612-023-00420-4,True,high,DOI,10.1038/s41612-023-00420-4,DOI
3341,,6034375475.0,,0,0,0,普通用户,https://doi.org/10.1007/s11802-023-5264-7,https://doi.org/10.1007/s11802-023-5264-7,True,high,DOI,10.1007/s11802-023-5264-7,DOI
3342,,6034375475.0,,0,0,0,普通用户,https://doi.org/10.1016/j.pocean.2023.103096,https://doi.org/10.1016/j.pocean.2023.103096,True,high,DOI,10.1016/j.pocean.2023.103096,DOI
3343,,5803416260.0,,0,0,0,黄V,https://www.sjzsyj.com.cn/CN/10.4103/1673-5374.354517,https://www.sjzsyj.com.cn/CN/10.4103/1673-5374.354517,True,high,DOI,10.4103/1673-5374.354517,DOI
3344,,6034375475.0,,0,0,0,普通用户,https://doi.org/10.1175/JPO-D-22-0112.1,https://doi.org/10.1175/JPO-D-22-0112.1,True,high,DOI,10.1175/JPO-D-22-0112.1,DOI
3345,,6034375475.0,,0,0,0,普通用户,https://doi.org/10.1029/2022WR033003,https://doi.org/10.1029/2022WR033003,True,high,DOI,10.1029/2022WR033003,DOI
3346,,6034375475.0,,0,0,0,普通用户,https://doi.org/10.1038/s41558-023-01728-y,https://doi.org/10.1038/s41558-023-01728-y,True,high,DOI,10.1038/s41558-023-01728-y,DOI
3347,,6034375475.0,,0,0,0,普通用户,https://doi.org/10.5194/os-19-1225-2023,https://doi.org/10.5194/os-19-1225-2023,True,high,DOI,10.5194/os-19-1225-2023,DOI
3348,,6034375475.0,,0,0,0,普通用户,https://doi.org/10.3389/fmars.2023.1177337,https://doi.org/10.3389/fmars.2023.1177337,True,high,DOI,10.3389/fmars.2023.1177337,DOI
3349,,6034375475.0,,0,0,0,普通用户,https://doi.org/10.1016/j.scitotenv.2023.165791,https://doi.org/10.1016/j.scitotenv.2023.165791,True,high,DOI,10.1016/j.scitotenv.2023.165791,DOI
3350,,6034375475.0,,0,0,0,普通用户,http://www.aosocean.com/article/doi/10.1007/s13131-023-2227-1,http://www.aosocean.com/article/doi/10.1007/s13131-023-2227-1,True,high,DOI,10.1007/s13131-023-2227-1,DOI
3351,,6034375475.0,,0,0,0,普通用户,https://doi.org/10.1175/JPO-D-22-0150.1,https://doi.org/10.1175/JPO-D-22-0150.1,True,high,DOI,10.1175/JPO-D-22-0150.1,DOI
3352,,1402400261.0,,0,0,0,金V,https://www.science.org/doi/10.1126/science.adg7492,https://www.science.org/doi/10.1126/science.adg7492,True,high,DOI,10.1126/science.adg7492,DOI
3353,,6125815233.0,,0,0,0,普通用户,https://www.sciencedirect.com/science/article/pii/S1466853X23000767?ref=pdf_download&fr=RR-9&rr=80f44ca8ef1e08fe,https://www.sciencedirect.com/science/article/pii/S1466853X23000767?ref=pdf_download&fr=RR-9&rr=80f44ca8ef1e08fe,True,high,SPRINGER,,SPRINGER
3354,,6960931282.0,,0,0,0,蓝V,https://doi.org/10.1126/science.adg7492,https://doi.org/10.1126/science.adg7492,True,high,DOI,10.1126/science.adg7492,DOI
3355,,1402400261.0,,0,0,0,金V,https://journals.plos.org/plosbiology/article?id=10.1371/journal.pbio.3002306,https://journals.plos.org/plosbiology/article?id=10.1371/journal.pbio.3002306,True,high,DOI,10.1371/journal.pbio.3002306,DOI
3356,,6125815233.0,,0,0,0,普通用户,https://onlinelibrary.wiley.com/doi/10.1002/oby.23953,https://onlinelibrary.wiley.com/doi/10.1002/oby.23953,True,high,DOI,10.1002/oby.23953,DOI
3357,,6125815233.0,,0,0,0,普通用户,https://www.sciencedirect.com/science/article/abs/pii/S0268003324000111?dgcid=author,https://www.sciencedirect.com/science/article/abs/pii/S0268003324000111?dgcid=author,True,high,Elsevier,,Elsevier
3358,,1402400261.0,,0,0,0,金V,https://www.sciencedirect.com/science/article/pii/S0896627324000424,https://www.sciencedirect.com/science/article/pii/S0896627324000424,True,high,SPRINGER,,SPRINGER
3359,,5803416260.0,,0,0,0,黄V,https://link.springer.com/article/10.1007/s12264-023-01172-0,https://link.springer.com/article/10.1007/s12264-023-01172-0,True,high,DOI,10.1007/s12264-023-01172-0,DOI
3360,,5803416260.0,,0,0,0,黄V,https://link.springer.com/article/10.1007/s12264-024-01207-0,https://link.springer.com/article/10.1007/s12264-024-01207-0,True,high,DOI,10.1007/s12264-024-01207-0,DOI
3361,,1402400261.0,,0,0,0,金V,https://www.nature.com/articles/s41562-024-01882-z,https://www.nature.com/articles/s41562-024-01882-z,True,high,Nature,,Nature
3362,,6130949041.0,,0,0,0,金V,https://www.sciencedirect.com/science/article/pii/S0191886916308686?via%3Dihub,https://www.sciencedirect.com/science/article/pii/S0191886916308686?via=ihub,True,high,SPRINGER,,SPRINGER
3363,,5322650555.0,,0,0,0,蓝V,https://www.xinyixue.cn/article/2022/0253-9802/0253-9802-53-9-678.shtml,https://www.xinyixue.cn/article/2022/0253-9802/0253-9802-53-9-678.shtml,True,low,弱学术关键词,,article
3364,,5322650555.0,,0,0,0,蓝V,http://www.xinyixue.cn/article/2021/0253-9802/0253-9802-52-4-278.shtml,http://www.xinyixue.cn/article/2021/0253-9802/0253-9802-52-4-278.shtml,True,low,弱学术关键词,,article
3365,,6125815233.0,,0,0,0,普通用户,https://onlinelibrary.wiley.com/doi/10.1002/ejsc.12130,https://onlinelibrary.wiley.com/doi/10.1002/ejsc.12130,True,high,DOI,10.1002/ejsc.12130,DOI
3366,,5322650555.0,,0,0,0,蓝V,http://www.xinyixue.cn/article/2021/0253-9802/0253-9802-52-4-278.shtml,http://www.xinyixue.cn/article/2021/0253-9802/0253-9802-52-4-278.shtml,True,low,弱学术关键词,,article
3367,,6125815233.0,,0,0,0,普通用户,https://www.sciencedirect.com/science/article/pii/S1050641124000671?via%3Dihub,https://www.sciencedirect.com/science/article/pii/S1050641124000671?via=ihub,True,high,SPRINGER,,SPRINGER
3368,,5329434101.0,,0,0,0,蓝V,https://www.nature.com/articles/s41586-024-08025-4?utm_medium=organic_social&utm_source=weibo&utm_campaign=CONR_NAJRN_ATT1_AP_CNCM_002E7_natcover,https://www.nature.com/articles/s41586-024-08025-4?utm_medium=organic_social&utm_source=weibo&utm_campaign=CONR_NAJRN_ATT1_AP_CNCM_002E7_natcover,True,high,Nature,,Nature
3369,,5322650555.0,,0,0,0,蓝V,http://www.xinyixue.cn/article/2022/0253-9802/0253-9802-53-3-193.shtml,http://www.xinyixue.cn/article/2022/0253-9802/0253-9802-53-3-193.shtml,True,low,弱学术关键词,,article
3370,,5329434101.0,,0,0,0,蓝V,http://nature.com/articles/doi:10.1038/s41467-017-02411-5?WT.mc_id=Weibo_ncomms_20180214_CONT,http://nature.com/articles/doi:10.1038/s41467-017-02411-5?WT.mc_id=Weibo_ncomms_20180214_CONT,True,high,DOI,10.1038/s41467-017-02411-5?WT.mc_id=Weibo_ncomms_20180214_CONT,DOI
3371,,5329434101.0,,0,0,0,蓝V,http://rdcu.be/F0XT,http://rdcu.be/F0XT,True,high,Nature,,Nature
3372,,5329434101.0,,0,0,0,蓝V,http://rdcu.be/Esz3?WT.mc_id=Weibo_Nature_20180111_CONT,http://rdcu.be/Esz3?WT.mc_id=Weibo_Nature_20180111_CONT,True,high,Nature,,Nature
3373,,1894295570.0,,0,0,0,蓝V,https://www.scirp.org/journal/paperinformation.aspx?paperid=107553&utm_campaign=weibo&utm_medium=chenling,https://www.scirp.org/journal/paperinformation.aspx?paperid=107553&utm_campaign=weibo&utm_medium=chenling,True,high,SCIRP 美国科研出版社,,SCIRP 美国科研出版社
3374,,1894295570.0,,0,0,0,蓝V,https://www.scirp.org/journal/paperinformation.aspx?paperid=108300&utm_campaign=weibo&utm_medium=chenling,https://www.scirp.org/journal/paperinformation.aspx?paperid=108300&utm_campaign=weibo&utm_medium=chenling,True,high,SCIRP 美国科研出版社,,SCIRP 美国科研出版社
3375,,1787199825.0,,0,0,0,普通用户,https://arxiv.org/abs/2412.15208,https://arxiv.org/abs/2412.15208,True,high,arXiv,,arXiv
3376,,2703634217.0,,0,0,0,红V,https://arxiv.org/abs/2403.09555,https://arxiv.org/abs/2403.09555,True,high,arXiv,,arXiv
3377,,1235572171.0,,0,0,0,蓝V,https://www.science.org/doi/10.1126/science.adh0771,https://www.science.org/doi/10.1126/science.adh0771,True,high,DOI,10.1126/science.adh0771,DOI
3377,,1235572171.0,,0,0,0,蓝V,https://journals.aps.org/prx/abstract/10.1103/PhysRevX.13.041040,https://journals.aps.org/prx/abstract/10.1103/PhysRevX.13.041040,True,high,DOI,10.1103/PhysRevX.13.041040,DOI
3377,,1235572171.0,,0,0,0,蓝V,https://www.nature.com/articles/s41467-023-43348-2,https://www.nature.com/articles/s41467-023-43348-2,True,high,Nature,,Nature
3377,,1235572171.0,,0,0,0,蓝V,https://www.cell.com/current-biology/fulltext/S0960-9822(23)01448-3,https://www.cell.com/current-biology/fulltext/S0960-9822(23)01448-3,True,high,CELL PRESS,,CELL PRESS
3378,,1727858283.0,,0,0,0,金V,https://eureka-research.github.io/dr-eureka/,https://eureka-research.github.io/dr-eureka/,True,low,弱学术关键词,,research
3379,,1948301550.0,,0,0,0,黄V,https://wonderworld-2024.github.io/,https://wonderworld-2024.github.io/,False,none,,,
3380,,1727858283.0,,0,0,0,金V,https://liveportrait.github.io/,https://liveportrait.github.io/,False,none,,,
3381,,5329434101.0,,0,0,0,蓝V,https://www.nature.com/articles/s41467-018-04529-6?utm_source=weibo&utm_medium=social&utm_term=s41467-018-04529-6,https://www.nature.com/articles/s41467-018-04529-6?utm_source=weibo&utm_medium=social&utm_term=s41467-018-04529-6,True,high,Nature,,Nature
3382,,3338597882.0,,0,0,0,蓝V,http://stm.sciencemag.org/lookup/doi/10.1126/scitranslmed.aam7710,http://stm.sciencemag.org/lookup/doi/10.1126/scitranslmed.aam7710,True,high,DOI,10.1126/scitranslmed.aam7710,DOI
3383,,3941316432.0,,0,0,0,普通用户,http://www.ivpp.cas.cn/cbw/gjzdwxb/xbwzxz/201802/t20180226_4967541.html,http://www.ivpp.cas.cn/cbw/gjzdwxb/xbwzxz/201802/t20180226_4967541.html,False,none,,,
3384,,5329434101.0,,0,0,0,蓝V,https://www.nature.com/articles/s41586-018-0368-8?utm_source=weibo&utm_medium=social&utm_term=s41586-018-0368-8,https://www.nature.com/articles/s41586-018-0368-8?utm_source=weibo&utm_medium=social&utm_term=s41586-018-0368-8,True,high,Nature,,Nature
3385,,5329434101.0,,0,0,0,蓝V,https://www.nature.com/articles/s41559-018-0735-8?utm_source=weibo&utm_medium=social&utm_term=s41559-018-0735-8,https://www.nature.com/articles/s41559-018-0735-8?utm_source=weibo&utm_medium=social&utm_term=s41559-018-0735-8,True,high,Nature,,Nature
3386,,1764919567.0,,0,0,0,红V,https://arxiv.org/abs/1811.01139,https://arxiv.org/abs/1811.01139,True,high,arXiv,,arXiv
3387,,5334350534.0,,0,0,0,普通用户,http://www.nature.com/articles/s41416-018-0252-1,http://www.nature.com/articles/s41416-018-0252-1,True,high,Nature,,Nature
3388,,6925984913.0,,0,0,0,普通用户,https://microbiomejournal.biomedcentral.com/articles/10.1186/s40168-018-0584-3,https://microbiomejournal.biomedcentral.com/articles/10.1186/s40168-018-0584-3,True,high,DOI,10.1186/s40168-018-0584-3,DOI
3389,,3984029734.0,,0,0,0,普通用户,https://www.frontiersin.org/articles/10.3389/fevo.2022.923354/full,https://www.frontiersin.org/articles/10.3389/fevo.2022.923354/full,True,high,DOI,10.3389/fevo.2022.923354/full,DOI
3390,,3800117772.0,,0,0,0,普通用户,https://www.nature.com/articles/s41893-018-0142-9,https://www.nature.com/articles/s41893-018-0142-9,True,high,Nature,,Nature
3391,,5334350534.0,,0,0,0,普通用户,https://journals.plos.org/plosone/article?id=10.1371/journal.pone.0204941,https://journals.plos.org/plosone/article?id=10.1371/journal.pone.0204941,True,high,DOI,10.1371/journal.pone.0204941,DOI
3392,,5329434101.0,,0,0,0,蓝V,https://www.nature.com/articles/s41477-018-0263-1?utm_source=weibo&utm_medium=social&utm_term=s41477-018-0263-1,https://www.nature.com/articles/s41477-018-0263-1?utm_source=weibo&utm_medium=social&utm_term=s41477-018-0263-1,True,high,Nature,,Nature
3393,,5329434101.0,,0,0,0,蓝V,https://www.nature.com/articles/s41598-018-30038-z?utm_source=weibo&utm_medium=social&utm_term=s41598-018-30038-z,https://www.nature.com/articles/s41598-018-30038-z?utm_source=weibo&utm_medium=social&utm_term=s41598-018-30038-z,True,high,Nature,,Nature
3394,,5329434101.0,,0,0,0,蓝V,https://www.nature.com/articles/s41586-018-0483-6?utm_source=weibo&utm_medium=social&utm_term=s41586-018-0483-6,https://www.nature.com/articles/s41586-018-0483-6?utm_source=weibo&utm_medium=social&utm_term=s41586-018-0483-6,True,high,Nature,,Nature
3395,,5334350534.0,,0,0,0,普通用户,https://www.transonc.com/article/S1936-5233(18)30329-2/fulltext,https://www.transonc.com/article/S1936-5233(18)30329-2/fulltext,True,high,一般匹配式,,一般匹配式
3396,,2103039551.0,,0,0,0,普通用户,http://www.aquaticjournal.com/article/doi/10.11964/jfc.20171111069#0-tsina-1-3004-397232819ff9a47a7b7e80a40613cfe1,http://www.aquaticjournal.com/article/doi/10.11964/jfc.20171111069#0-tsina-1-3004-397232819ff9a47a7b7e80a40613cfe1,True,high,DOI,10.11964/jfc.20171111069#0-tsina-1-3004-397232819ff9a47a7b7e80a40613cfe1,DOI
3397,,2810904414.0,,0,0,0,黄V,https://www.nature.com/articles/s41593-018-0205-2,https://www.nature.com/articles/s41593-018-0205-2,True,high,Nature,,Nature
3398,,1764919567.0,,0,0,0,红V,https://arxiv.org/abs/1808.02447,https://arxiv.org/abs/1808.02447,True,high,arXiv,,arXiv
3399,,5329434101.0,,0,0,0,蓝V,https://www.nature.com/articles/s41467-018-05340-z?utm_source=weibo&utm_medium=social&utm_term=s41467-018-05340-z,https://www.nature.com/articles/s41467-018-05340-z?utm_source=weibo&utm_medium=social&utm_term=s41467-018-05340-z,True,high,Nature,,Nature
3400,,1764919567.0,,0,0,0,红V,https://arxiv.org/pdf/1808.00415.pdf,https://arxiv.org/pdf/1808.00415.pdf,True,high,arXiv,,arXiv
3401,,1764919567.0,,0,0,0,红V,https://arxiv.org/abs/1807.03304,https://arxiv.org/abs/1807.03304,True,high,arXiv,,arXiv
3402,,1764919567.0,,0,0,0,红V,https://arxiv.org/abs/1807.03779,https://arxiv.org/abs/1807.03779,True,high,arXiv,,arXiv
3403,,1764919567.0,,0,0,0,红V,https://arxiv.org/pdf/1806.11567.pdf,https://arxiv.org/pdf/1806.11567.pdf,True,high,arXiv,,arXiv
3404,,5329434101.0,,0,0,0,蓝V,https://www.nature.com/articles/s41467-018-07999-w?utm_source=weibo&utm_medium=social&utm_term=s41467-018-07999-w,https://www.nature.com/articles/s41467-018-07999-w?utm_source=weibo&utm_medium=social&utm_term=s41467-018-07999-w,True,high,Nature,,Nature
3405,,1764919567.0,,0,0,0,红V,https://arxiv.org/pdf/1906.07332.pdf,https://arxiv.org/pdf/1906.07332.pdf,True,high,arXiv,,arXiv
3406,,5400397694.0,,0,0,0,蓝V,https://doi.org/10.1007/s40820-017-0159-z,https://doi.org/10.1007/s40820-017-0159-z,True,high,DOI,10.1007/s40820-017-0159-z,DOI
3407,,1894295570.0,,0,0,0,蓝V,https://www.scirp.org/journal/paperinformation.aspx?paperid=94206,https://www.scirp.org/journal/paperinformation.aspx?paperid=94206,True,high,SCIRP 美国科研出版社,,SCIRP 美国科研出版社
3408,,1894295570.0,,0,0,0,蓝V,https://www.scirp.org/journal/paperinformation.aspx?paperid=94395,https://www.scirp.org/journal/paperinformation.aspx?paperid=94395,True,high,SCIRP 美国科研出版社,,SCIRP 美国科研出版社
3409,,5329434101.0,,0,0,0,蓝V,https://nature.com/articles/s41586-019-1506-7?utm_source=weibo&utm_medium=social&utm_term=s41586-019-1506-7,https://nature.com/articles/s41586-019-1506-7?utm_source=weibo&utm_medium=social&utm_term=s41586-019-1506-7,True,high,Nature,,Nature
3410,,1894295570.0,,0,0,0,蓝V,https://www.scirp.org/journal/paperinformation.aspx?paperid=95077,https://www.scirp.org/journal/paperinformation.aspx?paperid=95077,True,high,SCIRP 美国科研出版社,,SCIRP 美国科研出版社
3411,,5329434101.0,,0,0,0,蓝V,https://www.nature.com/articles/s41586-019-1546-z?utm_source=weibo&utm_medium=social&utm_term=s41586-019-1546-z,https://www.nature.com/articles/s41586-019-1546-z?utm_source=weibo&utm_medium=social&utm_term=s41586-019-1546-z,True,high,Nature,,Nature
3412,,2092965653.0,,0,0,0,蓝V,https://doi.org/10.1177/0042098018770592,https://doi.org/10.1177/0042098018770592,True,high,DOI,10.1177/0042098018770592,DOI
3412,,2092965653.0,,0,0,0,蓝V,https://doi.org/10.1177/0042098019828180,https://doi.org/10.1177/0042098019828180,True,high,DOI,10.1177/0042098019828180,DOI
3413,,3996876140.0,,0,0,0,蓝V,https://arxiv.org/pdf/2310.14566,https://arxiv.org/pdf/2310.14566,True,high,arXiv,,arXiv
3414,,5976873363.0,,0,0,0,普通用户,https://www.nature.com/articles/s41586-023-06680-7,https://www.nature.com/articles/s41586-023-06680-7,True,high,Nature,,Nature
3415,,1575035940.0,,0,0,0,普通用户,https://www.nature.com/articles/s41467-019-13356-2,https://www.nature.com/articles/s41467-019-13356-2,True,high,Nature,,Nature
3416,,1729014640.0,,0,0,0,蓝V,https://doi.org/10.1038/s41556-022-00919-7,https://doi.org/10.1038/s41556-022-00919-7,True,high,DOI,10.1038/s41556-022-00919-7,DOI
3417,,1764919567.0,,0,0,0,红V,https://arxiv.org/abs/1910.05348,https://arxiv.org/abs/1910.05348,True,high,arXiv,,arXiv
3418,,3889212468.0,,0,0,0,普通用户,http://dx.doi.org/10.1021/acs.est.9b02701,http://dx.doi.org/10.1021/acs.est.9b02701,True,high,DOI,10.1021/acs.est.9b02701,DOI
3419,,2794083144.0,,0,0,0,蓝V,http://news.ccmu.edu.cn/docs/2019-10/20191021093624893217.pdf,http://news.ccmu.edu.cn/docs/2019-10/20191021093624893217.pdf,False,none,,,
3420,,3710258141.0,,0,0,0,金V,https://journals.aps.org/prl/abstract/10.1103/PhysRevLett.123.157601,https://journals.aps.org/prl/abstract/10.1103/PhysRevLett.123.157601,True,high,DOI,10.1103/PhysRevLett.123.157601,DOI
3421,,1894295570.0,,0,0,0,蓝V,https://www.scirp.org/journal/paperinformation.aspx?paperid=96682,https://www.scirp.org/journal/paperinformation.aspx?paperid=96682,True,high,SCIRP 美国科研出版社,,SCIRP 美国科研出版社
3422,,2794083144.0,,0,0,0,蓝V,https://doi.org/10.1016/j.stem.2019.10.010,https://doi.org/10.1016/j.stem.2019.10.010,True,high,DOI,10.1016/j.stem.2019.10.010,DOI
3423,,3889212468.0,,0,0,0,普通用户,http://www.iapjournals.ac.cn/aas/en/article/doi/10.1007/s00376-019-9105-y,http://www.iapjournals.ac.cn/aas/en/article/doi/10.1007/s00376-019-9105-y,True,high,DOI,10.1007/s00376-019-9105-y,DOI
3424,,1730177302.0,,0,0,0,蓝V,https://www.sciencedirect.com/science/article/abs/pii/S1074761319304960?via%3Dihub,https://www.sciencedirect.com/science/article/abs/pii/S1074761319304960?via=ihub,True,high,Elsevier,,Elsevier
3425,,5581978594.0,,0,0,0,蓝V,https://www.sciencedirect.com/science/article/pii/S016890021931277X,https://www.sciencedirect.com/science/article/pii/S016890021931277X,True,high,SPRINGER,,SPRINGER
3425,,5581978594.0,,0,0,0,蓝V,https://link.aps.org/doi/10.1103/PhysRevC.100.054609,https://link.aps.org/doi/10.1103/PhysRevC.100.054609,True,high,DOI,10.1103/PhysRevC.100.054609,DOI
3426,,6433304918.0,,0,0,0,蓝V,https://www.nature.com/articles/s41598-021-82543-3,https://www.nature.com/articles/s41598-021-82543-3,True,high,Nature,,Nature
3427,,6433304918.0,,0,0,0,蓝V,https://arxiv.org/abs/2403.04121,https://arxiv.org/abs/2403.04121,True,high,arXiv,,arXiv
3428,,6433304918.0,,0,0,0,蓝V,https://arxiv.org/pdf/2401.04081.pdf,https://arxiv.org/pdf/2401.04081.pdf,True,high,arXiv,,arXiv
3429,,6433304918.0,,0,0,0,蓝V,https://huggingface.co/papers/2305.14201,https://huggingface.co/papers/2305.14201,True,high,huggingface,,huggingface
3430,,6105753431.0,,0,0,0,蓝V,misovalko.github.io/publications/munos2024nash.pdf,misovalko.github.io/publications/munos2024nash.pdf,True,medium,学术特征,,/publications/
3431,,6105753431.0,,0,0,0,蓝V,https://arxiv.org/abs/2402.16819,https://arxiv.org/abs/2402.16819,True,high,arXiv,,arXiv
3432,,6105753431.0,,0,0,0,蓝V,arxiv.org/abs/2402.13753,arxiv.org/abs/2402.13753,True,medium,学术特征,,/abs/
3433,,6105753431.0,,0,0,0,蓝V,https://arxiv.org/abs/2403.03507,https://arxiv.org/abs/2403.03507,True,high,arXiv,,arXiv
3434,,6105753431.0,,0,0,0,蓝V,https://www.nature.com/articles/s41586-024-07421-0,https://www.nature.com/articles/s41586-024-07421-0,True,high,Nature,,Nature
3435,,6105753431.0,,0,0,0,蓝V,https://arxiv.org/pdf/2407.09025,https://arxiv.org/pdf/2407.09025,True,high,arXiv,,arXiv
3436,,6105753431.0,,0,0,0,蓝V,https://www.science.org/doi/10.1126/scitranslmed.aba4373,https://www.science.org/doi/10.1126/scitranslmed.aba4373,True,high,DOI,10.1126/scitranslmed.aba4373,DOI
3437,,6105753431.0,,0,0,0,蓝V,https://arxiv.org/abs/2404.04671,https://arxiv.org/abs/2404.04671,True,high,arXiv,,arXiv
3438,,6105753431.0,,0,0,0,蓝V,https://www.science.org/doi/10.1126/science.adn0137,https://www.science.org/doi/10.1126/science.adn0137,True,high,DOI,10.1126/science.adn0137,DOI
3439,,6105753431.0,,0,0,0,蓝V,https://arxiv.org/abs/2408.15998v1,https://arxiv.org/abs/2408.15998v1,True,high,arXiv,,arXiv
3440,,6105753431.0,,0,0,0,蓝V,https://arxiv.org/abs/2005.11401,https://arxiv.org/abs/2005.11401,True,high,arXiv,,arXiv
3441,,6105753431.0,,0,0,0,蓝V,https://arxiv.org/pdf/2406.04882,https://arxiv.org/pdf/2406.04882,True,high,arXiv,,arXiv
3441,,6105753431.0,,0,0,0,蓝V,https://sites.google.com/view/instructnav,https://sites.google.com/view/instructnav,False,none,,,
3442,,6105753431.0,,0,0,0,蓝V,https://arxiv.org/abs/2408.17344,https://arxiv.org/abs/2408.17344,True,high,arXiv,,arXiv
3443,,6105753431.0,,0,0,0,蓝V,https://arxiv.org/abs/2402.03099,https://arxiv.org/abs/2402.03099,True,high,arXiv,,arXiv
3444,,6105753431.0,,0,0,0,蓝V,https://arxiv.org/abs/2406.15786,https://arxiv.org/abs/2406.15786,True,high,arXiv,,arXiv
3445,,6105753431.0,,0,0,0,蓝V,https://arxiv.org/abs/2410.02707,https://arxiv.org/abs/2410.02707,True,high,arXiv,,arXiv
3446,,6105753431.0,,0,0,0,蓝V,https://arxiv.org/abs/2411.07494,https://arxiv.org/abs/2411.07494,True,high,arXiv,,arXiv
3447,,6105753431.0,,0,0,0,蓝V,https://arxiv.org/abs/2411.00640,https://arxiv.org/abs/2411.00640,True,high,arXiv,,arXiv
3448,,6105753431.0,,0,0,0,蓝V,https://arxiv.org/abs/2410.12405,https://arxiv.org/abs/2410.12405,True,high,arXiv,,arXiv
3449,,6105753431.0,,0,0,0,蓝V,https://arxiv.org/abs/2412.01113,https://arxiv.org/abs/2412.01113,True,high,arXiv,,arXiv
3450,,6105753431.0,,0,0,0,蓝V,https://www.bmj.com/content/387/bmj-2024-081948,https://www.bmj.com/content/387/bmj-2024-081948,True,high,BMJ,,BMJ
3451,,6105753431.0,,0,0,0,蓝V,https://arxiv.org/abs/2412.08821,https://arxiv.org/abs/2412.08821,True,high,arXiv,,arXiv
3452,,6105753431.0,,0,0,0,蓝V,https://arxiv.org/abs/2412.10270,https://arxiv.org/abs/2412.10270,True,high,arXiv,,arXiv
3453,,1943129625.0,,0,0,0,普通用户,https://arxiv.org/abs/2307.09009,https://arxiv.org/abs/2307.09009,True,high,arXiv,,arXiv
3454,,1943129625.0,,0,0,0,普通用户,https://arxiv.org/abs/2310.06824,https://arxiv.org/abs/2310.06824,True,high,arXiv,,arXiv
3455,,1943129625.0,,0,0,0,普通用户,https://arxiv.org/pdf/2401.10020.pdf,https://arxiv.org/pdf/2401.10020.pdf,True,high,arXiv,,arXiv
3456,,1943129625.0,,0,0,0,普通用户,https://arxiv.org/abs/2401.12945,https://arxiv.org/abs/2401.12945,True,high,arXiv,,arXiv
3457,,1943129625.0,,0,0,0,普通用户,https://bjsm.bmj.com/content/51/10/812,https://bjsm.bmj.com/content/51/10/812,True,high,BMJ,,BMJ
3458,,1943129625.0,,0,0,0,普通用户,https://www.frontiersin.org/journals/pharmacology/articles/10.3389/fphar.2024.1370833/full,https://www.frontiersin.org/journals/pharmacology/articles/10.3389/fphar.2024.1370833/full,True,high,DOI,10.3389/fphar.2024.1370833/full,DOI
3459,,1970835843.0,,0,0,0,黄V,http://www.zjujournals.com/soc/CN/abstract/abstract11537.shtml,http://www.zjujournals.com/soc/CN/abstract/abstract11537.shtml,True,medium,学术特征,,/abstract/
3460,,6182606334.0,,0,0,0,红V,https://arxiv.org/abs/2402.15627,https://arxiv.org/abs/2402.15627,True,high,arXiv,,arXiv
3461,,5703921756.0,,0,0,0,蓝V,https://arxiv.org/abs/2301.07608,https://arxiv.org/abs/2301.07608,True,high,arXiv,,arXiv
3462,,1918726583.0,,0,0,0,普通用户,https://link.cnki.net/doi/10.13822/j.cnki.hxsj.2023.0569,https://link.cnki.net/doi/10.13822/j.cnki.hxsj.2023.0569,True,high,DOI,10.13822/j.cnki.hxsj.2023.0569,DOI
3463,,7394038218.0,,0,0,0,普通用户,https://doi.org/10.1111/jopy.12450,https://doi.org/10.1111/jopy.12450,True,high,DOI,10.1111/jopy.12450,DOI
3464,,3889212468.0,,0,0,0,普通用户,http://www.iapjournals.ac.cn/aas/en/article/doi/10.1007/s00376-020-9171-1,http://www.iapjournals.ac.cn/aas/en/article/doi/10.1007/s00376-020-9171-1,True,high,DOI,10.1007/s00376-020-9171-1,DOI
3465,,2857105983.0,,0,0,0,蓝V,https://ieeexplore.ieee.org/document/8858122,https://ieeexplore.ieee.org/document/8858122,True,high,IEEE Xplore,,IEEE Xplore
3466,,2857105983.0,,0,0,0,蓝V,https://ieeexplore.ieee.org/document/8858122,https://ieeexplore.ieee.org/document/8858122,True,high,IEEE Xplore,,IEEE Xplore
3467,,6869766331.0,,0,0,0,普通用户,https://www.medrxiv.org/content/10.1101/2020.02.01.20019984v1,https://www.medrxiv.org/content/10.1101/2020.02.01.20019984v1,True,high,DOI,10.1101/2020.02.01.20019984v1,DOI
3468,,6111997919.0,,0,0,0,普通用户,https://arxiv.org/pdf/2003.10428v1.pdf,https://arxiv.org/pdf/2003.10428v1.pdf,True,high,arXiv,,arXiv
3469,,6960931282.0,,0,0,0,蓝V,https://www.nature.com/articles/s41586-020-2095-1,https://www.nature.com/articles/s41586-020-2095-1,True,high,Nature,,Nature
3470,,5662898461.0,,0,0,0,蓝V,https://www.sciencedirect.com/science/article/pii/S2095311919628686,https://www.sciencedirect.com/science/article/pii/S2095311919628686,True,high,SPRINGER,,SPRINGER
3471,,6960931282.0,,0,0,0,蓝V,https://advances.sciencemag.org/content/6/12/eaaw9679,https://advances.sciencemag.org/content/6/12/eaaw9679,True,high,Science,,Science
3472,,6869766331.0,,0,0,0,普通用户,https://www.medrxiv.org/content/10.1101/2020.03.16.20036939v1,https://www.medrxiv.org/content/10.1101/2020.03.16.20036939v1,True,high,DOI,10.1101/2020.03.16.20036939v1,DOI
3472,,6869766331.0,,0,0,0,普通用户,https://papers.ssrn.com/sol3/papers.cfm?abstract_id=3539694,https://papers.ssrn.com/sol3/papers.cfm?abstract_id=3539694,True,high,SSRN,,SSRN
3472,,6869766331.0,,0,0,0,普通用户,https://www.ncbi.nlm.nih.gov/pmc/articles/PMC7001239/,https://www.ncbi.nlm.nih.gov/pmc/articles/PMC7001239/,True,high,PubMed,,PubMed
3473,,6869766331.0,,0,0,0,普通用户,https://www.medrxiv.org/content/10.1101/2020.03.02.20030312v2,https://www.medrxiv.org/content/10.1101/2020.03.02.20030312v2,True,high,DOI,10.1101/2020.03.02.20030312v2,DOI
3473,,6869766331.0,,0,0,0,普通用户,https://www.medrxiv.org/content/10.1101/2020.03.08.20030643v1,https://www.medrxiv.org/content/10.1101/2020.03.08.20030643v1,True,high,DOI,10.1101/2020.03.08.20030643v1,DOI
3473,,6869766331.0,,0,0,0,普通用户,https://www.medrxiv.org/content/10.1101/2020.03.01.20029801v2,https://www.medrxiv.org/content/10.1101/2020.03.01.20029801v2,True,high,DOI,10.1101/2020.03.01.20029801v2,DOI
3474,,6869766331.0,,0,0,0,普通用户,https://www.thelancet.com/journals/lanpub/article/PIIS2468-2667(20)30058-X/fulltext,https://www.thelancet.com/journals/lanpub/article/PIIS2468-2667(20)30058-X/fulltext,True,high,LANCET,,LANCET
3475,,6869766331.0,,0,0,0,普通用户,https://www.medrxiv.org/content/10.1101/2020.03.15.20036582v1,https://www.medrxiv.org/content/10.1101/2020.03.15.20036582v1,True,high,DOI,10.1101/2020.03.15.20036582v1,DOI
3475,,6869766331.0,,0,0,0,普通用户,https://www.medrxiv.org/content/10.1101/2020.03.14.20036178v1.full.pdf+html,https://www.medrxiv.org/content/10.1101/2020.03.14.20036178v1.full.pdf+html,True,high,DOI,10.1101/2020.03.14.20036178v1.full.pdf+html,DOI
3476,,2279408463.0,,0,0,0,蓝V,https://link.springer.com/article/10.1007/s42985-019-0002-0?utm_source=weibo&utm_medium=social&utm_content=organic&utm_campaign=SRCN_1_VW01_AWA_CN_CNIJ_SNPDE_Q1,https://link.springer.com/article/10.1007/s42985-019-0002-0?utm_source=weibo&utm_medium=social&utm_content=organic&utm_campaign=SRCN_1_VW01_AWA_CN_CNIJ_SNPDE_Q1,True,high,DOI,10.1007/s42985-019-0002-0?utm_source=weibo&utm_medium=social&utm_content=organic&utm_campaign=SRCN_1_VW01_AWA_CN_CNIJ_SNPDE_Q1,DOI
3477,,6960931282.0,,0,0,0,蓝V,https://www.biorxiv.org/content/10.1101/2020.03.07.982264v1,https://www.biorxiv.org/content/10.1101/2020.03.07.982264v1,True,high,DOI,10.1101/2020.03.07.982264v1,DOI
3478,,6960931282.0,,0,0,0,蓝V,https://www.biorxiv.org/content/10.1101/2020.03.10.986109v1,https://www.biorxiv.org/content/10.1101/2020.03.10.986109v1,True,high,DOI,10.1101/2020.03.10.986109v1,DOI
3479,,5329434101.0,,0,0,0,蓝V,https://nature.com/articles/s41561-020-0550-0?utm_source=weibo&utm_medium=social&utm_term=s41561-020-0550-0,https://nature.com/articles/s41561-020-0550-0?utm_source=weibo&utm_medium=social&utm_term=s41561-020-0550-0,True,high,Nature,,Nature
3480,,1764919567.0,,0,0,0,红V,https://arxiv.org/abs/2004.11384,https://arxiv.org/abs/2004.11384,True,high,arXiv,,arXiv
3481,,6843104261.0,,0,0,0,黄V,https://www.bmj.com/content/369/bmj.m824,https://www.bmj.com/content/369/bmj.m824,True,high,BMJ,,BMJ
3482,,6749228635.0,,0,0,0,普通用户,http://www.iue.cas.cn/xwzx/kydt/202005/P020200525304382566120.pdf,http://www.iue.cas.cn/xwzx/kydt/202005/P020200525304382566120.pdf,False,none,,,
3483,,1655747731.0,,0,0,0,红V,https://www.ncbi.nlm.nih.gov/pmc/articles/PMC6676657/,https://www.ncbi.nlm.nih.gov/pmc/articles/PMC6676657/,True,high,PubMed,,PubMed
3484,,2279408463.0,,0,0,0,蓝V,https://link.springer.com/article/10.1007%2Fs13132-020-00629-1?utm_source=weibo&utm_medium=social&utm_content=organic&utm_campaign=SRCN_1_NX01_CN_CNJS_BEPL_a,https://link.springer.com/article/10.1007/s13132-020-00629-1?utm_source=weibo&utm_medium=social&utm_content=organic&utm_campaign=SRCN_1_NX01_CN_CNJS_BEPL_a,True,high,DOI,10.1007/s13132-020-00629-1?utm_source=weibo&utm_medium=social&utm_content=organic&utm_campaign=SRCN_1_NX01_CN_CNJS_BEPL_a,DOI
3485,,6960931282.0,,0,0,0,蓝V,https://www.biorxiv.org/content/10.1101/2020.06.21.163550v1#COVID-19,https://www.biorxiv.org/content/10.1101/2020.06.21.163550v1#COVID-19,True,high,DOI,10.1101/2020.06.21.163550v1#COVID-19,DOI
3486,,1764919567.0,,0,0,0,红V,https://arxiv.org/abs/2007.14517,https://arxiv.org/abs/2007.14517,True,high,arXiv,,arXiv
3487,,7418766937.0,,0,0,0,蓝V,https://doi.org/10.1104/pp.19.01209,https://doi.org/10.1104/pp.19.01209,True,high,DOI,10.1104/pp.19.01209,DOI
3488,,6960931282.0,,0,0,0,蓝V,https://www.biorxiv.org/content/10.1101/2020.07.16.205088v1#COVID-19,https://www.biorxiv.org/content/10.1101/2020.07.16.205088v1#COVID-19,True,high,DOI,10.1101/2020.07.16.205088v1#COVID-19,DOI
3489,,7453239559.0,,0,0,0,普通用户,https://www.hanspub.org/journal/PaperInformation.aspx?paperID=33727,https://www.hanspub.org/journal/PaperInformation.aspx?paperID=33727,True,high,hans,,hans
3490,,2279408463.0,,0,0,0,蓝V,https://link.springer.com/chapter/10.1007/978-3-030-35656-9_2?utm_source=weibo&utm_medium=social&utm_content=organic&utm_campaign=SRCN_1_VW01_AWA_CN_CNLO_CondensedMatterPhy,https://link.springer.com/chapter/10.1007/978-3-030-35656-9_2?utm_source=weibo&utm_medium=social&utm_content=organic&utm_campaign=SRCN_1_VW01_AWA_CN_CNLO_CondensedMatterPhy,True,high,DOI,10.1007/978-3-030-35656-9_2?utm_source=weibo&utm_medium=social&utm_content=organic&utm_campaign=SRCN_1_VW01_AWA_CN_CNLO_CondensedMatterPhy,DOI
3491,,2279408463.0,,0,0,0,蓝V,https://link.springer.com/chapter/10.1007/978-3-662-53022-1_6?utm_source=weibo&utm_medium=social&utm_content=organic&utm_campaign=SRCN_1_ll01_CN_CNLO_SDGG_SusEne20,https://link.springer.com/chapter/10.1007/978-3-662-53022-1_6?utm_source=weibo&utm_medium=social&utm_content=organic&utm_campaign=SRCN_1_ll01_CN_CNLO_SDGG_SusEne20,True,high,DOI,10.1007/978-3-662-53022-1_6?utm_source=weibo&utm_medium=social&utm_content=organic&utm_campaign=SRCN_1_ll01_CN_CNLO_SDGG_SusEne20,DOI
3492,,1406419784.0,,0,0,0,普通用户,https://www.frontiersin.org/journals/research-metrics-and-analytics/articles/10.3389/frma.2023.1149347/full,https://www.frontiersin.org/journals/research-metrics-and-analytics/articles/10.3389/frma.2023.1149347/full,True,high,DOI,10.3389/frma.2023.1149347/full,DOI
3493,,1567057261.0,,0,0,0,普通用户,https://journal.hep.com.cn/fem/EN/10.1007/s42524-023-0276-y,https://journal.hep.com.cn/fem/EN/10.1007/s42524-023-0276-y,True,high,DOI,10.1007/s42524-023-0276-y,DOI
3494,,1402400261.0,,0,0,0,金V,https://arxiv.org/abs/2311.06783,https://arxiv.org/abs/2311.06783,True,high,arXiv,,arXiv
3495,,1402400261.0,,0,0,0,金V,https://arxiv.org/abs/2311.15435,https://arxiv.org/abs/2311.15435,True,high,arXiv,,arXiv
3496,,1402400261.0,,0,0,0,金V,https://arxiv.org/abs/2311.10982,https://arxiv.org/abs/2311.10982,True,high,arXiv,,arXiv
3497,,1402400261.0,,0,0,0,金V,https://arxiv.org/abs/2311.11501,https://arxiv.org/abs/2311.11501,True,high,arXiv,,arXiv
3498,,1402400261.0,,0,0,0,金V,https://arxiv.org/abs/2311.10123,https://arxiv.org/abs/2311.10123,True,high,arXiv,,arXiv
3499,,1402400261.0,,0,0,0,金V,https://arxiv.org/abs/2311.05698,https://arxiv.org/abs/2311.05698,True,high,arXiv,,arXiv
3500,,1402400261.0,,0,0,0,金V,https://www.nature.com/articles/s41586-023-06728-8?code=e50de912-9785-4c76-91b4-4fb3995c601e&error=cookies_not_supported,https://www.nature.com/articles/s41586-023-06728-8?code=e50de912-9785-4c76-91b4-4fb3995c601e&error=cookies_not_supported,True,high,Nature,,Nature
3501,,1402400261.0,,0,0,0,金V,https://arxiv.org/abs/2311.07590,https://arxiv.org/abs/2311.07590,True,high,arXiv,,arXiv
3502,,1402400261.0,,0,0,0,金V,https://arxiv.org/abs/2311.09217,https://arxiv.org/abs/2311.09217,True,high,arXiv,,arXiv
3503,,1402400261.0,,0,0,0,金V,https://arxiv.org/abs/2311.05997,https://arxiv.org/abs/2311.05997,True,high,arXiv,,arXiv
3504,,1402400261.0,,0,0,0,金V,https://arxiv.org/abs/2311.05640,https://arxiv.org/abs/2311.05640,True,high,arXiv,,arXiv
3505,,1402400261.0,,0,0,0,金V,https://arxiv.org/abs/2311.04400,https://arxiv.org/abs/2311.04400,True,high,arXiv,,arXiv
3506,,1402400261.0,,0,0,0,金V,https://arxiv.org/abs/2311.04257,https://arxiv.org/abs/2311.04257,True,high,arXiv,,arXiv
3507,,1402400261.0,,0,0,0,金V,https://arxiv.org/abs/2307.13304,https://arxiv.org/abs/2307.13304,True,high,arXiv,,arXiv
3508,,1402400261.0,,0,0,0,金V,https://arxiv.org/abs/2311.07424,https://arxiv.org/abs/2311.07424,True,high,arXiv,,arXiv
3509,,1402400261.0,,0,0,0,金V,https://arxiv.org/abs/2311.03348,https://arxiv.org/abs/2311.03348,True,high,arXiv,,arXiv
3510,,1402400261.0,,0,0,0,金V,https://arxiv.org/abs/2311.07919,https://arxiv.org/abs/2311.07919,True,high,arXiv,,arXiv
3511,,1402400261.0,,0,0,0,金V,https://arxiv.org/abs/2311.07911,https://arxiv.org/abs/2311.07911,True,high,arXiv,,arXiv
3512,,1402400261.0,,0,0,0,金V,https://arxiv.org/abs/2311.04931,https://arxiv.org/abs/2311.04931,True,high,arXiv,,arXiv
3513,,1402400261.0,,0,0,0,金V,https://arxiv.org/abs/2312.16886,https://arxiv.org/abs/2312.16886,True,high,arXiv,,arXiv
3514,,1402400261.0,,0,0,0,金V,https://arxiv.org/abs/2312.09299,https://arxiv.org/abs/2312.09299,True,high,arXiv,,arXiv
3515,,1402400261.0,,0,0,0,金V,https://arxiv.org/abs/2312.10997,https://arxiv.org/abs/2312.10997,True,high,arXiv,,arXiv
3516,,1402400261.0,,0,0,0,金V,https://arxiv.org/abs/2312.07814,https://arxiv.org/abs/2312.07814,True,high,arXiv,,arXiv
3517,,1402400261.0,,0,0,0,金V,https://arxiv.org/abs/2107.08924,https://arxiv.org/abs/2107.08924,True,high,arXiv,,arXiv
3518,,1402400261.0,,0,0,0,金V,https://arxiv.org/abs/2304.00917,https://arxiv.org/abs/2304.00917,True,high,arXiv,,arXiv
3519,,1402400261.0,,0,0,0,金V,https://arxiv.org/abs/2312.04567,https://arxiv.org/abs/2312.04567,True,high,arXiv,,arXiv
3520,,1402400261.0,,0,0,0,金V,https://arxiv.org/abs/2311.03721,https://arxiv.org/abs/2311.03721,True,high,arXiv,,arXiv
3521,,1402400261.0,,0,0,0,金V,https://arxiv.org/abs/2312.04655,https://arxiv.org/abs/2312.04655,True,high,arXiv,,arXiv
3522,,1402400261.0,,0,0,0,金V,https://arxiv.org/abs/2311.17301,https://arxiv.org/abs/2311.17301,True,high,arXiv,,arXiv
3523,,1402400261.0,,0,0,0,金V,https://arxiv.org/abs/2311.17650,https://arxiv.org/abs/2311.17650,True,high,arXiv,,arXiv
3524,,1402400261.0,,0,0,0,金V,https://arxiv.org/abs/2311.05607,https://arxiv.org/abs/2311.05607,True,high,arXiv,,arXiv
3525,,1402400261.0,,0,0,0,金V,https://arxiv.org/abs/2311.11973,https://arxiv.org/abs/2311.11973,True,high,arXiv,,arXiv
3526,,1402400261.0,,0,0,0,金V,https://arxiv.org/abs/2312.15166,https://arxiv.org/abs/2312.15166,True,high,arXiv,,arXiv
3527,,1402400261.0,,0,0,0,金V,https://arxiv.org/abs/2312.14385,https://arxiv.org/abs/2312.14385,True,high,arXiv,,arXiv
3528,,1402400261.0,,0,0,0,金V,https://arxiv.org/abs/2312.14238,https://arxiv.org/abs/2312.14238,True,high,arXiv,,arXiv
3529,,1402400261.0,,0,0,0,金V,https://arxiv.org/abs/2312.14862,https://arxiv.org/abs/2312.14862,True,high,arXiv,,arXiv
3530,,1402400261.0,,0,0,0,金V,https://arxiv.org/abs/2312.11370,https://arxiv.org/abs/2312.11370,True,high,arXiv,,arXiv
3531,,1402400261.0,,0,0,0,金V,https://arxiv.org/abs/2311.13435,https://arxiv.org/abs/2311.13435,True,high,arXiv,,arXiv
3532,,1402400261.0,,0,0,0,金V,https://arxiv.org/abs/2311.18834,https://arxiv.org/abs/2311.18834,True,high,arXiv,,arXiv
3533,,1402400261.0,,0,0,0,金V,https://arxiv.org/abs/2312.03160,https://arxiv.org/abs/2312.03160,True,high,arXiv,,arXiv
3534,,1402400261.0,,0,0,0,金V,https://arxiv.org/abs/2311.15930,https://arxiv.org/abs/2311.15930,True,high,arXiv,,arXiv
3535,,1402400261.0,,0,0,0,金V,https://arxiv.org/abs/2311.16989,https://arxiv.org/abs/2311.16989,True,high,arXiv,,arXiv
3536,,1402400261.0,,0,0,0,金V,https://arxiv.org/abs/2401.14398,https://arxiv.org/abs/2401.14398,True,high,arXiv,,arXiv
3537,,1402400261.0,,0,0,0,金V,https://arxiv.org/abs/2401.13388,https://arxiv.org/abs/2401.13388,True,high,arXiv,,arXiv
3538,,1402400261.0,,0,0,0,金V,https://arxiv.org/abs/2401.13601,https://arxiv.org/abs/2401.13601,True,high,arXiv,,arXiv
3539,,1402400261.0,,0,0,0,金V,https://arxiv.org/abs/2401.03048,https://arxiv.org/abs/2401.03048,True,high,arXiv,,arXiv
3540,,1402400261.0,,0,0,0,金V,https://arxiv.org/abs/2401.10822,https://arxiv.org/abs/2401.10822,True,high,arXiv,,arXiv
3541,,1402400261.0,,0,0,0,金V,https://arxiv.org/abs/2401.12208,https://arxiv.org/abs/2401.12208,True,high,arXiv,,arXiv
3542,,1402400261.0,,0,0,0,金V,https://arxiv.org/abs/2401.12503,https://arxiv.org/abs/2401.12503,True,high,arXiv,,arXiv
3543,,1402400261.0,,0,0,0,金V,https://arxiv.org/abs/2401.11067,https://arxiv.org/abs/2401.11067,True,high,arXiv,,arXiv
3544,,1402400261.0,,0,0,0,金V,https://arxiv.org/abs/2401.08541,https://arxiv.org/abs/2401.08541,True,high,arXiv,,arXiv
3545,,1402400261.0,,0,0,0,金V,https://arxiv.org/abs/2401.05749,https://arxiv.org/abs/2401.05749,True,high,arXiv,,arXiv
3546,,1402400261.0,,0,0,0,金V,https://arxiv.org/abs/2312.01479,https://arxiv.org/abs/2312.01479,True,high,arXiv,,arXiv
3547,,1402400261.0,,0,0,0,金V,https://arxiv.org/abs/2401.06468,https://arxiv.org/abs/2401.06468,True,high,arXiv,,arXiv
3548,,1402400261.0,,0,0,0,金V,https://arxiv.org/abs/2401.12168,https://arxiv.org/abs/2401.12168,True,high,arXiv,,arXiv
3549,,1402400261.0,,0,0,0,金V,https://arxiv.org/abs/2401.13313,https://arxiv.org/abs/2401.13313,True,high,arXiv,,arXiv
3550,,1402400261.0,,0,0,0,金V,https://arxiv.org/abs/2311.03687,https://arxiv.org/abs/2311.03687,True,high,arXiv,,arXiv
3551,,1402400261.0,,0,0,0,金V,https://arxiv.org/abs/2401.15071,https://arxiv.org/abs/2401.15071,True,high,arXiv,,arXiv
3552,,1402400261.0,,0,0,0,金V,https://arxiv.org/abs/2401.02038,https://arxiv.org/abs/2401.02038,True,high,arXiv,,arXiv
3553,,1402400261.0,,0,0,0,金V,https://arxiv.org/abs/2401.02385,https://arxiv.org/abs/2401.02385,True,high,arXiv,,arXiv
3554,,1402400261.0,,0,0,0,金V,https://arxiv.org/abs/2402.01761,https://arxiv.org/abs/2402.01761,True,high,arXiv,,arXiv
3555,,1402400261.0,,0,0,0,金V,https://arxiv.org/abs/2402.13718,https://arxiv.org/abs/2402.13718,True,high,arXiv,,arXiv
3556,,1402400261.0,,0,0,0,金V,https://arxiv.org/abs/2402.13232,https://arxiv.org/abs/2402.13232,True,high,arXiv,,arXiv
3557,,1402400261.0,,0,0,0,金V,https://arxiv.org/abs/2402.09664,https://arxiv.org/abs/2402.09664,True,high,arXiv,,arXiv
3558,,1402400261.0,,0,0,0,金V,https://arxiv.org/abs/2402.17512,https://arxiv.org/abs/2402.17512,True,high,arXiv,,arXiv
3559,,1402400261.0,,0,0,0,金V,https://arxiv.org/abs/2402.14652,https://arxiv.org/abs/2402.14652,True,high,arXiv,,arXiv
3560,,1402400261.0,,0,0,0,金V,https://arxiv.org/abs/2311.16567,https://arxiv.org/abs/2311.16567,True,high,arXiv,,arXiv
3561,,1402400261.0,,0,0,0,金V,https://arxiv.org/abs/2402.08093,https://arxiv.org/abs/2402.08093,True,high,arXiv,,arXiv
3562,,1402400261.0,,0,0,0,金V,https://arxiv.org/abs/2402.16569,https://arxiv.org/abs/2402.16569,True,high,arXiv,,arXiv
3563,,1402400261.0,,0,0,0,金V,https://arxiv.org/abs/2402.10176,https://arxiv.org/abs/2402.10176,True,high,arXiv,,arXiv
3564,,1402400261.0,,0,0,0,金V,https://arxiv.org/abs/2402.10171,https://arxiv.org/abs/2402.10171,True,high,arXiv,,arXiv
3565,,1402400261.0,,0,0,0,金V,https://arxiv.org/abs/2402.10978,https://arxiv.org/abs/2402.10978,True,high,arXiv,,arXiv
3566,,1402400261.0,,0,0,0,金V,https://arxiv.org/abs/2402.11684,https://arxiv.org/abs/2402.11684,True,high,arXiv,,arXiv
3567,,1402400261.0,,0,0,0,金V,https://arxiv.org/abs/2402.02680,https://arxiv.org/abs/2402.02680,True,high,arXiv,,arXiv
3568,,1402400261.0,,0,0,0,金V,https://arxiv.org/abs/2402.01867,https://arxiv.org/abs/2402.01867,True,high,arXiv,,arXiv
3569,,1402400261.0,,0,0,0,金V,https://arxiv.org/abs/2401.17053,https://arxiv.org/abs/2401.17053,True,high,arXiv,,arXiv
3570,,1402400261.0,,0,0,0,金V,https://arxiv.org/abs/2402.13178,https://arxiv.org/abs/2402.13178,True,high,arXiv,,arXiv
3571,,1402400261.0,,0,0,0,金V,https://arxiv.org/abs/2402.13116,https://arxiv.org/abs/2402.13116,True,high,arXiv,,arXiv
3572,,1402400261.0,,0,0,0,金V,https://arxiv.org/abs/2403.09611,https://arxiv.org/abs/2403.09611,True,high,arXiv,,arXiv
3573,,1402400261.0,,0,0,0,金V,https://arxiv.org/abs/2403.07920,https://arxiv.org/abs/2403.07920,True,high,arXiv,,arXiv
3574,,1402400261.0,,0,0,0,金V,https://arxiv.org/abs/2403.09032,https://arxiv.org/abs/2403.09032,True,high,arXiv,,arXiv
3575,,1402400261.0,,0,0,0,金V,https://arxiv.org/abs/2403.13031,https://arxiv.org/abs/2403.13031,True,high,arXiv,,arXiv
3576,,1402400261.0,,0,0,0,金V,https://arxiv.org/abs/2403.04121,https://arxiv.org/abs/2403.04121,True,high,arXiv,,arXiv
3577,,1402400261.0,,0,0,0,金V,https://arxiv.org/abs/2403.06869,https://arxiv.org/abs/2403.06869,True,high,arXiv,,arXiv
3578,,1402400261.0,,0,0,0,金V,https://arxiv.org/abs/2403.06265,https://arxiv.org/abs/2403.06265,True,high,arXiv,,arXiv
3579,,1402400261.0,,0,0,0,金V,https://arxiv.org/abs/2403.12722,https://arxiv.org/abs/2403.12722,True,high,arXiv,,arXiv
3580,,1402400261.0,,0,0,0,金V,https://arxiv.org/abs/2403.03893,https://arxiv.org/abs/2403.03893,True,high,arXiv,,arXiv
3581,,1402400261.0,,0,0,0,金V,https://arxiv.org/abs/2403.03744,https://arxiv.org/abs/2403.03744,True,high,arXiv,,arXiv
3582,,1402400261.0,,0,0,0,金V,https://arxiv.org/abs/2403.07718,https://arxiv.org/abs/2403.07718,True,high,arXiv,,arXiv
3583,,1402400261.0,,0,0,0,金V,https://arxiv.org/abs/2403.07750,https://arxiv.org/abs/2403.07750,True,high,arXiv,,arXiv
3584,,1402400261.0,,0,0,0,金V,https://arxiv.org/abs/2402.17826,https://arxiv.org/abs/2402.17826,True,high,arXiv,,arXiv
3585,,1402400261.0,,0,0,0,金V,https://arxiv.org/abs/2404.03189,https://arxiv.org/abs/2404.03189,True,high,arXiv,,arXiv
3586,,1402400261.0,,0,0,0,金V,https://arxiv.org/abs/2404.07940,https://arxiv.org/abs/2404.07940,True,high,arXiv,,arXiv
3587,,1402400261.0,,0,0,0,金V,https://arxiv.org/abs/2404.04925,https://arxiv.org/abs/2404.04925,True,high,arXiv,,arXiv
3588,,1402400261.0,,0,0,0,金V,https://arxiv.org/abs/2403.20330,https://arxiv.org/abs/2403.20330,True,high,arXiv,,arXiv
3589,,1402400261.0,,0,0,0,金V,https://arxiv.org/abs/2404.00399,https://arxiv.org/abs/2404.00399,True,high,arXiv,,arXiv
3590,,1402400261.0,,0,0,0,金V,https://arxiv.org/abs/2404.08676,https://arxiv.org/abs/2404.08676,True,high,arXiv,,arXiv
3591,,1402400261.0,,0,0,0,金V,https://arxiv.org/abs/2404.08885,https://arxiv.org/abs/2404.08885,True,high,arXiv,,arXiv
3592,,1402400261.0,,0,0,0,金V,https://arxiv.org/abs/2404.11973,https://arxiv.org/abs/2404.11973,True,high,arXiv,,arXiv
3593,,1402400261.0,,0,0,0,金V,https://arxiv.org/abs/2404.05726,https://arxiv.org/abs/2404.05726,True,high,arXiv,,arXiv
3594,,1402400261.0,,0,0,0,金V,https://arxiv.org/abs/2404.08137,https://arxiv.org/abs/2404.08137,True,high,arXiv,,arXiv
3595,,1402400261.0,,0,0,0,金V,https://arxiv.org/abs/2404.13013,https://arxiv.org/abs/2404.13013,True,high,arXiv,,arXiv
3596,,1402400261.0,,0,0,0,金V,https://arxiv.org/abs/2404.14367,https://arxiv.org/abs/2404.14367,True,high,arXiv,,arXiv
3597,,1402400261.0,,0,0,0,金V,https://arxiv.org/abs/2404.16821,https://arxiv.org/abs/2404.16821,True,high,arXiv,,arXiv
3598,,1402400261.0,,0,0,0,金V,https://arxiv.org/abs/2404.15522,https://arxiv.org/abs/2404.15522,True,high,arXiv,,arXiv
3599,,1402400261.0,,0,0,0,金V,https://arxiv.org/abs/2404.14469,https://arxiv.org/abs/2404.14469,True,high,arXiv,,arXiv
3600,,1402400261.0,,0,0,0,金V,https://arxiv.org/abs/2404.14963,https://arxiv.org/abs/2404.14963,True,high,arXiv,,arXiv
3601,,1402400261.0,,0,0,0,金V,https://arxiv.org/abs/2404.14387,https://arxiv.org/abs/2404.14387,True,high,arXiv,,arXiv
3602,,1402400261.0,,0,0,0,金V,https://arxiv.org/abs/2405.03207,https://arxiv.org/abs/2405.03207,True,high,arXiv,,arXiv
3603,,1402400261.0,,0,0,0,金V,https://arxiv.org/abs/2405.04532,https://arxiv.org/abs/2405.04532,True,high,arXiv,,arXiv
3604,,1402400261.0,,0,0,0,金V,https://arxiv.org/abs/2404.18424,https://arxiv.org/abs/2404.18424,True,high,arXiv,,arXiv
3605,,1402400261.0,,0,0,0,金V,https://arxiv.org/abs/2405.03162,https://arxiv.org/abs/2405.03162,True,high,arXiv,,arXiv
3606,,1402400261.0,,0,0,0,金V,https://arxiv.org/abs/2405.10936,https://arxiv.org/abs/2405.10936,True,high,arXiv,,arXiv
3607,,1402400261.0,,0,0,0,金V,https://arxiv.org/abs/2405.06211,https://arxiv.org/abs/2405.06211,True,high,arXiv,,arXiv
3608,,1402400261.0,,0,0,0,金V,https://arxiv.org/abs/2405.13021,https://arxiv.org/abs/2405.13021,True,high,arXiv,,arXiv
3609,,1402400261.0,,0,0,0,金V,https://arxiv.org/abs/2405.13019,https://arxiv.org/abs/2405.13019,True,high,arXiv,,arXiv
3610,,1402400261.0,,0,0,0,金V,https://arxiv.org/abs/2405.11143,https://arxiv.org/abs/2405.11143,True,high,arXiv,,arXiv
3611,,1402400261.0,,0,0,0,金V,https://arxiv.org/abs/2405.15007,https://arxiv.org/abs/2405.15007,True,high,arXiv,,arXiv
3612,,1402400261.0,,0,0,0,金V,https://arxiv.org/abs/2405.12819,https://arxiv.org/abs/2405.12819,True,high,arXiv,,arXiv
3613,,1402400261.0,,0,0,0,金V,https://arxiv.org/abs/2405.12532,https://arxiv.org/abs/2405.12532,True,high,arXiv,,arXiv
3614,,1402400261.0,,0,0,0,金V,https://arxiv.org/abs/2406.08587,https://arxiv.org/abs/2406.08587,True,high,arXiv,,arXiv
3615,,1402400261.0,,0,0,0,金V,https://arxiv.org/abs/2406.06391,https://arxiv.org/abs/2406.06391,True,high,arXiv,,arXiv
3616,,1402400261.0,,0,0,0,金V,https://arxiv.org/abs/2406.09170,https://arxiv.org/abs/2406.09170,True,high,arXiv,,arXiv
3617,,1402400261.0,,0,0,0,金V,https://arxiv.org/abs/2406.11794,https://arxiv.org/abs/2406.11794,True,high,arXiv,,arXiv
3618,,1402400261.0,,0,0,0,金V,https://arxiv.org/abs/2406.13175,https://arxiv.org/abs/2406.13175,True,high,arXiv,,arXiv
3619,,1402400261.0,,0,0,0,金V,https://arxiv.org/abs/2406.05955,https://arxiv.org/abs/2406.05955,True,high,arXiv,,arXiv
3620,,1402400261.0,,0,0,0,金V,https://arxiv.org/abs/2406.10903,https://arxiv.org/abs/2406.10903,True,high,arXiv,,arXiv
3621,,1402400261.0,,0,0,0,金V,https://arxiv.org/abs/2406.12775,https://arxiv.org/abs/2406.12775,True,high,arXiv,,arXiv
3622,,1402400261.0,,0,0,0,金V,https://arxiv.org/abs/2406.11903,https://arxiv.org/abs/2406.11903,True,high,arXiv,,arXiv
3623,,1402400261.0,,0,0,0,金V,https://arxiv.org/abs/2405.15973,https://arxiv.org/abs/2405.15973,True,high,arXiv,,arXiv
3624,,1402400261.0,,0,0,0,金V,https://arxiv.org/abs/2406.03445,https://arxiv.org/abs/2406.03445,True,high,arXiv,,arXiv
3625,,1402400261.0,,0,0,0,金V,https://arxiv.org/abs/2405.19315,https://arxiv.org/abs/2405.19315,True,high,arXiv,,arXiv
3626,,1402400261.0,,0,0,0,金V,https://arxiv.org/abs/2406.01574,https://arxiv.org/abs/2406.01574,True,high,arXiv,,arXiv
3627,,1402400261.0,,0,0,0,金V,https://arxiv.org/abs/2406.02290,https://arxiv.org/abs/2406.02290,True,high,arXiv,,arXiv
3628,,1402400261.0,,0,0,0,金V,https://arxiv.org/abs/2407.18003,https://arxiv.org/abs/2407.18003,True,high,arXiv,,arXiv
3629,,1402400261.0,,0,0,0,金V,https://arxiv.org/abs/2407.12994,https://arxiv.org/abs/2407.12994,True,high,arXiv,,arXiv
3630,,1402400261.0,,0,0,0,金V,https://arxiv.org/abs/2407.12858,https://arxiv.org/abs/2407.12858,True,high,arXiv,,arXiv
3631,,1402400261.0,,0,0,0,金V,https://arxiv.org/abs/2407.14507,https://arxiv.org/abs/2407.14507,True,high,arXiv,,arXiv
3632,,1402400261.0,,0,0,0,金V,https://arxiv.org/abs/2407.07321,https://arxiv.org/abs/2407.07321,True,high,arXiv,,arXiv
3633,,1402400261.0,,0,0,0,金V,https://arxiv.org/abs/2407.11963,https://arxiv.org/abs/2407.11963,True,high,arXiv,,arXiv
3634,,1402400261.0,,0,0,0,金V,https://arxiv.org/abs/2407.05361,https://arxiv.org/abs/2407.05361,True,high,arXiv,,arXiv
3635,,1402400261.0,,0,0,0,金V,https://arxiv.org/abs/2407.08716,https://arxiv.org/abs/2407.08716,True,high,arXiv,,arXiv
3636,,1402400261.0,,0,0,0,金V,https://arxiv.org/abs/2407.03320,https://arxiv.org/abs/2407.03320,True,high,arXiv,,arXiv
3637,,1402400261.0,,0,0,0,金V,https://arxiv.org/abs/2407.03502,https://arxiv.org/abs/2407.03502,True,high,arXiv,,arXiv
3638,,1402400261.0,,0,0,0,金V,https://arxiv.org/abs/2407.00434,https://arxiv.org/abs/2407.00434,True,high,arXiv,,arXiv
3639,,1402400261.0,,0,0,0,金V,https://arxiv.org/abs/2406.15567,https://arxiv.org/abs/2406.15567,True,high,arXiv,,arXiv
3640,,1402400261.0,,0,0,0,金V,https://arxiv.org/abs/2406.17055,https://arxiv.org/abs/2406.17055,True,high,arXiv,,arXiv
3641,,1402400261.0,,0,0,0,金V,https://arxiv.org/abs/2406.18740,https://arxiv.org/abs/2406.18740,True,high,arXiv,,arXiv
3642,,1402400261.0,,0,0,0,金V,https://arxiv.org/abs/2408.06361,https://arxiv.org/abs/2408.06361,True,high,arXiv,,arXiv
3643,,1402400261.0,,0,0,0,金V,https://arxiv.org/abs/2408.07611,https://arxiv.org/abs/2408.07611,True,high,arXiv,,arXiv
3644,,1402400261.0,,0,0,0,金V,https://arxiv.org/abs/2408.08872,https://arxiv.org/abs/2408.08872,True,high,arXiv,,arXiv
3645,,1402400261.0,,0,0,0,金V,https://arxiv.org/abs/2409.03752,https://arxiv.org/abs/2409.03752,True,high,arXiv,,arXiv
3646,,1402400261.0,,0,0,0,金V,https://arxiv.org/abs/2409.02387,https://arxiv.org/abs/2409.02387,True,high,arXiv,,arXiv
3647,,1402400261.0,,0,0,0,金V,https://arxiv.org/abs/2409.02795,https://arxiv.org/abs/2409.02795,True,high,arXiv,,arXiv
3648,,1402400261.0,,0,0,0,金V,https://arxiv.org/abs/2409.02060,https://arxiv.org/abs/2409.02060,True,high,arXiv,,arXiv
3649,,1402400261.0,,0,0,0,金V,https://arxiv.org/abs/2409.11402,https://arxiv.org/abs/2409.11402,True,high,arXiv,,arXiv
3650,,1402400261.0,,0,0,0,金V,https://arxiv.org/abs/2409.19924,https://arxiv.org/abs/2409.19924,True,high,arXiv,,arXiv
3651,,1402400261.0,,0,0,0,金V,https://arxiv.org/abs/2411.02265,https://arxiv.org/abs/2411.02265,True,high,arXiv,,arXiv
3652,,2258786135.0,,0,0,0,普通用户,http://www.cjter.com/CN/10.3969/j.issn.2095-4344.2867,http://www.cjter.com/CN/10.3969/j.issn.2095-4344.2867,True,high,DOI,10.3969/j.issn.2095-4344.2867,DOI
3653,,2258786135.0,,0,0,0,普通用户,http://www.cjter.com/CN/10.3969/j.issn.2095-4344.2856,http://www.cjter.com/CN/10.3969/j.issn.2095-4344.2856,True,high,DOI,10.3969/j.issn.2095-4344.2856,DOI
3654,,1918726583.0,,0,0,0,普通用户,https://kns.cnki.net/KCMS/detail/detail.aspx?dbcode=CJFQ&dbname=CJFDLAST2020&filename=HXSJ202007006&v=MDU5OTlJTFRYWVpMRzRITkhNcUk5RllvUjhlWDFMdXhZUzdEaDFUM3FUcldNMUZyQ1VSN3FmYnVSb0ZpSG5Wci8=,https://kns.cnki.net/KCMS/detail/detail.aspx?dbcode=CJFQ&dbname=CJFDLAST2020&filename=HXSJ202007006&v=MDU5OTlJTFRYWVpMRzRITkhNcUk5RllvUjhlWDFMdXhZUzdEaDFUM3FUcldNMUZyQ1VSN3FmYnVSb0ZpSG5Wci8=,True,high,CNKI,,CNKI
3655,,6655475536.0,,0,0,0,蓝V,https://www.thelancet.com/journals/langlo/article/PIIS2214-109X(20)30383-1/fulltext,https://www.thelancet.com/journals/langlo/article/PIIS2214-109X(20)30383-1/fulltext,True,high,LANCET,,LANCET
3656,,7387623596.0,,0,0,0,普通用户,https://journals.sagepub.com/doi/full/10.1177/0268580920905464,https://journals.sagepub.com/doi/full/10.1177/0268580920905464,True,high,DOI,10.1177/0268580920905464,DOI
3657,,2258786135.0,,0,0,0,普通用户,http://www.cjter.com/CN/abstract/abstract16069.shtml,http://www.cjter.com/CN/abstract/abstract16069.shtml,True,medium,学术特征,,/abstract/
3658,,2258786135.0,,0,0,0,普通用户,http://www.cjter.com/CN/abstract/abstract16066.shtml,http://www.cjter.com/CN/abstract/abstract16066.shtml,True,medium,学术特征,,/abstract/
3659,,1764919567.0,,0,0,0,红V,https://arxiv.org/abs/2010.13801,https://arxiv.org/abs/2010.13801,True,high,arXiv,,arXiv
3659,,1764919567.0,,0,0,0,红V,https://arxiv.org/abs/2010.13789,https://arxiv.org/abs/2010.13789,True,high,arXiv,,arXiv
3660,,5329434101.0,,0,0,0,蓝V,https://www.nature.com/articles/s41467-020-18934-3?utm_source=weibo&utm_medium=social&utm_term=s41467-020-18934-3,https://www.nature.com/articles/s41467-020-18934-3?utm_source=weibo&utm_medium=social&utm_term=s41467-020-18934-3,True,high,Nature,,Nature
3661,,3891896600.0,,0,0,0,蓝V,https://doi.org/10.1080/16742834.2020.1824984,https://doi.org/10.1080/16742834.2020.1824984,True,high,DOI,10.1080/16742834.2020.1824984,DOI
3662,,5662898461.0,,0,0,0,蓝V,https://www.sciencedirect.com/science/article/pii/S2095311919625670,https://www.sciencedirect.com/science/article/pii/S2095311919625670,True,high,SPRINGER,,SPRINGER
3663,,5662898461.0,,0,0,0,蓝V,https://www.sciencedirect.com/science/article/pii/S2095311919628686,https://www.sciencedirect.com/science/article/pii/S2095311919628686,True,high,SPRINGER,,SPRINGER
3664,,6960931282.0,,0,0,0,蓝V,https://www.biorxiv.org/content/10.1101/2020.10.23.351775v1,https://www.biorxiv.org/content/10.1101/2020.10.23.351775v1,True,high,DOI,10.1101/2020.10.23.351775v1,DOI
3664,,6960931282.0,,0,0,0,蓝V,https://www.biorxiv.org/content/10.1101/2020.10.23.344085v1,https://www.biorxiv.org/content/10.1101/2020.10.23.344085v1,True,high,DOI,10.1101/2020.10.23.344085v1,DOI
3665,,2258786135.0,,0,0,0,普通用户,http://www.cjter.com/CN/10.3969/j.issn.2095-4344.2882,http://www.cjter.com/CN/10.3969/j.issn.2095-4344.2882,True,high,DOI,10.3969/j.issn.2095-4344.2882,DOI
3666,,1894295570.0,,0,0,0,蓝V,https://www.scirp.org/journal/paperinformation.aspx?paperid=104382&utm_campaign=weibo&utm_medium=chenling,https://www.scirp.org/journal/paperinformation.aspx?paperid=104382&utm_campaign=weibo&utm_medium=chenling,True,high,SCIRP 美国科研出版社,,SCIRP 美国科研出版社
3667,,6960931282.0,,0,0,0,蓝V,https://www.nature.com/articles/s41586-020-03095-6,https://www.nature.com/articles/s41586-020-03095-6,True,high,Nature,,Nature
3668,,6960931282.0,,0,0,0,蓝V,https://www.medrxiv.org/content/10.1101/2020.12.15.20246819v1,https://www.medrxiv.org/content/10.1101/2020.12.15.20246819v1,True,high,DOI,10.1101/2020.12.15.20246819v1,DOI
3669,,1729014640.0,,0,0,0,蓝V,https://doi.org/10.1126/science.abb7772,https://doi.org/10.1126/science.abb7772,True,high,DOI,10.1126/science.abb7772,DOI
3670,,2794083144.0,,0,0,0,蓝V,https://doi.org/10.15252/embj.2021109324,https://doi.org/10.15252/embj.2021109324,True,high,DOI,10.15252/embj.2021109324,DOI
3671,,2427364747.0,,0,0,0,蓝V,https://doi.org/10.1126/science.abb7772,https://doi.org/10.1126/science.abb7772,True,high,DOI,10.1126/science.abb7772,DOI
3672,,1729014640.0,,0,0,0,蓝V,https://doi.org/10.1126/science.aaz5756,https://doi.org/10.1126/science.aaz5756,True,high,DOI,10.1126/science.aaz5756,DOI
3673,,6960931282.0,,0,0,0,蓝V,https://www.biorxiv.org/content/10.1101/2020.12.01.406637v1,https://www.biorxiv.org/content/10.1101/2020.12.01.406637v1,True,high,DOI,10.1101/2020.12.01.406637v1,DOI
3674,,1894295570.0,,0,0,0,蓝V,https://www.scirp.org/journal/paperinformation.aspx?paperid=106548&utm_campaign=weibo&utm_medium=chenling,https://www.scirp.org/journal/paperinformation.aspx?paperid=106548&utm_campaign=weibo&utm_medium=chenling,True,high,SCIRP 美国科研出版社,,SCIRP 美国科研出版社
3675,,1945345954.0,,0,0,0,普通用户,https://onlinelibrary.wiley.com/doi/10.1002/nano.202000287,https://onlinelibrary.wiley.com/doi/10.1002/nano.202000287,True,high,DOI,10.1002/nano.202000287,DOI
3676,,2279408463.0,,0,0,0,蓝V,https://link.springer.com/article/10.1007/s11768-020-00014-y?utm_source=weibo&utm_medium=social&utm_content=organic&utm_campaign=SRCN_3_ll01_CN_cnij_11768,https://link.springer.com/article/10.1007/s11768-020-00014-y?utm_source=weibo&utm_medium=social&utm_content=organic&utm_campaign=SRCN_3_ll01_CN_cnij_11768,True,high,DOI,10.1007/s11768-020-00014-y?utm_source=weibo&utm_medium=social&utm_content=organic&utm_campaign=SRCN_3_ll01_CN_cnij_11768,DOI
3677,,5329434101.0,,0,0,0,蓝V,https://www.nature.com/articles/s41586-020-03155-x?utm_source=weibo&utm_medium=social&utm_term=s41586-020-03155-x,https://www.nature.com/articles/s41586-020-03155-x?utm_source=weibo&utm_medium=social&utm_term=s41586-020-03155-x,True,high,Nature,,Nature
3678,,5329434101.0,,0,0,0,蓝V,https://www.nature.com/articles/s41558-020-00958-8?utm_source=weibo&utm_medium=social&utm_term=s41558-020-00958-8,https://www.nature.com/articles/s41558-020-00958-8?utm_source=weibo&utm_medium=social&utm_term=s41558-020-00958-8,True,high,Nature,,Nature
3679,,1729014640.0,,0,0,0,蓝V,https://doi.org/10.3389/fgene.2021.611476,https://doi.org/10.3389/fgene.2021.611476,True,high,DOI,10.3389/fgene.2021.611476,DOI
3680,,5662898461.0,,0,0,0,蓝V,https://www.sciencedirect.com/science/article/pii/S2095311918620465,https://www.sciencedirect.com/science/article/pii/S2095311918620465,True,high,SPRINGER,,SPRINGER
3681,,5662898461.0,,0,0,0,蓝V,https://www.sciencedirect.com/science/article/pii/S2095311919627966,https://www.sciencedirect.com/science/article/pii/S2095311919627966,True,high,SPRINGER,,SPRINGER
3682,,6536754860.0,,0,0,0,蓝V,http://c.kawo.com/6062aba28ac7425eb0d096af,http://c.kawo.com/6062aba28ac7425eb0d096af,True,high,Nature,,Nature
3683,,5329434101.0,,0,0,0,蓝V,https://www.nature.com/articles/s41467-021-21849-2?utm_source=weibo&utm_medium=social&utm_term=s41467-021-21849-2,https://www.nature.com/articles/s41467-021-21849-2?utm_source=weibo&utm_medium=social&utm_term=s41467-021-21849-2,True,high,Nature,,Nature
3684,,6655475536.0,,0,0,0,蓝V,https://www.thelancet.com/journals/lanplh/article/PIIS2542-5196(20)30268-0/fulltext,https://www.thelancet.com/journals/lanplh/article/PIIS2542-5196(20)30268-0/fulltext,True,high,LANCET,,LANCET
3685,,2810904414.0,,0,0,0,黄V,https://www.cell.com/molecular-cell/fulltext/S1097-2765(21)00003-4,https://www.cell.com/molecular-cell/fulltext/S1097-2765(21)00003-4,True,high,CELL PRESS,,CELL PRESS
3686,,3275213384.0,,0,0,0,蓝V,https://www.cell.com/cell/fulltext/S0092-8674(21)00239-7?utm_medium=weibo,https://www.cell.com/cell/fulltext/S0092-8674(21)00239-7?utm_medium=weibo,True,high,CELL PRESS,,CELL PRESS
3687,,2427364747.0,,0,0,0,蓝V,https://doi.org/10.1016/j.celrep.2021.108804,https://doi.org/10.1016/j.celrep.2021.108804,True,high,DOI,10.1016/j.celrep.2021.108804,DOI
3688,,1918726583.0,,0,0,0,普通用户,https://kns.cnki.net/KCMS/detail/detail.aspx?dbcode=CJFQ&dbname=CJFDLAST2020&filename=HXSJ202012020&v=MDMyODhZK1J1RmlIaFZiM01MVFhZWkxHNEhOSE5yWTlIWklSOGVYMUx1eFlTN0RoMVQzcVRyV00xRnJDVVI3dWY=,https://kns.cnki.net/KCMS/detail/detail.aspx?dbcode=CJFQ&dbname=CJFDLAST2020&filename=HXSJ202012020&v=MDMyODhZK1J1RmlIaFZiM01MVFhZWkxHNEhOSE5yWTlIWklSOGVYMUx1eFlTN0RoMVQzcVRyV00xRnJDVVI3dWY=,True,high,CNKI,,CNKI
3689,,1729014640.0,,0,0,0,蓝V,https://journals.aps.org/prl/abstract/10.1103/PhysRevLett.126.141801,https://journals.aps.org/prl/abstract/10.1103/PhysRevLett.126.141801,True,high,DOI,10.1103/PhysRevLett.126.141801,DOI
3690,,2427364747.0,,0,0,0,蓝V,https://doi.org/10.5194/tc-15-1501-2021,https://doi.org/10.5194/tc-15-1501-2021,True,high,DOI,10.5194/tc-15-1501-2021,DOI
3691,,1729014640.0,,0,0,0,蓝V,https://doi.org/10.5194/tc-15-1501-2021,https://doi.org/10.5194/tc-15-1501-2021,True,high,DOI,10.5194/tc-15-1501-2021,DOI
3692,,2427364747.0,,0,0,0,蓝V,https://doi.org/10.1038/s41467-021-23242-5,https://doi.org/10.1038/s41467-021-23242-5,True,high,DOI,10.1038/s41467-021-23242-5,DOI
3693,,6106257097.0,,0,0,0,蓝V,https://link.springer.com/article/10.1007/s12209-020-00270-8,https://link.springer.com/article/10.1007/s12209-020-00270-8,True,high,DOI,10.1007/s12209-020-00270-8,DOI
3694,,2279408463.0,,0,0,0,蓝V,https://jfin-swufe.springeropen.com/articles/10.1186/s40854-021-00228-2?utm_source=weibo&utm_medium=social&utm_content=organic&utm_campaign=SRCN_1_NX01_CN_CNIJ_HSS_JFIN_a,https://jfin-swufe.springeropen.com/articles/10.1186/s40854-021-00228-2?utm_source=weibo&utm_medium=social&utm_content=organic&utm_campaign=SRCN_1_NX01_CN_CNIJ_HSS_JFIN_a,True,high,DOI,10.1186/s40854-021-00228-2?utm_source=weibo&utm_medium=social&utm_content=organic&utm_campaign=SRCN_1_NX01_CN_CNIJ_HSS_JFIN_a,DOI
3695,,2279408463.0,,0,0,0,蓝V,https://jfin-swufe.springeropen.com/articles/10.1186/s40854-020-00207-z?utm_source=weibo&utm_medium=social&utm_content=organic&utm_campaign=SRCN_1_NX01_CN_CNIJ_HSS_JFIN_a,https://jfin-swufe.springeropen.com/articles/10.1186/s40854-020-00207-z?utm_source=weibo&utm_medium=social&utm_content=organic&utm_campaign=SRCN_1_NX01_CN_CNIJ_HSS_JFIN_a,True,high,DOI,10.1186/s40854-020-00207-z?utm_source=weibo&utm_medium=social&utm_content=organic&utm_campaign=SRCN_1_NX01_CN_CNIJ_HSS_JFIN_a,DOI
3696,,1729014640.0,,0,0,0,蓝V,https://doi.org/10.1126/sciadv.abg4511,https://doi.org/10.1126/sciadv.abg4511,True,high,DOI,10.1126/sciadv.abg4511,DOI
3697,,2427364747.0,,0,0,0,蓝V,https://doi.org/10.1038/s41550-021-01384-2,https://doi.org/10.1038/s41550-021-01384-2,True,high,DOI,10.1038/s41550-021-01384-2,DOI
3698,,2427364747.0,,0,0,0,蓝V,https://www.nature.com/articles/s41559-021-01485-1,https://www.nature.com/articles/s41559-021-01485-1,True,high,Nature,,Nature
3699,,7453239559.0,,0,0,0,普通用户,https://www.hanspub.org/journal/PaperInformation.aspx?paperID=42651,https://www.hanspub.org/journal/PaperInformation.aspx?paperID=42651,True,high,hans,,hans
3700,,6536754860.0,,0,0,0,蓝V,http://c.kawo.com/60c0a2a18ac74258858cf501,http://c.kawo.com/60c0a2a18ac74258858cf501,True,high,Nature,,Nature
3701,,1729014640.0,,0,0,0,蓝V,https://www.cell.com/cell-reports/fulltext/S2211-1247(21)00539-8,https://www.cell.com/cell-reports/fulltext/S2211-1247(21)00539-8,True,high,CELL PRESS,,CELL PRESS
3702,,2427364747.0,,0,0,0,蓝V,https://doi.org/10.1038/s41565-021-00921-4,https://doi.org/10.1038/s41565-021-00921-4,True,high,DOI,10.1038/s41565-021-00921-4,DOI
3703,,5329434101.0,,0,0,0,蓝V,https://www.nature.com/articles/s41598-021-95025-3?utm_source=weibo&utm_medium=social&utm_term=s41598-021-95025-3,https://www.nature.com/articles/s41598-021-95025-3?utm_source=weibo&utm_medium=social&utm_term=s41598-021-95025-3,True,high,Nature,,Nature
3704,,1729014640.0,,0,0,0,蓝V,https://doi.org/10.1016/j.tig.2021.06.001,https://doi.org/10.1016/j.tig.2021.06.001,True,high,DOI,10.1016/j.tig.2021.06.001,DOI
3705,,1235572171.0,,0,0,0,蓝V,https://advances.sciencemag.org/content/7/31/eabf8021,https://advances.sciencemag.org/content/7/31/eabf8021,True,high,Science,,Science
3706,,1729014640.0,,0,0,0,蓝V,https://doi.org/10.1038/s41561-021-00793-2,https://doi.org/10.1038/s41561-021-00793-2,True,high,DOI,10.1038/s41561-021-00793-2,DOI
3707,,1729014640.0,,0,0,0,蓝V,https://doi.org/10.1038/s41561-021-00781-6,https://doi.org/10.1038/s41561-021-00781-6,True,high,DOI,10.1038/s41561-021-00781-6,DOI
3708,,1235572171.0,,0,0,0,蓝V,https://doi.org/10.1111/gcb.15769,https://doi.org/10.1111/gcb.15769,True,high,DOI,10.1111/gcb.15769,DOI
3709,,1917491813.0,,0,0,0,黄V,https://arxiv.org/pdf/2004.04696.pdf,https://arxiv.org/pdf/2004.04696.pdf,True,high,arXiv,,arXiv
3710,,2810904414.0,,0,0,0,黄V,https://journals.plos.org/plosbiology/article?id=10.1371/journal.pbio.3001323,https://journals.plos.org/plosbiology/article?id=10.1371/journal.pbio.3001323,True,high,DOI,10.1371/journal.pbio.3001323,DOI
3711,,2427364747.0,,0,0,0,蓝V,https://doi.org/10.1038/s41561-021-00793-2,https://doi.org/10.1038/s41561-021-00793-2,True,high,DOI,10.1038/s41561-021-00793-2,DOI
3712,,1895401411.0,,0,0,0,普通用户,https://arxiv.org/abs/2203.00555,https://arxiv.org/abs/2203.00555,True,high,arXiv,,arXiv
3713,,1729014640.0,,0,0,0,蓝V,https://doi.org/10.1016/j.cub.2021.06.013,https://doi.org/10.1016/j.cub.2021.06.013,True,high,DOI,10.1016/j.cub.2021.06.013,DOI
3714,,1729014640.0,,0,0,0,蓝V,https://doi.org/10.1186/s12983-021-00423-y,https://doi.org/10.1186/s12983-021-00423-y,True,high,DOI,10.1186/s12983-021-00423-y,DOI
3715,,2427364747.0,,0,0,0,蓝V,https://doi.org/10.1038/s41467-021-24943-7,https://doi.org/10.1038/s41467-021-24943-7,True,high,DOI,10.1038/s41467-021-24943-7,DOI
3716,,2427364747.0,,0,0,0,蓝V,https://frontiersinzoology.biomedcentral.com/articles/10.1186/s12983-021-00423-y,https://frontiersinzoology.biomedcentral.com/articles/10.1186/s12983-021-00423-y,True,high,DOI,10.1186/s12983-021-00423-y,DOI
3717,,2427364747.0,,0,0,0,蓝V,https://doi.org/10.1016/j.resconrec.2021.105811,https://doi.org/10.1016/j.resconrec.2021.105811,True,high,DOI,10.1016/j.resconrec.2021.105811,DOI
3718,,1729014640.0,,0,0,0,蓝V,https://doi.org/10.1073/pnas.2100500118,https://doi.org/10.1073/pnas.2100500118,True,high,DOI,10.1073/pnas.2100500118,DOI
3719,,1729014640.0,,0,0,0,蓝V,https://doi.org/10.1038/s41467-021-24943-7,https://doi.org/10.1038/s41467-021-24943-7,True,high,DOI,10.1038/s41467-021-24943-7,DOI
3720,,2427364747.0,,0,0,0,蓝V,https://doi.org/10.1038/s41598-021-95025-3,https://doi.org/10.1038/s41598-021-95025-3,True,high,DOI,10.1038/s41598-021-95025-3,DOI
3721,,1729014640.0,,0,0,0,蓝V,https://doi.org/10.1038/s41565-021-00972-7,https://doi.org/10.1038/s41565-021-00972-7,True,high,DOI,10.1038/s41565-021-00972-7,DOI
3722,,1235572171.0,,0,0,0,蓝V,https://iopscience.iop.org/article/10.3847/1538-4357/ac00b5,https://iopscience.iop.org/article/10.3847/1538-4357/ac00b5,True,high,DOI,10.3847/1538-4357/ac00b5,DOI
3723,,1830516311.0,,0,0,0,普通用户,https://arxiv.org/pdf/2303.16434.pdf,https://arxiv.org/pdf/2303.16434.pdf,True,high,arXiv,,arXiv
3724,,6034375475.0,,0,0,0,普通用户,http://www.ams-journal.org.cn/website/cn/article/doi/10.12362/j.issn.1671-6647.20221221001,http://www.ams-journal.org.cn/website/cn/article/doi/10.12362/j.issn.1671-6647.20221221001,True,high,DOI,10.12362/j.issn.1671-6647.20221221001,DOI
3725,,1916416185.0,,0,0,0,普通用户,https://arxiv.org/abs/2406.18365,https://arxiv.org/abs/2406.18365,True,high,arXiv,,arXiv
3726,,1679022231.0,,0,0,0,普通用户,http://arxiv.org/pdf/2410.16458,http://arxiv.org/pdf/2410.16458,True,high,arXiv,,arXiv
3727,,1235572171.0,,0,0,0,蓝V,https://journals.aps.org/prd/abstract/10.1103/PhysRevD.104.063023,https://journals.aps.org/prd/abstract/10.1103/PhysRevD.104.063023,True,high,DOI,10.1103/PhysRevD.104.063023,DOI
3728,,1729014640.0,,0,0,0,蓝V,https://doi.org/10.1038/s41594-021-00645-y,https://doi.org/10.1038/s41594-021-00645-y,True,high,DOI,10.1038/s41594-021-00645-y,DOI
3729,,1729014640.0,,0,0,0,蓝V,https://doi.org/10.1073/pnas.2101155118,https://doi.org/10.1073/pnas.2101155118,True,high,DOI,10.1073/pnas.2101155118,DOI
3730,,1729014640.0,,0,0,0,蓝V,https://doi.org/10.3847/1538-4357/ac0c78,https://doi.org/10.3847/1538-4357/ac0c78,True,high,DOI,10.3847/1538-4357/ac0c78,DOI
3731,,7453239559.0,,0,0,0,普通用户,https://www.hanspub.org/journal/PaperInformation.aspx?paperID=45099,https://www.hanspub.org/journal/PaperInformation.aspx?paperID=45099,True,high,hans,,hans
3732,,2427364747.0,,0,0,0,蓝V,https://doi.org/10.1038/s41586-021-03976-4,https://doi.org/10.1038/s41586-021-03976-4,True,high,DOI,10.1038/s41586-021-03976-4,DOI
3733,,2008779105.0,,0,0,0,蓝V,https://ieeexplore.ieee.org/document/9526629,https://ieeexplore.ieee.org/document/9526629,True,high,IEEE Xplore,,IEEE Xplore
3734,,2008779105.0,,0,0,0,蓝V,https://www.spiedigitallibrary.org/journals/Advanced-Photonics/volume-5/issue-01/016003/Massively-parallel-universal-linear-transformations-using-a-wavelength-multiplexed-diffractive/10.1117/1.AP.5.1.016003.full?SSO=1%20,https://www.spiedigitallibrary.org/journals/Advanced-Photonics/volume-5/issue-01/016003/Massively-parallel-universal-linear-transformations-using-a-wavelength-multiplexed-diffractive/10.1117/1.AP.5.1.016003.full?SSO=1 ,True,high,DOI,10.1117/1.AP.5.1.016003.full?SSO=1,DOI
3735,,2008779105.0,,0,0,0,蓝V,https://www.pnas.org/doi/10.1073/pnas.2214634120,https://www.pnas.org/doi/10.1073/pnas.2214634120,True,high,DOI,10.1073/pnas.2214634120,DOI
3736,,2008779105.0,,0,0,0,蓝V,https://ieeexplore.ieee.org/document/9858635,https://ieeexplore.ieee.org/document/9858635,True,high,IEEE Xplore,,IEEE Xplore
3736,,2008779105.0,,0,0,0,蓝V,https://pubs.aip.org/asa/jasa/article/153/3_supplement/A195/2885811/Unnatural-hearing-3D-printing-functional-polymers,https://pubs.aip.org/asa/jasa/article/153/3_supplement/A195/2885811/Unnatural-hearing-3D-printing-functional-polymers,True,low,弱学术关键词,,article
3737,,2008779105.0,,0,0,0,蓝V,https://onlinelibrary.wiley.com/doi/abs/10.1002/adma.202209779,https://onlinelibrary.wiley.com/doi/abs/10.1002/adma.202209779,True,high,DOI,10.1002/adma.202209779,DOI
3738,,2008779105.0,,0,0,0,蓝V,https://link.springer.com/article/10.1007/s00376-023-2340-2,https://link.springer.com/article/10.1007/s00376-023-2340-2,True,high,DOI,10.1007/s00376-023-2340-2,DOI
3738,,2008779105.0,,0,0,0,蓝V,https://journals.ametsoc.org/view/journals/mwre/148/5/mwr-d-19-0365.1.xml,https://journals.ametsoc.org/view/journals/mwre/148/5/mwr-d-19-0365.1.xml,True,high,AMS-AMER METEOROLOGICAL SOC,,AMS-AMER METEOROLOGICAL SOC
3738,,2008779105.0,,0,0,0,蓝V,https://www.mdpi.com/2072-4292/13/4/682,https://www.mdpi.com/2072-4292/13/4/682,True,high,MDPI,,MDPI
3739,,2008779105.0,,0,0,0,蓝V,https://ieeexplore.ieee.org/document/9740126,https://ieeexplore.ieee.org/document/9740126,True,high,IEEE Xplore,,IEEE Xplore
3740,,2008779105.0,,0,0,0,蓝V,https://www.nature.com/articles/s41592-021-01330-0.pdf?proof=t,https://www.nature.com/articles/s41592-021-01330-0.pdf?proof=t,True,high,Nature,,Nature
3740,,2008779105.0,,0,0,0,蓝V,https://www.ncbi.nlm.nih.gov/pmc/articles/PMC4360118/,https://www.ncbi.nlm.nih.gov/pmc/articles/PMC4360118/,True,high,PubMed,,PubMed
3740,,2008779105.0,,0,0,0,蓝V,https://journals.sagepub.com/doi/full/10.1177/1073858416667720,https://journals.sagepub.com/doi/full/10.1177/1073858416667720,True,high,DOI,10.1177/1073858416667720,DOI
3740,,2008779105.0,,0,0,0,蓝V,https://www.nature.com/articles/s41567-023-02332-9,https://www.nature.com/articles/s41567-023-02332-9,True,high,Nature,,Nature
3741,,2008779105.0,,0,0,0,蓝V,https://ieeexplore.ieee.org/document/9757881,https://ieeexplore.ieee.org/document/9757881,True,high,IEEE Xplore,,IEEE Xplore
3741,,2008779105.0,,0,0,0,蓝V,https://ieeexplore.ieee.org/document/10019712,https://ieeexplore.ieee.org/document/10019712,True,high,IEEE Xplore,,IEEE Xplore
3741,,2008779105.0,,0,0,0,蓝V,https://ieeexplore.ieee.org/document/8854062,https://ieeexplore.ieee.org/document/8854062,True,high,IEEE Xplore,,IEEE Xplore
3742,,2008779105.0,,0,0,0,蓝V,https://www.science.org/doi/10.1126/science.adk3755,https://www.science.org/doi/10.1126/science.adk3755,True,high,DOI,10.1126/science.adk3755,DOI
3743,,2008779105.0,,0,0,0,蓝V,https://arxiv.org/abs/2402.04291,https://arxiv.org/abs/2402.04291,True,high,arXiv,,arXiv
3743,,2008779105.0,,0,0,0,蓝V,https://arxiv.org/abs/2402.17764,https://arxiv.org/abs/2402.17764,True,high,arXiv,,arXiv
3743,,2008779105.0,,0,0,0,蓝V,https://arxiv.org/abs/2402.11295,https://arxiv.org/abs/2402.11295,True,high,arXiv,,arXiv
3744,,2008779105.0,,0,0,0,蓝V,https://arxiv.org/pdf/2404.14219,https://arxiv.org/pdf/2404.14219,True,high,arXiv,,arXiv
3745,,2008779105.0,,0,0,0,蓝V,https://ieeexplore.ieee.org/document/10376174,https://ieeexplore.ieee.org/document/10376174,True,high,IEEE Xplore,,IEEE Xplore
3745,,2008779105.0,,0,0,0,蓝V,https://ieeexplore.ieee.org/document/10480398,https://ieeexplore.ieee.org/document/10480398,True,high,IEEE Xplore,,IEEE Xplore
3746,,2008779105.0,,0,0,0,蓝V,https://www.pnas.org/doi/10.1073/pnas.1818859116,https://www.pnas.org/doi/10.1073/pnas.1818859116,True,high,DOI,10.1073/pnas.1818859116,DOI
3747,,6106257097.0,,0,0,0,蓝V,https://link.springer.com/article/10.1007/s12209-021-00309-4,https://link.springer.com/article/10.1007/s12209-021-00309-4,True,high,DOI,10.1007/s12209-021-00309-4,DOI
3747,,6106257097.0,,0,0,0,蓝V,https://doi.org/10.1007/s12209-021-00309-4,https://doi.org/10.1007/s12209-021-00309-4,True,high,DOI,10.1007/s12209-021-00309-4,DOI
3748,,5662898461.0,,0,0,0,蓝V,https://www.chinaagrisci.com/Jwk_zgnykxen/EN/abstract/abstract483797.shtml,https://www.chinaagrisci.com/Jwk_zgnykxen/EN/abstract/abstract483797.shtml,True,medium,学术特征,,/abstract/
3749,,1970835843.0,,0,0,0,黄V,http://www.zjujournals.com/soc/CN/abstract/abstract12163.shtml,http://www.zjujournals.com/soc/CN/abstract/abstract12163.shtml,True,medium,学术特征,,/abstract/
3750,,5662898461.0,,0,0,0,蓝V,https://www.sciencedirect.com/science/article/pii/S2095311922002143,https://www.sciencedirect.com/science/article/pii/S2095311922002143,True,high,SPRINGER,,SPRINGER
3751,,1912085257.0,,0,0,0,红V,https://arxiv.org/abs/2406.11794,https://arxiv.org/abs/2406.11794,True,high,arXiv,,arXiv
3752,,1912085257.0,,0,0,0,红V,https://arxiv.org/abs/2406.16860,https://arxiv.org/abs/2406.16860,True,high,arXiv,,arXiv
3752,,1912085257.0,,0,0,0,红V,https://arxiv.org/abs/2403.09611,https://arxiv.org/abs/2403.09611,True,high,arXiv,,arXiv
3752,,1912085257.0,,0,0,0,红V,https://arxiv.org/abs/2405.02246,https://arxiv.org/abs/2405.02246,True,high,arXiv,,arXiv
3752,,1912085257.0,,0,0,0,红V,https://arxiv.org/abs/2403.06764,https://arxiv.org/abs/2403.06764,True,high,arXiv,,arXiv
3752,,1912085257.0,,0,0,0,红V,https://arxiv.org/abs/2406.12275,https://arxiv.org/abs/2406.12275,True,high,arXiv,,arXiv
3752,,1912085257.0,,0,0,0,红V,https://arxiv.org/abs/2404.06512,https://arxiv.org/abs/2404.06512,True,high,arXiv,,arXiv
3752,,1912085257.0,,0,0,0,红V,https://arxiv.org/abs/2403.05525,https://arxiv.org/abs/2403.05525,True,high,arXiv,,arXiv
3752,,1912085257.0,,0,0,0,红V,https://arxiv.org/abs/2406.11832v1,https://arxiv.org/abs/2406.11832v1,True,high,arXiv,,arXiv
3752,,1912085257.0,,0,0,0,红V,https://arxiv.org/abs/2405.09818,https://arxiv.org/abs/2405.09818,True,high,arXiv,,arXiv
3752,,1912085257.0,,0,0,0,红V,https://arxiv.org/abs/2407.02392v1,https://arxiv.org/abs/2407.02392v1,True,high,arXiv,,arXiv
3752,,1912085257.0,,0,0,0,红V,https://arxiv.org/abs/2406.16852v2,https://arxiv.org/abs/2406.16852v2,True,high,arXiv,,arXiv
3752,,1912085257.0,,0,0,0,红V,https://arxiv.org/abs/2310.03744,https://arxiv.org/abs/2310.03744,True,high,arXiv,,arXiv
3753,,1912085257.0,,0,0,0,红V,https://arxiv.org/abs/2407.01178,https://arxiv.org/abs/2407.01178,True,high,arXiv,,arXiv
3754,,1912085257.0,,0,0,0,红V,https://arxiv.org/abs/2408.03326,https://arxiv.org/abs/2408.03326,True,high,arXiv,,arXiv
3755,,1912085257.0,,0,0,0,红V,https://arxiv.org/pdf/2408.08554,https://arxiv.org/pdf/2408.08554,True,high,arXiv,,arXiv
3756,,1912085257.0,,0,0,0,红V,https://huggingface.co/papers/2409.11402,https://huggingface.co/papers/2409.11402,True,high,huggingface,,huggingface
3757,,1815659631.0,,0,0,0,普通用户,https://arxiv.org/abs/1707.01495,https://arxiv.org/abs/1707.01495,True,high,arXiv,,arXiv
3758,,1815659631.0,,0,0,0,普通用户,https://www.ncbi.nlm.nih.gov/pmc/articles/PMC9929870/,https://www.ncbi.nlm.nih.gov/pmc/articles/PMC9929870/,True,high,PubMed,,PubMed
3758,,1815659631.0,,0,0,0,普通用户,https://www.ncbi.nlm.nih.gov/pmc/articles/PMC10408926/,https://www.ncbi.nlm.nih.gov/pmc/articles/PMC10408926/,True,high,PubMed,,PubMed
3759,,1815659631.0,,0,0,0,普通用户,https://arxiv.org/abs/2310.08579,https://arxiv.org/abs/2310.08579,True,high,arXiv,,arXiv
3759,,1815659631.0,,0,0,0,普通用户,https://arxiv.org/abs/2308.04288,https://arxiv.org/abs/2308.04288,True,high,arXiv,,arXiv
3759,,1815659631.0,,0,0,0,普通用户,https://arxiv.org/abs/2304.12053,https://arxiv.org/abs/2304.12053,True,high,arXiv,,arXiv
3759,,1815659631.0,,0,0,0,普通用户,https://arxiv.org/abs/2307.14928,https://arxiv.org/abs/2307.14928,True,high,arXiv,,arXiv
3759,,1815659631.0,,0,0,0,普通用户,https://arxiv.org/abs/2304.03117,https://arxiv.org/abs/2304.03117,True,high,arXiv,,arXiv
3759,,1815659631.0,,0,0,0,普通用户,https://arxiv.org/abs/2306.07476,https://arxiv.org/abs/2306.07476,True,high,arXiv,,arXiv
3759,,1815659631.0,,0,0,0,普通用户,https://www.semanticscholar.org/paper/97d5db779487bc1c1894eb344863dc2a986d1212,https://www.semanticscholar.org/paper/97d5db779487bc1c1894eb344863dc2a986d1212,True,medium,学术特征,,/paper/
3760,,1815659631.0,,0,0,0,普通用户,https://arxiv.org/abs/2305.02547,https://arxiv.org/abs/2305.02547,True,high,arXiv,,arXiv
3760,,1815659631.0,,0,0,0,普通用户,https://pubmed.ncbi.nlm.nih.gov/35045175/,https://pubmed.ncbi.nlm.nih.gov/35045175/,True,high,PubMed,,PubMed
3760,,1815659631.0,,0,0,0,普通用户,https://arxiv.org/abs/2303.12279,https://arxiv.org/abs/2303.12279,True,high,arXiv,,arXiv
3760,,1815659631.0,,0,0,0,普通用户,https://www.semanticscholar.org/paper/39ac3af5e954897e415fcb8b4c506e3f843839d4,https://www.semanticscholar.org/paper/39ac3af5e954897e415fcb8b4c506e3f843839d4,True,medium,学术特征,,/paper/
3760,,1815659631.0,,0,0,0,普通用户,https://arxiv.org/abs/2305.09402,https://arxiv.org/abs/2305.09402,True,high,arXiv,,arXiv
3760,,1815659631.0,,0,0,0,普通用户,https://pubmed.ncbi.nlm.nih.gov/32675425/,https://pubmed.ncbi.nlm.nih.gov/32675425/,True,high,PubMed,,PubMed
3760,,1815659631.0,,0,0,0,普通用户,https://www.ncbi.nlm.nih.gov/pmc/articles/PMC10208453/,https://www.ncbi.nlm.nih.gov/pmc/articles/PMC10208453/,True,high,PubMed,,PubMed
3760,,1815659631.0,,0,0,0,普通用户,https://www.ncbi.nlm.nih.gov/pmc/articles/PMC9819855/,https://www.ncbi.nlm.nih.gov/pmc/articles/PMC9819855/,True,high,PubMed,,PubMed
3760,,1815659631.0,,0,0,0,普通用户,https://www.ncbi.nlm.nih.gov/pmc/articles/PMC10036871/,https://www.ncbi.nlm.nih.gov/pmc/articles/PMC10036871/,True,high,PubMed,,PubMed
3760,,1815659631.0,,0,0,0,普通用户,https://www.semanticscholar.org/paper/8ff321fc6207c255aeda22bb207597ef38f4f68d,https://www.semanticscholar.org/paper/8ff321fc6207c255aeda22bb207597ef38f4f68d,True,medium,学术特征,,/paper/
3760,,1815659631.0,,0,0,0,普通用户,https://pubmed.ncbi.nlm.nih.gov/33683479/,https://pubmed.ncbi.nlm.nih.gov/33683479/,True,high,PubMed,,PubMed
3760,,1815659631.0,,0,0,0,普通用户,https://www.ncbi.nlm.nih.gov/pmc/articles/PMC9020711/,https://www.ncbi.nlm.nih.gov/pmc/articles/PMC9020711/,True,high,PubMed,,PubMed
3760,,1815659631.0,,0,0,0,普通用户,https://www.semanticscholar.org/paper/40b7eba3d3bdf8623e9bd29be63262910ed29aed,https://www.semanticscholar.org/paper/40b7eba3d3bdf8623e9bd29be63262910ed29aed,True,medium,学术特征,,/paper/
3761,,1815659631.0,,0,0,0,普通用户,https://www.semanticscholar.org/paper/e72eebcb3022b0dc1e9c660c2765eec0d849f23e,https://www.semanticscholar.org/paper/e72eebcb3022b0dc1e9c660c2765eec0d849f23e,True,medium,学术特征,,/paper/
3761,,1815659631.0,,0,0,0,普通用户,https://arxiv.org/abs/2304.06588,https://arxiv.org/abs/2304.06588,True,high,arXiv,,arXiv
3761,,1815659631.0,,0,0,0,普通用户,https://arxiv.org/abs/2309.05529,https://arxiv.org/abs/2309.05529,True,high,arXiv,,arXiv
3761,,1815659631.0,,0,0,0,普通用户,https://www.semanticscholar.org/paper/6363716b093511d4706164349742d7ca77ba1ab9,https://www.semanticscholar.org/paper/6363716b093511d4706164349742d7ca77ba1ab9,True,medium,学术特征,,/paper/
3761,,1815659631.0,,0,0,0,普通用户,https://www.ncbi.nlm.nih.gov/pmc/articles/PMC10204616/,https://www.ncbi.nlm.nih.gov/pmc/articles/PMC10204616/,True,high,PubMed,,PubMed
3761,,1815659631.0,,0,0,0,普通用户,https://www.semanticscholar.org/paper/1600363e2dc769018d5b11116866bed681384a1a,https://www.semanticscholar.org/paper/1600363e2dc769018d5b11116866bed681384a1a,True,medium,学术特征,,/paper/
3761,,1815659631.0,,0,0,0,普通用户,https://www.semanticscholar.org/paper/51b2dd2af217a5cfe3f36d57c85eb31e2ae57d7d,https://www.semanticscholar.org/paper/51b2dd2af217a5cfe3f36d57c85eb31e2ae57d7d,True,medium,学术特征,,/paper/
3761,,1815659631.0,,0,0,0,普通用户,https://www.semanticscholar.org/paper/a282cab1b3771c4a211fca5a58a6e25badfe66fc,https://www.semanticscholar.org/paper/a282cab1b3771c4a211fca5a58a6e25badfe66fc,True,medium,学术特征,,/paper/
3761,,1815659631.0,,0,0,0,普通用户,https://www.semanticscholar.org/paper/d8e32c517675dfacf4c961174e7ecc55035f0eda,https://www.semanticscholar.org/paper/d8e32c517675dfacf4c961174e7ecc55035f0eda,True,medium,学术特征,,/paper/
3761,,1815659631.0,,0,0,0,普通用户,https://www.semanticscholar.org/paper/75bf20dc3a9c80ce02eb4b0033753555e8344652,https://www.semanticscholar.org/paper/75bf20dc3a9c80ce02eb4b0033753555e8344652,True,medium,学术特征,,/paper/
3761,,1815659631.0,,0,0,0,普通用户,https://www.semanticscholar.org/paper/7655b962f292cf97ee7a38674d33cee3b72fe527,https://www.semanticscholar.org/paper/7655b962f292cf97ee7a38674d33cee3b72fe527,True,medium,学术特征,,/paper/
3761,,1815659631.0,,0,0,0,普通用户,https://www.ncbi.nlm.nih.gov/pmc/articles/PMC10143975/,https://www.ncbi.nlm.nih.gov/pmc/articles/PMC10143975/,True,high,PubMed,,PubMed
3761,,1815659631.0,,0,0,0,普通用户,https://www.semanticscholar.org/paper/12c755ec3d861231266c606867338b94b578184d,https://www.semanticscholar.org/paper/12c755ec3d861231266c606867338b94b578184d,True,medium,学术特征,,/paper/
3761,,1815659631.0,,0,0,0,普通用户,https://www.semanticscholar.org/paper/5d630ca4e58113a67895e33f2d94930627fafe16,https://www.semanticscholar.org/paper/5d630ca4e58113a67895e33f2d94930627fafe16,True,medium,学术特征,,/paper/
3761,,1815659631.0,,0,0,0,普通用户,https://www.semanticscholar.org/paper/76927634164d7c51514c63075779611d91709402,https://www.semanticscholar.org/paper/76927634164d7c51514c63075779611d91709402,True,medium,学术特征,,/paper/
3761,,1815659631.0,,0,0,0,普通用户,https://www.semanticscholar.org/paper/1a76fbfe310339de6b0ac2e804f9bca76cb95e76,https://www.semanticscholar.org/paper/1a76fbfe310339de6b0ac2e804f9bca76cb95e76,True,medium,学术特征,,/paper/
3761,,1815659631.0,,0,0,0,普通用户,https://www.semanticscholar.org/paper/08e7a4be491612d7374399116da9f9be6e8bdc5c,https://www.semanticscholar.org/paper/08e7a4be491612d7374399116da9f9be6e8bdc5c,True,medium,学术特征,,/paper/
3762,,1815659631.0,,0,0,0,普通用户,https://www.semanticscholar.org/paper/92f7056e93c4a78eeaaa6c644ebd1edacdff1ee4,https://www.semanticscholar.org/paper/92f7056e93c4a78eeaaa6c644ebd1edacdff1ee4,True,medium,学术特征,,/paper/
3762,,1815659631.0,,0,0,0,普通用户,https://www.semanticscholar.org/paper/fca2a2d97a282ed2979fd670bc25b6e77b3d2a72,https://www.semanticscholar.org/paper/fca2a2d97a282ed2979fd670bc25b6e77b3d2a72,True,medium,学术特征,,/paper/
3762,,1815659631.0,,0,0,0,普通用户,https://arxiv.org/abs/2303.07992,https://arxiv.org/abs/2303.07992,True,high,arXiv,,arXiv
3762,,1815659631.0,,0,0,0,普通用户,https://arxiv.org/abs/2210.03625,https://arxiv.org/abs/2210.03625,True,high,arXiv,,arXiv
3762,,1815659631.0,,0,0,0,普通用户,https://arxiv.org/abs/2208.10264,https://arxiv.org/abs/2208.10264,True,high,arXiv,,arXiv
3762,,1815659631.0,,0,0,0,普通用户,https://www.semanticscholar.org/paper/d6139d5fa1d10b14c5f7f03f985a140e1db981d1,https://www.semanticscholar.org/paper/d6139d5fa1d10b14c5f7f03f985a140e1db981d1,True,medium,学术特征,,/paper/
3762,,1815659631.0,,0,0,0,普通用户,https://www.semanticscholar.org/paper/33de72ed0616f3c6022c3e4d36c69f34b916ee12,https://www.semanticscholar.org/paper/33de72ed0616f3c6022c3e4d36c69f34b916ee12,True,medium,学术特征,,/paper/
3762,,1815659631.0,,0,0,0,普通用户,https://www.semanticscholar.org/paper/30e3256f54576323e4c4849e40c0a702d3c36d17,https://www.semanticscholar.org/paper/30e3256f54576323e4c4849e40c0a702d3c36d17,True,medium,学术特征,,/paper/
3762,,1815659631.0,,0,0,0,普通用户,https://arxiv.org/abs/2201.10182,https://arxiv.org/abs/2201.10182,True,high,arXiv,,arXiv
3762,,1815659631.0,,0,0,0,普通用户,https://www.semanticscholar.org/paper/4cfde0050f689c565ba856d79b3b4981490963b2,https://www.semanticscholar.org/paper/4cfde0050f689c565ba856d79b3b4981490963b2,True,medium,学术特征,,/paper/
3762,,1815659631.0,,0,0,0,普通用户,https://arxiv.org/abs/2309.03564,https://arxiv.org/abs/2309.03564,True,high,arXiv,,arXiv
3762,,1815659631.0,,0,0,0,普通用户,https://www.ncbi.nlm.nih.gov/pmc/articles/PMC10508403/,https://www.ncbi.nlm.nih.gov/pmc/articles/PMC10508403/,True,high,PubMed,,PubMed
3762,,1815659631.0,,0,0,0,普通用户,https://www.semanticscholar.org/paper/93f309335ff9b5298a513e99eb3aac33555b4a9c,https://www.semanticscholar.org/paper/93f309335ff9b5298a513e99eb3aac33555b4a9c,True,medium,学术特征,,/paper/
3762,,1815659631.0,,0,0,0,普通用户,https://pubmed.ncbi.nlm.nih.gov/32176557/,https://pubmed.ncbi.nlm.nih.gov/32176557/,True,high,PubMed,,PubMed
3762,,1815659631.0,,0,0,0,普通用户,https://arxiv.org/abs/2308.13089,https://arxiv.org/abs/2308.13089,True,high,arXiv,,arXiv
3762,,1815659631.0,,0,0,0,普通用户,https://arxiv.org/abs/2009.05713,https://arxiv.org/abs/2009.05713,True,high,arXiv,,arXiv
3762,,1815659631.0,,0,0,0,普通用户,https://www.semanticscholar.org/paper/52edb0ab5b6bcfa0c50db1cf51a7bb4a261b9598,https://www.semanticscholar.org/paper/52edb0ab5b6bcfa0c50db1cf51a7bb4a261b9598,True,medium,学术特征,,/paper/
3763,,1815659631.0,,0,0,0,普通用户,https://www.jos.org.cn/1000-9825/11/1460.pdf,https://www.jos.org.cn/1000-9825/11/1460.pdf,False,none,,,
3763,,1815659631.0,,0,0,0,普通用户,https://www.ncbi.nlm.nih.gov/pmc/articles/PMC10292051/,https://www.ncbi.nlm.nih.gov/pmc/articles/PMC10292051/,True,high,PubMed,,PubMed
3763,,1815659631.0,,0,0,0,普通用户,https://arxiv.org/abs/2308.01990,https://arxiv.org/abs/2308.01990,True,high,arXiv,,arXiv
3764,,1815659631.0,,0,0,0,普通用户,https://arxiv.org/abs/2308.03688,https://arxiv.org/abs/2308.03688,True,high,arXiv,,arXiv
3764,,1815659631.0,,0,0,0,普通用户,https://arxiv.org/abs/2310.01557,https://arxiv.org/abs/2310.01557,True,high,arXiv,,arXiv
3764,,1815659631.0,,0,0,0,普通用户,https://arxiv.org/abs/2201.07207,https://arxiv.org/abs/2201.07207,True,high,arXiv,,arXiv
3764,,1815659631.0,,0,0,0,普通用户,https://arxiv.org/abs/2309.10895,https://arxiv.org/abs/2309.10895,True,high,arXiv,,arXiv
3764,,1815659631.0,,0,0,0,普通用户,https://arxiv.org/abs/2305.04533,https://arxiv.org/abs/2305.04533,True,high,arXiv,,arXiv
3764,,1815659631.0,,0,0,0,普通用户,https://arxiv.org/abs/2308.04030,https://arxiv.org/abs/2308.04030,True,high,arXiv,,arXiv
3764,,1815659631.0,,0,0,0,普通用户,https://arxiv.org/abs/2309.17234,https://arxiv.org/abs/2309.17234,True,high,arXiv,,arXiv
3764,,1815659631.0,,0,0,0,普通用户,https://arxiv.org/abs/2310.01468,https://arxiv.org/abs/2310.01468,True,high,arXiv,,arXiv
3765,,1815659631.0,,0,0,0,普通用户,https://www.semanticscholar.org/paper/f7235390522f1de0093d943ab2be29a47d485edc,https://www.semanticscholar.org/paper/f7235390522f1de0093d943ab2be29a47d485edc,True,medium,学术特征,,/paper/
3765,,1815659631.0,,0,0,0,普通用户,https://www.semanticscholar.org/paper/0587d0b0dd4a618568c7617f12824b98bae4ee6b,https://www.semanticscholar.org/paper/0587d0b0dd4a618568c7617f12824b98bae4ee6b,True,medium,学术特征,,/paper/
3765,,1815659631.0,,0,0,0,普通用户,https://www.semanticscholar.org/paper/b1873107d08407b00506f07d209acd9df779fc6c,https://www.semanticscholar.org/paper/b1873107d08407b00506f07d209acd9df779fc6c,True,medium,学术特征,,/paper/
3765,,1815659631.0,,0,0,0,普通用户,https://www.semanticscholar.org/paper/ca086c25db239787153aff8b4973ee01007f22e9,https://www.semanticscholar.org/paper/ca086c25db239787153aff8b4973ee01007f22e9,True,medium,学术特征,,/paper/
3765,,1815659631.0,,0,0,0,普通用户,https://www.semanticscholar.org/paper/92a55c3e1c31fad66816cd709c1499543e914d4b,https://www.semanticscholar.org/paper/92a55c3e1c31fad66816cd709c1499543e914d4b,True,medium,学术特征,,/paper/
3765,,1815659631.0,,0,0,0,普通用户,https://www.semanticscholar.org/paper/d86d9e651aaa15b3082cd635bf8797fcb024a490,https://www.semanticscholar.org/paper/d86d9e651aaa15b3082cd635bf8797fcb024a490,True,medium,学术特征,,/paper/
3765,,1815659631.0,,0,0,0,普通用户,https://www.semanticscholar.org/paper/8b7d1e20e790efc19c885d7698659e6acbb44345,https://www.semanticscholar.org/paper/8b7d1e20e790efc19c885d7698659e6acbb44345,True,medium,学术特征,,/paper/
3765,,1815659631.0,,0,0,0,普通用户,https://www.semanticscholar.org/paper/5e7b7a0a411ac92b54424225857bbf95704f8c75,https://www.semanticscholar.org/paper/5e7b7a0a411ac92b54424225857bbf95704f8c75,True,medium,学术特征,,/paper/
3765,,1815659631.0,,0,0,0,普通用户,https://www.semanticscholar.org/paper/eb19981b7ca085ab72d513ec0226738f7fbc466d,https://www.semanticscholar.org/paper/eb19981b7ca085ab72d513ec0226738f7fbc466d,True,medium,学术特征,,/paper/
3765,,1815659631.0,,0,0,0,普通用户,https://www.semanticscholar.org/paper/be983101d8e32b44dd1ae113cc04a6ab0997fe7e,https://www.semanticscholar.org/paper/be983101d8e32b44dd1ae113cc04a6ab0997fe7e,True,medium,学术特征,,/paper/
3765,,1815659631.0,,0,0,0,普通用户,https://www.semanticscholar.org/paper/91330de98b9316b98559dad4054556c9a00ba28a,https://www.semanticscholar.org/paper/91330de98b9316b98559dad4054556c9a00ba28a,True,medium,学术特征,,/paper/
3765,,1815659631.0,,0,0,0,普通用户,https://www.semanticscholar.org/paper/929cd2fb0c7924fdc745d943089898ae70c5404d,https://www.semanticscholar.org/paper/929cd2fb0c7924fdc745d943089898ae70c5404d,True,medium,学术特征,,/paper/
3765,,1815659631.0,,0,0,0,普通用户,https://www.semanticscholar.org/paper/4581fc5e92c0d07cabe67b5d581185e35ca01892,https://www.semanticscholar.org/paper/4581fc5e92c0d07cabe67b5d581185e35ca01892,True,medium,学术特征,,/paper/
3766,,1815659631.0,,0,0,0,普通用户,https://www.semanticscholar.org/paper/6fd3635e2982cc237f5c6eed2b6594e9bbfeeffe,https://www.semanticscholar.org/paper/6fd3635e2982cc237f5c6eed2b6594e9bbfeeffe,True,medium,学术特征,,/paper/
3767,,1815659631.0,,0,0,0,普通用户,https://newsletter.x-mol.com/paper/1661055540062932992,https://newsletter.x-mol.com/paper/1661055540062932992,True,medium,学术特征,,/paper/
3768,,5327744144.0,,0,0,0,蓝V,https://link.springer.com/article/10.1007/s10640-023-00798-y,https://link.springer.com/article/10.1007/s10640-023-00798-y,True,high,DOI,10.1007/s10640-023-00798-y,DOI
3769,,5327744144.0,,0,0,0,蓝V,https://onlinelibrary.wiley.com/doi/10.1111/gcb.16891,https://onlinelibrary.wiley.com/doi/10.1111/gcb.16891,True,high,DOI,10.1111/gcb.16891,DOI
3770,,5327744144.0,,0,0,0,蓝V,https://www.sciencedirect.com/science/article/pii/S1617138123000584?via%3Dihub,https://www.sciencedirect.com/science/article/pii/S1617138123000584?via=ihub,True,high,SPRINGER,,SPRINGER
3771,,5327744144.0,,0,0,0,蓝V,https://www.nature.com/articles/s41467-023-43445-2,https://www.nature.com/articles/s41467-023-43445-2,True,high,Nature,,Nature
3772,,3710258141.0,,0,0,0,金V,https://doi.org/10.1038/s41586-023-05899-8,https://doi.org/10.1038/s41586-023-05899-8,True,high,DOI,10.1038/s41586-023-05899-8,DOI
3773,,3710258141.0,,0,0,0,金V,https://epubs.siam.org/doi/abs/10.1137/0208032,https://epubs.siam.org/doi/abs/10.1137/0208032,True,high,DOI,10.1137/0208032,DOI
3773,,3710258141.0,,0,0,0,金V,https://www.science.org/doi/10.1126/science.1057726,https://www.science.org/doi/10.1126/science.1057726,True,high,DOI,10.1126/science.1057726,DOI
3773,,3710258141.0,,0,0,0,金V,https://www.pnas.org/doi/epdf/10.1073/pnas.2212323120,https://www.pnas.org/doi/epdf/10.1073/pnas.2212323120,True,high,DOI,10.1073/pnas.2212323120,DOI
3774,,3710258141.0,,0,0,0,红V,https://doi.org/10.1038/s41567-024-02530-z,https://doi.org/10.1038/s41567-024-02530-z,True,high,DOI,10.1038/s41567-024-02530-z,DOI
3775,,6182606334.0,,0,0,0,红V,https://mmstar-benchmark.github.io/,https://mmstar-benchmark.github.io/,False,none,,,
3776,,6182606334.0,,0,0,0,红V,https://arxiv.org/abs/2407.10671,https://arxiv.org/abs/2407.10671,True,high,arXiv,,arXiv
3777,,7453239559.0,,0,0,0,普通用户,https://www.hanspub.org/journal/PaperInformation.aspx?paperID=45918,https://www.hanspub.org/journal/PaperInformation.aspx?paperID=45918,True,high,hans,,hans
3778,,7453239559.0,,0,0,0,普通用户,https://www.hanspub.org/journal/PaperInformation.aspx?paperID=45721,https://www.hanspub.org/journal/PaperInformation.aspx?paperID=45721,True,high,hans,,hans
3779,,7453239559.0,,0,0,0,普通用户,https://www.hanspub.org/journal/PaperInformation.aspx?paperID=46294,https://www.hanspub.org/journal/PaperInformation.aspx?paperID=46294,True,high,hans,,hans
3780,,7453239559.0,,0,0,0,普通用户,https://www.hanspub.org/journal/PaperInformation.aspx?paperID=45721,https://www.hanspub.org/journal/PaperInformation.aspx?paperID=45721,True,high,hans,,hans
3781,,7453239559.0,,0,0,0,普通用户,https://www.hanspub.org/journal/PaperInformation.aspx?paperID=47793,https://www.hanspub.org/journal/PaperInformation.aspx?paperID=47793,True,high,hans,,hans
3782,,7453239559.0,,0,0,0,普通用户,https://www.hanspub.org/journal/PaperInformation.aspx?paperID=47704,https://www.hanspub.org/journal/PaperInformation.aspx?paperID=47704,True,high,hans,,hans
3783,,7453239559.0,,0,0,0,普通用户,https://www.hanspub.org/journal/PaperInformation.aspx?paperID=48766,https://www.hanspub.org/journal/PaperInformation.aspx?paperID=48766,True,high,hans,,hans
3784,,7453239559.0,,0,0,0,普通用户,https://www.hanspub.org/journal/PaperInformation.aspx?paperID=48501,https://www.hanspub.org/journal/PaperInformation.aspx?paperID=48501,True,high,hans,,hans
3785,,7453239559.0,,0,0,0,普通用户,https://www.hanspub.org/journal/PaperInformation.aspx?paperID=49005,https://www.hanspub.org/journal/PaperInformation.aspx?paperID=49005,True,high,hans,,hans
3786,,7453239559.0,,0,0,0,普通用户,https://www.hanspub.org/journal/PaperInformation.aspx?paperID=50039,https://www.hanspub.org/journal/PaperInformation.aspx?paperID=50039,True,high,hans,,hans
3787,,7453239559.0,,0,0,0,普通用户,https://www.hanspub.org/journal/PaperInformation.aspx?paperID=50792,https://www.hanspub.org/journal/PaperInformation.aspx?paperID=50792,True,high,hans,,hans
3788,,7453239559.0,,0,0,0,普通用户,https://www.hanspub.org/journal/PaperInformation.aspx?paperID=50810,https://www.hanspub.org/journal/PaperInformation.aspx?paperID=50810,True,high,hans,,hans
3789,,7453239559.0,,0,0,0,普通用户,https://www.hanspub.org/journal/PaperInformation.aspx?paperID=50810,https://www.hanspub.org/journal/PaperInformation.aspx?paperID=50810,True,high,hans,,hans
3790,,7453239559.0,,0,0,0,普通用户,https://www.hanspub.org/journal/PaperInformation.aspx?paperID=53108,https://www.hanspub.org/journal/PaperInformation.aspx?paperID=53108,True,high,hans,,hans
3791,,2535161187.0,,0,0,0,黄V,https://arxiv.org/abs/2401.13313,https://arxiv.org/abs/2401.13313,True,high,arXiv,,arXiv
3792,,2535161187.0,,0,0,0,黄V,https://arxiv.org/abs/2403.18802,https://arxiv.org/abs/2403.18802,True,high,arXiv,,arXiv
3793,,2535161187.0,,0,0,0,黄V,https://arxiv.org/abs/2403.08299,https://arxiv.org/abs/2403.08299,True,high,arXiv,,arXiv
3794,,2535161187.0,,0,0,0,黄V,https://arxiv.org/pdf/1703.03400.pdf,https://arxiv.org/pdf/1703.03400.pdf,True,high,arXiv,,arXiv
3795,,2102737845.0,,0,0,0,普通用户,https://arxiv.org/pdf/2309.01029,https://arxiv.org/pdf/2309.01029,True,high,arXiv,,arXiv
3796,,1729014640.0,,0,0,0,蓝V,https://arxiv.org/abs/2110.09501,https://arxiv.org/abs/2110.09501,True,high,arXiv,,arXiv
3797,,1729014640.0,,0,0,0,蓝V,https://doi.org/10.1038/s41586-021-03976-4,https://doi.org/10.1038/s41586-021-03976-4,True,high,DOI,10.1038/s41586-021-03976-4,DOI
3798,,1729014640.0,,0,0,0,蓝V,https://doi.org/10.1126/sciadv.aba3760,https://doi.org/10.1126/sciadv.aba3760,True,high,DOI,10.1126/sciadv.aba3760,DOI
3799,,1729014640.0,,0,0,0,蓝V,https://doi.org/10.1126/science.abl4546,https://doi.org/10.1126/science.abl4546,True,high,DOI,10.1126/science.abl4546,DOI
3800,,1729014640.0,,0,0,0,蓝V,https://doi.org/10.5194/acp-21-15783-2021,https://doi.org/10.5194/acp-21-15783-2021,True,high,DOI,10.5194/acp-21-15783-2021,DOI
3801,,2427364747.0,,0,0,0,蓝V,https://doi.org/10.5194/acp-21-15783-2021,https://doi.org/10.5194/acp-21-15783-2021,True,high,DOI,10.5194/acp-21-15783-2021,DOI
3802,,1729014640.0,,0,0,0,蓝V,https://www.nature.com/articles/s41467-021-26523-1,https://www.nature.com/articles/s41467-021-26523-1,True,high,Nature,,Nature
3803,,2427364747.0,,0,0,0,蓝V,https://doi.org/10.1038/s41561-021-00843-9,https://doi.org/10.1038/s41561-021-00843-9,True,high,DOI,10.1038/s41561-021-00843-9,DOI
3804,,2427364747.0,,0,0,0,蓝V,https://doi.org/10.1038/s41421-021-00304-y,https://doi.org/10.1038/s41421-021-00304-y,True,high,DOI,10.1038/s41421-021-00304-y,DOI
3805,,2427364747.0,,0,0,0,蓝V,https://doi.org/10.1038/s41561-021-00843-9,https://doi.org/10.1038/s41561-021-00843-9,True,high,DOI,10.1038/s41561-021-00843-9,DOI
3806,,1729014640.0,,0,0,0,蓝V,https://doi.org/10.1038/s41561-021-00843-9,https://doi.org/10.1038/s41561-021-00843-9,True,high,DOI,10.1038/s41561-021-00843-9,DOI
3807,,1729014640.0,,0,0,0,蓝V,https://doi.org/10.1038/s41558-021-01196-2,https://doi.org/10.1038/s41558-021-01196-2,True,high,DOI,10.1038/s41558-021-01196-2,DOI
3808,,2427364747.0,,0,0,0,蓝V,https://doi.org/10.1038/s41467-021-26523-1,https://doi.org/10.1038/s41467-021-26523-1,True,high,DOI,10.1038/s41467-021-26523-1,DOI
3809,,1729014640.0,,0,0,0,蓝V,https://doi.org/10.1080/24694452.2021.1960473,https://doi.org/10.1080/24694452.2021.1960473,True,high,DOI,10.1080/24694452.2021.1960473,DOI
3810,,1729014640.0,,0,0,0,蓝V,https://doi.org/10.1038/s41559-021-01604-y,https://doi.org/10.1038/s41559-021-01604-y,True,high,DOI,10.1038/s41559-021-01604-y,DOI
3811,,2427364747.0,,0,0,0,蓝V,https://doi.org/10.1038/s41586-021-04128-4,https://doi.org/10.1038/s41586-021-04128-4,True,high,DOI,10.1038/s41586-021-04128-4,DOI
3812,,1729014640.0,,0,0,0,蓝V,https://doi.org/10.1038/s41586-021-04124-8,https://doi.org/10.1038/s41586-021-04124-8,True,high,DOI,10.1038/s41586-021-04124-8,DOI
3813,,1729014640.0,,0,0,0,蓝V,https://doi.org/10.1103/PhysRevLett.127.251301,https://doi.org/10.1103/PhysRevLett.127.251301,True,high,DOI,10.1103/PhysRevLett.127.251301,DOI
3814,,2427364747.0,,0,0,0,蓝V,https://doi.org/10.1038/s41586-021-04124-8,https://doi.org/10.1038/s41586-021-04124-8,True,high,DOI,10.1038/s41586-021-04124-8,DOI
3815,,2427364747.0,,0,0,0,蓝V,https://doi.org/10.3847/1538-4357/ac34fb,https://doi.org/10.3847/1538-4357/ac34fb,True,high,DOI,10.3847/1538-4357/ac34fb,DOI
3816,,2427364747.0,,0,0,0,蓝V,https://dx.doi.org/10.1016/j.cell.2021.12.021,https://dx.doi.org/10.1016/j.cell.2021.12.021,True,high,DOI,10.1016/j.cell.2021.12.021,DOI
3817,,1729014640.0,,0,0,0,蓝V,https://doi.org/10.3847/1538-4357/ac34fb,https://doi.org/10.3847/1538-4357/ac34fb,True,high,DOI,10.3847/1538-4357/ac34fb,DOI
3818,,2427364747.0,,0,0,0,蓝V,https://arxiv.org/abs/2201.00882,https://arxiv.org/abs/2201.00882,True,high,arXiv,,arXiv
3819,,1729014640.0,,0,0,0,蓝V,https://arxiv.org/abs/2201.00882,https://arxiv.org/abs/2201.00882,True,high,arXiv,,arXiv
3820,,2427364747.0,,0,0,0,蓝V,https://doi.org/10.3847/1538-4357/ac2e94,https://doi.org/10.3847/1538-4357/ac2e94,True,high,DOI,10.3847/1538-4357/ac2e94,DOI
3821,,2427364747.0,,0,0,0,蓝V,https://doi.org/10.1016/j.cell.2021.12.008,https://doi.org/10.1016/j.cell.2021.12.008,True,high,DOI,10.1016/j.cell.2021.12.008,DOI
3822,,1729014640.0,,0,0,0,蓝V,https://doi.org/10.1016/j.cell.2021.12.008,https://doi.org/10.1016/j.cell.2021.12.008,True,high,DOI,10.1016/j.cell.2021.12.008,DOI
3823,,1729014640.0,,0,0,0,蓝V,https://doi.org/10.1073/pnas.2120364119,https://doi.org/10.1073/pnas.2120364119,True,high,DOI,10.1073/pnas.2120364119,DOI
3824,,2427364747.0,,0,0,0,蓝V,https://www.pnas.org/content/119/8/e2120364119,https://www.pnas.org/content/119/8/e2120364119,True,high,pnas,,pnas
3825,,1729014640.0,,0,0,0,蓝V,https://www.pnas.org/content/119/8/e2120364119,https://www.pnas.org/content/119/8/e2120364119,True,high,pnas,,pnas
3826,,2427364747.0,,0,0,0,蓝V,https://doi.org/10.1073/pnas.2120364119,https://doi.org/10.1073/pnas.2120364119,True,high,DOI,10.1073/pnas.2120364119,DOI
3827,,1729014640.0,,0,0,0,蓝V,https://doi.org/10.1038/s41893-022-00857-0,https://doi.org/10.1038/s41893-022-00857-0,True,high,DOI,10.1038/s41893-022-00857-0,DOI
3828,,2427364747.0,,0,0,0,蓝V,https://doi.org/10.1109/TASE.2021.3127574,https://doi.org/10.1109/TASE.2021.3127574,True,high,DOI,10.1109/TASE.2021.3127574,DOI
3829,,2427364747.0,,0,0,0,蓝V,https://doi.org/10.1016/j.cub.2022.01.065,https://doi.org/10.1016/j.cub.2022.01.065,True,high,DOI,10.1016/j.cub.2022.01.065,DOI
3830,,2427364747.0,,0,0,0,蓝V,https://doi.org/10.1073/pnas.2116342119,https://doi.org/10.1073/pnas.2116342119,True,high,DOI,10.1073/pnas.2116342119,DOI
3831,,2427364747.0,,0,0,0,蓝V,https://doi.org/10.1038/s41893-022-00857-0,https://doi.org/10.1038/s41893-022-00857-0,True,high,DOI,10.1038/s41893-022-00857-0,DOI
3832,,1729014640.0,,0,0,0,蓝V,https://doi.org/10.1038/s41392-022-00894-3,https://doi.org/10.1038/s41392-022-00894-3,True,high,DOI,10.1038/s41392-022-00894-3,DOI
3833,,2427364747.0,,0,0,0,蓝V,http://doi.org/10.1111/ele.13992,http://doi.org/10.1111/ele.13992,True,high,DOI,10.1111/ele.13992,DOI
3834,,1729014640.0,,0,0,0,蓝V,https://doi.org/10.1038/s41558-022-01287-8,https://doi.org/10.1038/s41558-022-01287-8,True,high,DOI,10.1038/s41558-022-01287-8,DOI
3835,,2427364747.0,,0,0,0,蓝V,https://doi.org/10.1051/0004-6361/202142169,https://doi.org/10.1051/0004-6361/202142169,True,high,DOI,10.1051/0004-6361/202142169,DOI
3836,,1729014640.0,,0,0,0,蓝V,https://doi.org/10.1051/0004-6361/202142169,https://doi.org/10.1051/0004-6361/202142169,True,high,DOI,10.1051/0004-6361/202142169,DOI
3837,,1729014640.0,,0,0,0,蓝V,https://www.science.org/doi/10.1126/sciadv.abm3045,https://www.science.org/doi/10.1126/sciadv.abm3045,True,high,DOI,10.1126/sciadv.abm3045,DOI
3838,,1729014640.0,,0,0,0,蓝V,https://doi.org/10.1029/2021GL096464,https://doi.org/10.1029/2021GL096464,True,high,DOI,10.1029/2021GL096464,DOI
3839,,2427364747.0,,0,0,0,蓝V,https://doi.org/10.1038/s41586-022-04600-9,https://doi.org/10.1038/s41586-022-04600-9,True,high,DOI,10.1038/s41586-022-04600-9,DOI
3840,,2427364747.0,,0,0,0,蓝V,https://doi.org/10.1038/s41586-022-04600-9,https://doi.org/10.1038/s41586-022-04600-9,True,high,DOI,10.1038/s41586-022-04600-9,DOI
3841,,2427364747.0,,0,0,0,蓝V,https://doi.org/10.1021/jacs.2c00452,https://doi.org/10.1021/jacs.2c00452,True,high,DOI,10.1021/jacs.2c00452,DOI
3842,,2427364747.0,,0,0,0,蓝V,https://doi.org/10.1371/journal.pone.0266146,https://doi.org/10.1371/journal.pone.0266146,True,high,DOI,10.1371/journal.pone.0266146,DOI
3843,,2427364747.0,,0,0,0,蓝V,https://www.science.org/doi/10.1126/sciadv.abm3045,https://www.science.org/doi/10.1126/sciadv.abm3045,True,high,DOI,10.1126/sciadv.abm3045,DOI
3844,,1729014640.0,,0,0,0,蓝V,https://doi.org/10.1038/s41586-022-04600-9,https://doi.org/10.1038/s41586-022-04600-9,True,high,DOI,10.1038/s41586-022-04600-9,DOI
3845,,1729014640.0,,0,0,0,蓝V,https://doi.org/10.1103/PhysRevLett.128.142001,https://doi.org/10.1103/PhysRevLett.128.142001,True,high,DOI,10.1103/PhysRevLett.128.142001,DOI
3846,,1729014640.0,,0,0,0,蓝V,https://doi.org/10.1038/s41586-022-04600-9,https://doi.org/10.1038/s41586-022-04600-9,True,high,DOI,10.1038/s41586-022-04600-9,DOI
3847,,1729014640.0,,0,0,0,蓝V,https://doi.org/10.1126/science.abk1781,https://doi.org/10.1126/science.abk1781,True,high,DOI,10.1126/science.abk1781,DOI
3848,,2427364747.0,,0,0,0,蓝V,https://doi.org/10.1098/rspb.2022.0338,https://doi.org/10.1098/rspb.2022.0338,True,high,DOI,10.1098/rspb.2022.0338,DOI
3849,,2427364747.0,,0,0,0,蓝V,https://doi.org/10.3847/1538-3881/ac641f,https://doi.org/10.3847/1538-3881/ac641f,True,high,DOI,10.3847/1538-3881/ac641f,DOI
3850,,1729014640.0,,0,0,0,蓝V,https://doi.org/10.3847/PSJ/ac649c,https://doi.org/10.3847/PSJ/ac649c,True,high,DOI,10.3847/PSJ/ac649c,DOI
3851,,1729014640.0,,0,0,0,蓝V,https://doi.org/10.1098/rspb.2022.0338,https://doi.org/10.1098/rspb.2022.0338,True,high,DOI,10.1098/rspb.2022.0338,DOI
3852,,2427364747.0,,0,0,0,蓝V,https://doi.org/10.1126/sciadv.abm6624,https://doi.org/10.1126/sciadv.abm6624,True,high,DOI,10.1126/sciadv.abm6624,DOI
3853,,1729014640.0,,0,0,0,蓝V,https://doi.org/10.3847/1538-3881/ac641f,https://doi.org/10.3847/1538-3881/ac641f,True,high,DOI,10.3847/1538-3881/ac641f,DOI
3854,,2427364747.0,,0,0,0,蓝V,https://doi.org/10.3847/PSJ/ac649c,https://doi.org/10.3847/PSJ/ac649c,True,high,DOI,10.3847/PSJ/ac649c,DOI
3855,,1729014640.0,,0,0,0,蓝V,https://doi.org/10.1038/s43587-022-00210-2,https://doi.org/10.1038/s43587-022-00210-2,True,high,DOI,10.1038/s43587-022-00210-2,DOI
3856,,2427364747.0,,0,0,0,蓝V,https://doi.org/10.1038/s43587-022-00210-2,https://doi.org/10.1038/s43587-022-00210-2,True,high,DOI,10.1038/s43587-022-00210-2,DOI
3857,,1729014640.0,,0,0,0,蓝V,https://doi.org/10.1073/pnas.2117341119,https://doi.org/10.1073/pnas.2117341119,True,high,DOI,10.1073/pnas.2117341119,DOI
3858,,1729014640.0,,0,0,0,蓝V,https://doi.org/10.1038/s41586-022-04629-w,https://doi.org/10.1038/s41586-022-04629-w,True,high,DOI,10.1038/s41586-022-04629-w,DOI
3859,,1729014640.0,,0,0,0,蓝V,https://doi.org/10.1093/aob/mcac025,https://doi.org/10.1093/aob/mcac025,True,high,DOI,10.1093/aob/mcac025,DOI
3860,,2427364747.0,,0,0,0,蓝V,https://doi.org/10.1289/EHP10669,https://doi.org/10.1289/EHP10669,True,high,DOI,10.1289/EHP10669,DOI
3861,,1729014640.0,,0,0,0,蓝V,https://doi.org/10.1038/s41467-022-30887-3,https://doi.org/10.1038/s41467-022-30887-3,True,high,DOI,10.1038/s41467-022-30887-3,DOI
3862,,1729014640.0,,0,0,0,蓝V,https://doi.org/10.1289/EHP10669,https://doi.org/10.1289/EHP10669,True,high,DOI,10.1289/EHP10669,DOI
3863,,2427364747.0,,0,0,0,蓝V,https://doi.org/10.1038/s41467-022-30887-3,https://doi.org/10.1038/s41467-022-30887-3,True,high,DOI,10.1038/s41467-022-30887-3,DOI
3864,,2427364747.0,,0,0,0,蓝V,https://doi.org/10.1073/pnas.2119369119,https://doi.org/10.1073/pnas.2119369119,True,high,DOI,10.1073/pnas.2119369119,DOI
3865,,1729014640.0,,0,0,0,蓝V,https://doi.org/10.1186/s13045-022-01297-1,https://doi.org/10.1186/s13045-022-01297-1,True,high,DOI,10.1186/s13045-022-01297-1,DOI
3866,,1729014640.0,,0,0,0,蓝V,https://doi.org/10.5194/acp-2022-295,https://doi.org/10.5194/acp-2022-295,True,high,DOI,10.5194/acp-2022-295,DOI
3867,,2427364747.0,,0,0,0,蓝V,https://www.science.org/doi/10.1126/science.abl6277,https://www.science.org/doi/10.1126/science.abl6277,True,high,DOI,10.1126/science.abl6277,DOI
3868,,1729014640.0,,0,0,0,蓝V,https://doi.org/10.1016/j.carbpol.2022.119404,https://doi.org/10.1016/j.carbpol.2022.119404,True,high,DOI,10.1016/j.carbpol.2022.119404,DOI
3869,,2427364747.0,,0,0,0,蓝V,https://doi.org/10.1126/sciadv.abo5888,https://doi.org/10.1126/sciadv.abo5888,True,high,DOI,10.1126/sciadv.abo5888,DOI
3870,,2427364747.0,,0,0,0,蓝V,http://doi.org/10.1001/jamapediatrics.2022.2252,http://doi.org/10.1001/jamapediatrics.2022.2252,True,high,DOI,10.1001/jamapediatrics.2022.2252,DOI
3871,,1729014640.0,,0,0,0,蓝V,http://doi.org/10.1001/jamapediatrics.2022.2252,http://doi.org/10.1001/jamapediatrics.2022.2252,True,high,DOI,10.1001/jamapediatrics.2022.2252,DOI
3872,,2427364747.0,,0,0,0,蓝V,https://www.science.org/doi/10.1126/science.abl6277,https://www.science.org/doi/10.1126/science.abl6277,True,high,DOI,10.1126/science.abl6277,DOI
3873,,2427364747.0,,0,0,0,蓝V,https://doi.org/10.1016/j.nbscr.2022.100079,https://doi.org/10.1016/j.nbscr.2022.100079,True,high,DOI,10.1016/j.nbscr.2022.100079,DOI
3874,,2427364747.0,,0,0,0,蓝V,https://doi.org/10.5194/acp-2022-295,https://doi.org/10.5194/acp-2022-295,True,high,DOI,10.5194/acp-2022-295,DOI
3875,,2427364747.0,,0,0,0,蓝V,https://doi.org/10.1016/j.carbpol.2022.119404,https://doi.org/10.1016/j.carbpol.2022.119404,True,high,DOI,10.1016/j.carbpol.2022.119404,DOI
3876,,1729014640.0,,0,0,0,蓝V,https://www.science.org/doi/10.1126/science.abl6277,https://www.science.org/doi/10.1126/science.abl6277,True,high,DOI,10.1126/science.abl6277,DOI
3877,,2427364747.0,,0,0,0,蓝V,https://dx.doi.org/10.1016/j.cub.2022.05.052,https://dx.doi.org/10.1016/j.cub.2022.05.052,True,high,DOI,10.1016/j.cub.2022.05.052,DOI
3878,,2427364747.0,,0,0,0,蓝V,https://biosignaling.biomedcentral.com/articles/10.1186/s12964-022-00910-7,https://biosignaling.biomedcentral.com/articles/10.1186/s12964-022-00910-7,True,high,DOI,10.1186/s12964-022-00910-7,DOI
3879,,1729014640.0,,0,0,0,蓝V,https://doi.org/10.1016/j.nbscr.2022.100079,https://doi.org/10.1016/j.nbscr.2022.100079,True,high,DOI,10.1016/j.nbscr.2022.100079,DOI
3880,,1729014640.0,,0,0,0,蓝V,https://biosignaling.biomedcentral.com/articles/10.1186/s12964-022-00910-7,https://biosignaling.biomedcentral.com/articles/10.1186/s12964-022-00910-7,True,high,DOI,10.1186/s12964-022-00910-7,DOI
3881,,1729014640.0,,0,0,0,蓝V,https://doi.org/10.1038/s41467-022-30356-x,https://doi.org/10.1038/s41467-022-30356-x,True,high,DOI,10.1038/s41467-022-30356-x,DOI
3882,,2427364747.0,,0,0,0,蓝V,https://doi.org/10.1038/s41467-022-30356-x,https://doi.org/10.1038/s41467-022-30356-x,True,high,DOI,10.1038/s41467-022-30356-x,DOI
3883,,1729014640.0,,0,0,0,蓝V,http://doi.org/10.1016/S2666-7568(22)00167-2,http://doi.org/10.1016/S2666-7568(22)00167-2,True,high,DOI,10.1016/S2666-7568(22)00167-2,DOI
3884,,1729014640.0,,0,0,0,蓝V,https://doi.org/10.1038/s41558-022-01424-3,https://doi.org/10.1038/s41558-022-01424-3,True,high,DOI,10.1038/s41558-022-01424-3,DOI
3885,,2427364747.0,,0,0,0,蓝V,http://doi.org/10.1016/S2666-7568(22)00167-2,http://doi.org/10.1016/S2666-7568(22)00167-2,True,high,DOI,10.1016/S2666-7568(22)00167-2,DOI
3886,,3051047911.0,,0,0,0,蓝V,https://doi.org/10.1364/OPTICA.454228,https://doi.org/10.1364/OPTICA.454228,True,high,DOI,10.1364/OPTICA.454228,DOI
3887,,1729014640.0,,0,0,0,蓝V,https://doi.org/10.1364/OPTICA.454228,https://doi.org/10.1364/OPTICA.454228,True,high,DOI,10.1364/OPTICA.454228,DOI
3888,,2427364747.0,,0,0,0,蓝V,https://doi.org/10.1038/s41558-022-01424-3,https://doi.org/10.1038/s41558-022-01424-3,True,high,DOI,10.1038/s41558-022-01424-3,DOI
3889,,2427364747.0,,0,0,0,蓝V,https://doi.org/10.1038/s42003-022-03706-0,https://doi.org/10.1038/s42003-022-03706-0,True,high,DOI,10.1038/s42003-022-03706-0,DOI
3890,,2427364747.0,,0,0,0,蓝V,https://doi.org/10.1016/j.oneear.2022.07.004,https://doi.org/10.1016/j.oneear.2022.07.004,True,high,DOI,10.1016/j.oneear.2022.07.004,DOI
3891,,2427364747.0,,0,0,0,蓝V,https://doi.org/10.1038/s43247-022-00498-3,https://doi.org/10.1038/s43247-022-00498-3,True,high,DOI,10.1038/s43247-022-00498-3,DOI
3892,,1729014640.0,,0,0,0,蓝V,https://doi.org/10.1038/s43247-022-00498-3,https://doi.org/10.1038/s43247-022-00498-3,True,high,DOI,10.1038/s43247-022-00498-3,DOI
3893,,1729014640.0,,0,0,0,蓝V,https://doi.org/10.1073/pnas.2123553119,https://doi.org/10.1073/pnas.2123553119,True,high,DOI,10.1073/pnas.2123553119,DOI
3894,,1729014640.0,,0,0,0,蓝V,https://doi.org/10.1038/s42003-022-03706-0,https://doi.org/10.1038/s42003-022-03706-0,True,high,DOI,10.1038/s42003-022-03706-0,DOI
3895,,1729014640.0,,0,0,0,蓝V,https://doi.org/10.1126/sciadv.abn7988,https://doi.org/10.1126/sciadv.abn7988,True,high,DOI,10.1126/sciadv.abn7988,DOI
3896,,1729014640.0,,0,0,0,蓝V,https://doi.org/10.1016/j.cub.2022.06.018,https://doi.org/10.1016/j.cub.2022.06.018,True,high,DOI,10.1016/j.cub.2022.06.018,DOI
3897,,2427364747.0,,0,0,0,蓝V,https://doi.org/10.1073/pnas.2123553119,https://doi.org/10.1073/pnas.2123553119,True,high,DOI,10.1073/pnas.2123553119,DOI
3898,,1729014640.0,,0,0,0,蓝V,https://doi.org/10.1140/epjp/s13360-022-03229-x,https://doi.org/10.1140/epjp/s13360-022-03229-x,True,high,DOI,10.1140/epjp/s13360-022-03229-x,DOI
3899,,2427364747.0,,0,0,0,蓝V,https://doi.org/10.1016/j.eclinm.2022.101665,https://doi.org/10.1016/j.eclinm.2022.101665,True,high,DOI,10.1016/j.eclinm.2022.101665,DOI
3900,,2427364747.0,,0,0,0,蓝V,https://www.bmj.com/content/378/bmj-2022-071204,https://www.bmj.com/content/378/bmj-2022-071204,True,high,BMJ,,BMJ
3901,,2427364747.0,,0,0,0,蓝V,https://doi.org/10.1038/s41598-022-15794-3,https://doi.org/10.1038/s41598-022-15794-3,True,high,DOI,10.1038/s41598-022-15794-3,DOI
3902,,1729014640.0,,0,0,0,蓝V,https://www.bmj.com/content/378/bmj-2022-071204,https://www.bmj.com/content/378/bmj-2022-071204,True,high,BMJ,,BMJ
3903,,1729014640.0,,0,0,0,蓝V,https://doi.org/10.1016/j.eclinm.2022.101665,https://doi.org/10.1016/j.eclinm.2022.101665,True,high,DOI,10.1016/j.eclinm.2022.101665,DOI
3904,,2427364747.0,,0,0,0,蓝V,https://doi.org/10.1038/s41560-022-01098-3,https://doi.org/10.1038/s41560-022-01098-3,True,high,DOI,10.1038/s41560-022-01098-3,DOI
3905,,1729014640.0,,0,0,0,蓝V,https://doi.org/10.1038/s41598-022-16529-0,https://doi.org/10.1038/s41598-022-16529-0,True,high,DOI,10.1038/s41598-022-16529-0,DOI
3906,,2427364747.0,,0,0,0,蓝V,https://www.nature.com/articles/s41560-022-01098-3,https://www.nature.com/articles/s41560-022-01098-3,True,high,Nature,,Nature
3907,,2427364747.0,,0,0,0,蓝V,https://doi.org/10.1038/s41598-022-16529-0,https://doi.org/10.1038/s41598-022-16529-0,True,high,DOI,10.1038/s41598-022-16529-0,DOI
3908,,1729014640.0,,0,0,0,蓝V,https://doi.org/10.1038/s41560-022-01098-3,https://doi.org/10.1038/s41560-022-01098-3,True,high,DOI,10.1038/s41560-022-01098-3,DOI
3909,,2427364747.0,,0,0,0,蓝V,https://doi.org/10.1038/s41586-022-05275-y,https://doi.org/10.1038/s41586-022-05275-y,True,high,DOI,10.1038/s41586-022-05275-y,DOI
3910,,1729014640.0,,0,0,0,蓝V,https://doi.org/10.1093/mnras/stac2036,https://doi.org/10.1093/mnras/stac2036,True,high,DOI,10.1093/mnras/stac2036,DOI
3911,,1729014640.0,,0,0,0,蓝V,https://doi.org/10.1038/s41589-022-01166-5,https://doi.org/10.1038/s41589-022-01166-5,True,high,DOI,10.1038/s41589-022-01166-5,DOI
3912,,2427364747.0,,0,0,0,蓝V,https://doi.org/10.1073/pnas.2200835119,https://doi.org/10.1073/pnas.2200835119,True,high,DOI,10.1073/pnas.2200835119,DOI
3913,,1729014640.0,,0,0,0,蓝V,https://doi.org/10.1038/s41586-022-05275-y,https://doi.org/10.1038/s41586-022-05275-y,True,high,DOI,10.1038/s41586-022-05275-y,DOI
3914,,2427364747.0,,0,0,0,蓝V,https://doi.org/10.1093/mnras/stac2036,https://doi.org/10.1093/mnras/stac2036,True,high,DOI,10.1093/mnras/stac2036,DOI
3915,,2427364747.0,,0,0,0,蓝V,https://doi.org/10.1073/pnas.2201388119,https://doi.org/10.1073/pnas.2201388119,True,high,DOI,10.1073/pnas.2201388119,DOI
3916,,1729014640.0,,0,0,0,蓝V,https://doi.org/10.1073/pnas.2200835119,https://doi.org/10.1073/pnas.2200835119,True,high,DOI,10.1073/pnas.2200835119,DOI
3917,,1729014640.0,,0,0,0,蓝V,https://doi.org/10.1073/pnas.2201388119,https://doi.org/10.1073/pnas.2201388119,True,high,DOI,10.1073/pnas.2201388119,DOI
3918,,1729014640.0,,0,0,0,蓝V,https://www.nature.com/articles/s41586-022-05443-0,https://www.nature.com/articles/s41586-022-05443-0,True,high,Nature,,Nature
3919,,1729014640.0,,0,0,0,蓝V,https://doi.org/10.1101/2022.10.31.514433,https://doi.org/10.1101/2022.10.31.514433,True,high,DOI,10.1101/2022.10.31.514433,DOI
3920,,2427364747.0,,0,0,0,蓝V,https://doi.org/10.1101/2022.07.20.500902,https://doi.org/10.1101/2022.07.20.500902,True,high,DOI,10.1101/2022.07.20.500902,DOI
3921,,2427364747.0,,0,0,0,蓝V,https://doi.org/10.1103/PhysRevLett.129.191101,https://doi.org/10.1103/PhysRevLett.129.191101,True,high,DOI,10.1103/PhysRevLett.129.191101,DOI
3922,,1729014640.0,,0,0,0,蓝V,https://doi.org/10.1016/j.stemcr.2022.10.003,https://doi.org/10.1016/j.stemcr.2022.10.003,True,high,DOI,10.1016/j.stemcr.2022.10.003,DOI
3923,,1729014640.0,,0,0,0,蓝V,https://doi.org/10.1103/PhysRevLett.129.191101,https://doi.org/10.1103/PhysRevLett.129.191101,True,high,DOI,10.1103/PhysRevLett.129.191101,DOI
3924,,2427364747.0,,0,0,0,蓝V,https://doi.org/10.1016/j.stemcr.2022.10.003,https://doi.org/10.1016/j.stemcr.2022.10.003,True,high,DOI,10.1016/j.stemcr.2022.10.003,DOI
3925,,1729014640.0,,0,0,0,蓝V,https://doi.org/10.1016/j.gecco.2022.e02282,https://doi.org/10.1016/j.gecco.2022.e02282,True,high,DOI,10.1016/j.gecco.2022.e02282,DOI
3926,,1729014640.0,,0,0,0,蓝V,https://doi.org/10.1101/2022.07.20.500902,https://doi.org/10.1101/2022.07.20.500902,True,high,DOI,10.1101/2022.07.20.500902,DOI
3927,,2427364747.0,,0,0,0,蓝V,https://doi.org/10.1016/j.gecco.2022.e02282,https://doi.org/10.1016/j.gecco.2022.e02282,True,high,DOI,10.1016/j.gecco.2022.e02282,DOI
3928,,1729014640.0,,0,0,0,蓝V,https://doi.org/10.3847/1538-4357/ac9c62,https://doi.org/10.3847/1538-4357/ac9c62,True,high,DOI,10.3847/1538-4357/ac9c62,DOI
3929,,2427364747.0,,0,0,0,蓝V,https://doi.org/10.1098/rsif.2022.0557,https://doi.org/10.1098/rsif.2022.0557,True,high,DOI,10.1098/rsif.2022.0557,DOI
3930,,1729014640.0,,0,0,0,蓝V,https://doi.org/10.1098/rsif.2022.0557,https://doi.org/10.1098/rsif.2022.0557,True,high,DOI,10.1098/rsif.2022.0557,DOI
3931,,1729014640.0,,0,0,0,蓝V,https://doi.org/10.1038/s41586-022-05403-8,https://doi.org/10.1038/s41586-022-05403-8,True,high,DOI,10.1038/s41586-022-05403-8,DOI
3932,,1729014640.0,,0,0,0,蓝V,https://www.nature.com/articles/s41558-022-01584-2,https://www.nature.com/articles/s41558-022-01584-2,True,high,Nature,,Nature
3933,,2427364747.0,,0,0,0,蓝V,https://www.science.org/doi/10.1126/science.abo1324,https://www.science.org/doi/10.1126/science.abo1324,True,high,DOI,10.1126/science.abo1324,DOI
3934,,2427364747.0,,0,0,0,蓝V,https://doi.org/10.1038/s41467-022-35215-3,https://doi.org/10.1038/s41467-022-35215-3,True,high,DOI,10.1038/s41467-022-35215-3,DOI
3935,,1729014640.0,,0,0,0,蓝V,http://doi.org/10.1016/j.isci.2022.105811,http://doi.org/10.1016/j.isci.2022.105811,True,high,DOI,10.1016/j.isci.2022.105811,DOI
3936,,2427364747.0,,0,0,0,蓝V,https://www.science.org/doi/10.1126/sciadv.abm0197,https://www.science.org/doi/10.1126/sciadv.abm0197,True,high,DOI,10.1126/sciadv.abm0197,DOI
3937,,1729014640.0,,0,0,0,蓝V,https://doi.org/10.1038/s41467-022-35215-3,https://doi.org/10.1038/s41467-022-35215-3,True,high,DOI,10.1038/s41467-022-35215-3,DOI
3938,,2427364747.0,,0,0,0,蓝V,http://doi.org/10.1016/j.isci.2022.105811,http://doi.org/10.1016/j.isci.2022.105811,True,high,DOI,10.1016/j.isci.2022.105811,DOI
3939,,1729014640.0,,0,0,0,蓝V,https://www.science.org/doi/10.1126/science.abo1324,https://www.science.org/doi/10.1126/science.abo1324,True,high,DOI,10.1126/science.abo1324,DOI
3940,,2427364747.0,,0,0,0,蓝V,https://doi.org/10.1093/nsr/nwac291,https://doi.org/10.1093/nsr/nwac291,True,high,DOI,10.1093/nsr/nwac291,DOI
3941,,2427364747.0,,0,0,0,蓝V,https://doi.org/10.1038/s41467-022-35679-3,https://doi.org/10.1038/s41467-022-35679-3,True,high,DOI,10.1038/s41467-022-35679-3,DOI
3942,,1729014640.0,,0,0,0,蓝V,https://doi.org/10.1038/s41467-022-35679-3,https://doi.org/10.1038/s41467-022-35679-3,True,high,DOI,10.1038/s41467-022-35679-3,DOI
3943,,2427364747.0,,0,0,0,蓝V,https://doi.org/10.1038/s41586-023-05786-2,https://doi.org/10.1038/s41586-023-05786-2,True,high,DOI,10.1038/s41586-023-05786-2,DOI
3944,,2427364747.0,,0,0,0,蓝V,https://doi.org/10.1038/s41467-023-36284-8,https://doi.org/10.1038/s41467-023-36284-8,True,high,DOI,10.1038/s41467-023-36284-8,DOI
3945,,1729014640.0,,0,0,0,蓝V,https://doi.org/10.1038/s41467-023-36051-9,https://doi.org/10.1038/s41467-023-36051-9,True,high,DOI,10.1038/s41467-023-36051-9,DOI
3946,,2427364747.0,,0,0,0,蓝V,https://doi.org/10.1038/s41467-023-36051-9,https://doi.org/10.1038/s41467-023-36051-9,True,high,DOI,10.1038/s41467-023-36051-9,DOI
3947,,1729014640.0,,0,0,0,蓝V,https://doi.org/10.1038/s41586-023-05786-2,https://doi.org/10.1038/s41586-023-05786-2,True,high,DOI,10.1038/s41586-023-05786-2,DOI
3948,,1729014640.0,,0,0,0,蓝V,https://doi.org/10.1103/PhysRevLett.130.052301,https://doi.org/10.1103/PhysRevLett.130.052301,True,high,DOI,10.1103/PhysRevLett.130.052301,DOI
3949,,2427364747.0,,0,0,0,蓝V,https://doi.org/10.1103/PhysRevLett.130.030601,https://doi.org/10.1103/PhysRevLett.130.030601,True,high,DOI,10.1103/PhysRevLett.130.030601,DOI
3950,,2427364747.0,,0,0,0,蓝V,https://doi.org/10.1038/s42256-023-00616-6,https://doi.org/10.1038/s42256-023-00616-6,True,high,DOI,10.1038/s42256-023-00616-6,DOI
3951,,1729014640.0,,0,0,0,蓝V,https://doi.org/10.1038/s42256-023-00616-6,https://doi.org/10.1038/s42256-023-00616-6,True,high,DOI,10.1038/s42256-023-00616-6,DOI
3952,,2427364747.0,,0,0,0,蓝V,https://www.nature.com/articles/s41565-023-01346-x,https://www.nature.com/articles/s41565-023-01346-x,True,high,Nature,,Nature
3953,,2427364747.0,,0,0,0,蓝V,https://doi.org/10.1101/2022.11.18.517004,https://doi.org/10.1101/2022.11.18.517004,True,high,DOI,10.1101/2022.11.18.517004,DOI
3954,,1729014640.0,,0,0,0,蓝V,https://doi.org/10.1038/s44160-023-00250-5,https://doi.org/10.1038/s44160-023-00250-5,True,high,DOI,10.1038/s44160-023-00250-5,DOI
3955,,1729014640.0,,0,0,0,蓝V,https://doi.org/10.1016/j.seppur.2022.121194,https://doi.org/10.1016/j.seppur.2022.121194,True,high,DOI,10.1016/j.seppur.2022.121194,DOI
3956,,1729014640.0,,0,0,0,蓝V,https://doi.org/10.1073/pnas.2204892120,https://doi.org/10.1073/pnas.2204892120,True,high,DOI,10.1073/pnas.2204892120,DOI
3957,,1729014640.0,,0,0,0,蓝V,https://doi.org/10.1101/2022.11.18.517004,https://doi.org/10.1101/2022.11.18.517004,True,high,DOI,10.1101/2022.11.18.517004,DOI
3958,,2427364747.0,,0,0,0,蓝V,https://doi.org/10.1038/s44160-023-00250-5,https://doi.org/10.1038/s44160-023-00250-5,True,high,DOI,10.1038/s44160-023-00250-5,DOI
3959,,1729014640.0,,0,0,0,蓝V,https://doi.org/10.1016/j.scitotenv.2023.162825,https://doi.org/10.1016/j.scitotenv.2023.162825,True,high,DOI,10.1016/j.scitotenv.2023.162825,DOI
3960,,2427364747.0,,0,0,0,蓝V,https://doi.org/10.1073/pnas.2204892120,https://doi.org/10.1073/pnas.2204892120,True,high,DOI,10.1073/pnas.2204892120,DOI
3961,,1729014640.0,,0,0,0,蓝V,https://doi.org/10.3847/1538-4357/acadd9,https://doi.org/10.3847/1538-4357/acadd9,True,high,DOI,10.3847/1538-4357/acadd9,DOI
3962,,2427364747.0,,0,0,0,蓝V,https://doi.org/10.1038/s41467-023-37842-w,https://doi.org/10.1038/s41467-023-37842-w,True,high,DOI,10.1038/s41467-023-37842-w,DOI
3963,,2427364747.0,,0,0,0,蓝V,https://doi.org/10.3847/1538-4357/acadd9,https://doi.org/10.3847/1538-4357/acadd9,True,high,DOI,10.3847/1538-4357/acadd9,DOI
3964,,2427364747.0,,0,0,0,蓝V,https://doi.org/10.1016/j.cell.2023.02.036,https://doi.org/10.1016/j.cell.2023.02.036,True,high,DOI,10.1016/j.cell.2023.02.036,DOI
3965,,1729014640.0,,0,0,0,蓝V,https://doi.org/10.1038/s41597-022-01740-5,https://doi.org/10.1038/s41597-022-01740-5,True,high,DOI,10.1038/s41597-022-01740-5,DOI
3966,,1729014640.0,,0,0,0,蓝V,https://doi.org/10.1016/j.cell.2023.02.036,https://doi.org/10.1016/j.cell.2023.02.036,True,high,DOI,10.1016/j.cell.2023.02.036,DOI
3967,,1729014640.0,,0,0,0,蓝V,https://doi.org/10.1126/science.abo2812,https://doi.org/10.1126/science.abo2812,True,high,DOI,10.1126/science.abo2812,DOI
3968,,2427364747.0,,0,0,0,蓝V,https://doi.org/10.1126/science.abo2812,https://doi.org/10.1126/science.abo2812,True,high,DOI,10.1126/science.abo2812,DOI
3969,,2427364747.0,,0,0,0,蓝V,https://www.science.org/doi/10.1126/sciadv.add2932,https://www.science.org/doi/10.1126/sciadv.add2932,True,high,DOI,10.1126/sciadv.add2932,DOI
3970,,2427364747.0,,0,0,0,蓝V,https://doi.org/10.1038/s41538-023-00194-2,https://doi.org/10.1038/s41538-023-00194-2,True,high,DOI,10.1038/s41538-023-00194-2,DOI
3971,,1729014640.0,,0,0,0,蓝V,https://doi.org/10.1063/5.0138998,https://doi.org/10.1063/5.0138998,True,high,DOI,10.1063/5.0138998,DOI
3972,,2427364747.0,,0,0,0,蓝V,https://doi.org/10.1126/sciadv.adg1213,https://doi.org/10.1126/sciadv.adg1213,True,high,DOI,10.1126/sciadv.adg1213,DOI
3973,,2427364747.0,,0,0,0,蓝V,https://www.nature.com/articles/s41586-023-06052-1,https://www.nature.com/articles/s41586-023-06052-1,True,high,Nature,,Nature
3974,,1729014640.0,,0,0,0,蓝V,http://doi.org/10.1016/j.isci.2023.106747,http://doi.org/10.1016/j.isci.2023.106747,True,high,DOI,10.1016/j.isci.2023.106747,DOI
3975,,1729014640.0,,0,0,0,蓝V,https://www.science.org/doi/10.1126/sciadv.add2932,https://www.science.org/doi/10.1126/sciadv.add2932,True,high,DOI,10.1126/sciadv.add2932,DOI
3976,,2427364747.0,,0,0,0,蓝V,https://www.nature.com/articles/s41467-023-38715-y,https://www.nature.com/articles/s41467-023-38715-y,True,high,Nature,,Nature
3977,,2427364747.0,,0,0,0,蓝V,https://www.nature.com/articles/s43856-023-00269-x,https://www.nature.com/articles/s43856-023-00269-x,True,high,Nature,,Nature
3978,,2427364747.0,,0,0,0,蓝V,https://www.cell.com/cancer-cell/fulltext/S1535-6108(23)00177-0,https://www.cell.com/cancer-cell/fulltext/S1535-6108(23)00177-0,True,high,CELL PRESS,,CELL PRESS
3979,,2427364747.0,,0,0,0,蓝V,https://doi.org/10.1093/hr/uhad061,https://doi.org/10.1093/hr/uhad061,True,high,DOI,10.1093/hr/uhad061,DOI
3980,,1729014640.0,,0,0,0,蓝V,https://www.nature.com/articles/s43856-023-00269-x,https://www.nature.com/articles/s43856-023-00269-x,True,high,Nature,,Nature
3981,,1729014640.0,,0,0,0,蓝V,https://www.nature.com/articles/s41586-023-06077-6,https://www.nature.com/articles/s41586-023-06077-6,True,high,Nature,,Nature
3982,,2427364747.0,,0,0,0,蓝V,https://doi.org/10.1051/0004-6361/202346493,https://doi.org/10.1051/0004-6361/202346493,True,high,DOI,10.1051/0004-6361/202346493,DOI
3983,,1729014640.0,,0,0,0,蓝V,https://doi.org/10.1051/0004-6361/202346493,https://doi.org/10.1051/0004-6361/202346493,True,high,DOI,10.1051/0004-6361/202346493,DOI
3984,,1729014640.0,,0,0,0,蓝V,https://doi.org/10.1038/s41586-023-06223-0,https://doi.org/10.1038/s41586-023-06223-0,True,high,DOI,10.1038/s41586-023-06223-0,DOI
3985,,1729014640.0,,0,0,0,蓝V,https://doi.org/10.1007/s43657-023-00106-0,https://doi.org/10.1007/s43657-023-00106-0,True,high,DOI,10.1007/s43657-023-00106-0,DOI
3986,,1729014640.0,,0,0,0,蓝V,https://doi.org/10.1126/science.add4514,https://doi.org/10.1126/science.add4514,True,high,DOI,10.1126/science.add4514,DOI
3987,,1729014640.0,,0,0,0,蓝V,https://doi.org/10.1073/pnas.2220178120,https://doi.org/10.1073/pnas.2220178120,True,high,DOI,10.1073/pnas.2220178120,DOI
3988,,1729014640.0,,0,0,0,蓝V,https://www.nature.com/articles/s41586-023-06256-5,https://www.nature.com/articles/s41586-023-06256-5,True,high,Nature,,Nature
3989,,2427364747.0,,0,0,0,蓝V,https://www.nature.com/articles/s41586-023-06256-5,https://www.nature.com/articles/s41586-023-06256-5,True,high,Nature,,Nature
3990,,1729014640.0,,0,0,0,蓝V,https://doi.org/10.1038/s41561-023-01216-0,https://doi.org/10.1038/s41561-023-01216-0,True,high,DOI,10.1038/s41561-023-01216-0,DOI
3991,,1729014640.0,,0,0,0,蓝V,https://doi.org/10.1103/PhysRevLett.131.050401,https://doi.org/10.1103/PhysRevLett.131.050401,True,high,DOI,10.1103/PhysRevLett.131.050401,DOI
3992,,6034375475.0,,0,0,0,普通用户,https://doi.org/10.5194/os-19-1315-2023,https://doi.org/10.5194/os-19-1315-2023,True,high,DOI,10.5194/os-19-1315-2023,DOI
3993,,6034375475.0,,0,0,0,普通用户,https://doi.org/10.3389/fmars.2023.1247579,https://doi.org/10.3389/fmars.2023.1247579,True,high,DOI,10.3389/fmars.2023.1247579,DOI
3994,,6034375475.0,,0,0,0,普通用户,https://doi.org/10.1007/s10236-023-01574-8,https://doi.org/10.1007/s10236-023-01574-8,True,high,DOI,10.1007/s10236-023-01574-8,DOI
3995,,6034375475.0,,0,0,0,普通用户,https://doi.org/10.1038/s41598-023-40503-z,https://doi.org/10.1038/s41598-023-40503-z,True,high,DOI,10.1038/s41598-023-40503-z,DOI
3996,,6034375475.0,,0,0,0,普通用户,https://doi.org/10.1175/JPO-D-23-0026.1,https://doi.org/10.1175/JPO-D-23-0026.1,True,high,DOI,10.1175/JPO-D-23-0026.1,DOI
3997,,6034375475.0,,0,0,0,普通用户,https://doi.org/10.1175/JPO-D-23-0016.1,https://doi.org/10.1175/JPO-D-23-0016.1,True,high,DOI,10.1175/JPO-D-23-0016.1,DOI
3998,,6034375475.0,,0,0,0,普通用户,https://doi.org/10.1029/2022JC019256,https://doi.org/10.1029/2022JC019256,True,high,DOI,10.1029/2022JC019256,DOI
3999,,6034375475.0,,0,0,0,普通用户,https://doi.org/10.1360/N072022-0305,https://doi.org/10.1360/N072022-0305,True,high,DOI,10.1360/N072022-0305,DOI
4000,,6034375475.0,,0,0,0,普通用户,https://doi.org/10.3389/fmars.2023.1277316,https://doi.org/10.3389/fmars.2023.1277316,True,high,DOI,10.3389/fmars.2023.1277316,DOI
4001,,6034375475.0,,0,0,0,普通用户,https://doi.org/10.1175/JPO-D-22-0210.1,https://doi.org/10.1175/JPO-D-22-0210.1,True,high,DOI,10.1175/JPO-D-22-0210.1,DOI
4002,,6034375475.0,,0,0,0,普通用户,https://doi.org/10.1016/j.dsr.2023.104226,https://doi.org/10.1016/j.dsr.2023.104226,True,high,DOI,10.1016/j.dsr.2023.104226,DOI
4003,,6034375475.0,,0,0,0,普通用户,https://doi.org/10.1029/2023GL105740,https://doi.org/10.1029/2023GL105740,True,high,DOI,10.1029/2023GL105740,DOI
4004,,6034375475.0,,0,0,0,普通用户,https://doi.org/10.1016/j.ocemod.2023.102297,https://doi.org/10.1016/j.ocemod.2023.102297,True,high,DOI,10.1016/j.ocemod.2023.102297,DOI
4005,,6034375475.0,,0,0,0,普通用户,https://doi.org/10.3389/fmars.2023.1250452,https://doi.org/10.3389/fmars.2023.1250452,True,high,DOI,10.3389/fmars.2023.1250452,DOI
4006,,6034375475.0,,0,0,0,普通用户,https://doi.org/10.1038/s41598-023-48624-1,https://doi.org/10.1038/s41598-023-48624-1,True,high,DOI,10.1038/s41598-023-48624-1,DOI
4007,,6034375475.0,,0,0,0,普通用户,https://doi.org/10.1016/j.csr.2024.105179,https://doi.org/10.1016/j.csr.2024.105179,True,high,DOI,10.1016/j.csr.2024.105179,DOI
4008,,6034375475.0,,0,0,0,普通用户,https://doi.org/10.1007/s00382-023-07037-6,https://doi.org/10.1007/s00382-023-07037-6,True,high,DOI,10.1007/s00382-023-07037-6,DOI
4009,,6034375475.0,,0,0,0,普通用户,https://doi.org/10.1016/j.ocemod.2023.102310,https://doi.org/10.1016/j.ocemod.2023.102310,True,high,DOI,10.1016/j.ocemod.2023.102310,DOI
4010,,6034375475.0,,0,0,0,普通用户,https://doi.org/10.1016/j.ocemod.2023.102304,https://doi.org/10.1016/j.ocemod.2023.102304,True,high,DOI,10.1016/j.ocemod.2023.102304,DOI
4011,,6034375475.0,,0,0,0,普通用户,https://doi.org/10.1175/JPO-D-23-0151.1,https://doi.org/10.1175/JPO-D-23-0151.1,True,high,DOI,10.1175/JPO-D-23-0151.1,DOI
4012,,6034375475.0,,0,0,0,普通用户,https://doi.org/10.1029/2023GL107306,https://doi.org/10.1029/2023GL107306,True,high,DOI,10.1029/2023GL107306,DOI
4013,,6034375475.0,,0,0,0,普通用户,https://doi.org/10.1038/s41586-024-07534-6,https://doi.org/10.1038/s41586-024-07534-6,True,high,DOI,10.1038/s41586-024-07534-6,DOI
4014,,2657633095.0,,0,0,0,蓝V,https://doi.org/10.1038/s41392-022-00894-3,https://doi.org/10.1038/s41392-022-00894-3,True,high,DOI,10.1038/s41392-022-00894-3,DOI
4015,,2657633095.0,,0,0,0,蓝V,https://doi.org/10.1051/0004-6361/202142169,https://doi.org/10.1051/0004-6361/202142169,True,high,DOI,10.1051/0004-6361/202142169,DOI
4016,,2657633095.0,,0,0,0,蓝V,https://doi.org/10.1029/2021GL096464,https://doi.org/10.1029/2021GL096464,True,high,DOI,10.1029/2021GL096464,DOI
4017,,2657633095.0,,0,0,0,蓝V,https://doi.org/10.1038/s43587-022-00210-2,https://doi.org/10.1038/s43587-022-00210-2,True,high,DOI,10.1038/s43587-022-00210-2,DOI
4018,,3889212468.0,,0,0,0,普通用户,https://www.nature.com/articles/s41586-024-07534-6,https://www.nature.com/articles/s41586-024-07534-6,True,high,Nature,,Nature
4019,,3889212468.0,,0,0,0,普通用户,https://www.science.org/doi/10.1126/science.adk3705,https://www.science.org/doi/10.1126/science.adk3705,True,high,DOI,10.1126/science.adk3705,DOI
4020,,1464484735.0,,0,0,0,普通用户,https://arxiv.org/abs/2110.01786,https://arxiv.org/abs/2110.01786,True,high,arXiv,,arXiv
4021,,1731150201.0,,0,0,0,普通用户,https://xueshu.baidu.com/usercenter/paper/show?paperid=e5dba4b1aee479bf6df576ea6fbd4c31,https://xueshu.baidu.com/usercenter/paper/show?paperid=e5dba4b1aee479bf6df576ea6fbd4c31,True,high,百度,,百度
4022,,7482711888.0,,0,0,0,蓝V,https://www.thelancet.com/journals/lanwpc/article/PIIS2666-6065(21)00165-6/fulltext,https://www.thelancet.com/journals/lanwpc/article/PIIS2666-6065(21)00165-6/fulltext,True,high,LANCET,,LANCET
4023,,1683020051.0,,0,0,0,普通用户,https://arxiv.org/pdf/2403.05812.pdf,https://arxiv.org/pdf/2403.05812.pdf,True,high,arXiv,,arXiv
4024,,1699526244.0,,0,0,0,普通用户,https://iopscience.iop.org/article/10.3847/2041-8213/ad4357,https://iopscience.iop.org/article/10.3847/2041-8213/ad4357,True,high,DOI,10.3847/2041-8213/ad4357,DOI
4025,,1699526244.0,,0,0,0,普通用户,https://arxiv.org/pdf/2408.05101,https://arxiv.org/pdf/2408.05101,True,high,arXiv,,arXiv
4026,,6526109246.0,,0,0,0,普通用户,https://www.science.org/doi/10.1126/science.aay2400,https://www.science.org/doi/10.1126/science.aay2400,True,high,DOI,10.1126/science.aay2400,DOI
4027,,6974787068.0,,0,0,0,红V,https://arxiv.org/html/2211.04325v2,https://arxiv.org/html/2211.04325v2,True,high,arXiv,,arXiv
4027,,6974787068.0,,0,0,0,红V,https://arxiv.org/abs/2311.13110,https://arxiv.org/abs/2311.13110,True,high,arXiv,,arXiv
4028,,6505590374.0,,0,0,0,蓝V,https://journal.hep.com.cn/fase/EN/10.15302/J-FASE-2021434,https://journal.hep.com.cn/fase/EN/10.15302/J-FASE-2021434,True,high,DOI,10.15302/J-FASE-2021434,DOI
4029,,6505590374.0,,0,0,0,蓝V,https://journal.hep.com.cn/fese/EN/10.1007/s11783-021-1490-7,https://journal.hep.com.cn/fese/EN/10.1007/s11783-021-1490-7,True,high,DOI,10.1007/s11783-021-1490-7,DOI
4030,,6505590374.0,,0,0,0,蓝V,https://doi.org/10.1016/j.eng.2022.08.008,https://doi.org/10.1016/j.eng.2022.08.008,True,high,DOI,10.1016/j.eng.2022.08.008,DOI
4031,,6505590374.0,,0,0,0,蓝V,http://doi.org/10.1016/j.eng.2023.03.007,http://doi.org/10.1016/j.eng.2023.03.007,True,high,DOI,10.1016/j.eng.2023.03.007,DOI
4032,,6505590374.0,,0,0,0,蓝V,http://doi.org/10.1016/j.eng.2023.01.010,http://doi.org/10.1016/j.eng.2023.01.010,True,high,DOI,10.1016/j.eng.2023.01.010,DOI
4033,,1870858943.0,,0,0,0,蓝V,https://www.aminer.cn/pub/646aeca9d68f896efa05a53c/lima-less-is-more-for-alignment?f=wb,https://www.aminer.cn/pub/646aeca9d68f896efa05a53c/lima-less-is-more-for-alignment?f=wb,True,high,AMiner,,AMiner
4034,,1870858943.0,,0,0,0,蓝V,https://www.aminer.cn/pub/665556f401d2a3fbfcdca611/?f=wb,https://www.aminer.cn/pub/665556f401d2a3fbfcdca611/?f=wb,True,high,AMiner,,AMiner
4035,,1870858943.0,,0,0,0,蓝V,https://www.aminer.cn/pub/6667b02401d2a3fbfc2e397b/?f=wb,https://www.aminer.cn/pub/6667b02401d2a3fbfc2e397b/?f=wb,True,high,AMiner,,AMiner
4036,,1870858943.0,,0,0,0,蓝V,https://www.aminer.cn/pub/64e826d63fda6d7f06c314cd/?f=wb,https://www.aminer.cn/pub/64e826d63fda6d7f06c314cd/?f=wb,True,high,AMiner,,AMiner
4037,,1870858943.0,,0,0,0,蓝V,https://www.aminer.cn/pub/67453a83ae8580e7ffadd7f5/?f=wb,https://www.aminer.cn/pub/67453a83ae8580e7ffadd7f5/?f=wb,True,high,AMiner,,AMiner
4038,,1870858943.0,,0,0,0,蓝V,https://www.aminer.cn/pub/6736f80901d2a3fbfc7ce3f7/?f=wb,https://www.aminer.cn/pub/6736f80901d2a3fbfc7ce3f7/?f=wb,True,high,AMiner,,AMiner
4039,,1870858943.0,,0,0,0,蓝V,https://www.aminer.cn/pub/674e79deae8580e7ffa71e02/?f=wb,https://www.aminer.cn/pub/674e79deae8580e7ffa71e02/?f=wb,True,high,AMiner,,AMiner
4040,,1870858943.0,,0,0,0,蓝V,https://www.aminer.cn/pub/675268feae8580e7ff34aacb/?f=wb,https://www.aminer.cn/pub/675268feae8580e7ff34aacb/?f=wb,True,high,AMiner,,AMiner
4041,,2126427211.0,,0,0,0,黄V,https://www.aminer.cn/pub/615fb6ef5244ab9dcb9c3c29/on-the-optimal-memorization-power-of-relu-neural-networks,https://www.aminer.cn/pub/615fb6ef5244ab9dcb9c3c29/on-the-optimal-memorization-power-of-relu-neural-networks,True,high,AMiner,,AMiner
4042,,2126427211.0,,0,0,0,黄V,https://arxiv.org/pdf/2403.15796,https://arxiv.org/pdf/2403.15796,True,high,arXiv,,arXiv
4043,,1235572171.0,,0,0,0,蓝V,https://iopscience.iop.org/article/10.3847/2041-8213/ac2fad,https://iopscience.iop.org/article/10.3847/2041-8213/ac2fad,True,high,DOI,10.3847/2041-8213/ac2fad,DOI
4044,,1235572171.0,,0,0,0,蓝V,https://www.nature.com/articles/s41598-021-99298-6#Abs1,https://www.nature.com/articles/s41598-021-99298-6#Abs1,True,high,Nature,,Nature
4045,,1235572171.0,,0,0,0,蓝V,https://www.liebertpub.com/doi/10.1089/soro.2021.0090,https://www.liebertpub.com/doi/10.1089/soro.2021.0090,True,high,DOI,10.1089/soro.2021.0090,DOI
4046,,1235572171.0,,0,0,0,蓝V,https://journals.aps.org/prl/abstract/10.1103/PhysRevLett.128.121301,https://journals.aps.org/prl/abstract/10.1103/PhysRevLett.128.121301,True,high,DOI,10.1103/PhysRevLett.128.121301,DOI
4047,,1235572171.0,,0,0,0,蓝V,https://arxiv.org/ftp/arxiv/papers/2207/2207.05632.pdf,https://arxiv.org/ftp/arxiv/papers/2207/2207.05632.pdf,True,high,arXiv,,arXiv
4048,,1235572171.0,,0,0,0,蓝V,https://www.science.org/doi/10.1126/science.add7046,https://www.science.org/doi/10.1126/science.add7046,True,high,DOI,10.1126/science.add7046,DOI
4048,,1235572171.0,,0,0,0,蓝V,https://www.science.org/doi/10.1126/science.adf7044,https://www.science.org/doi/10.1126/science.adf7044,True,high,DOI,10.1126/science.adf7044,DOI
4048,,1235572171.0,,0,0,0,蓝V,https://www.science.org/doi/10.1126/science.adf5357,https://www.science.org/doi/10.1126/science.adf5357,True,high,DOI,10.1126/science.adf5357,DOI
4049,,1235572171.0,,0,0,0,蓝V,https://arxiv.org/abs/2304.05376,https://arxiv.org/abs/2304.05376,True,high,arXiv,,arXiv
4050,,1764919567.0,,0,0,0,红V,https://arxiv.org/abs/2203.11256,https://arxiv.org/abs/2203.11256,True,high,arXiv,,arXiv
4051,,1764919567.0,,0,0,0,红V,https://www.nature.com/articles/s41550-022-01680-5?utm_campaign=natastronTWT,https://www.nature.com/articles/s41550-022-01680-5?utm_campaign=natastronTWT,True,high,Nature,,Nature
4052,,1764919567.0,,0,0,0,红V,https://arxiv.org/abs/2205.05687,https://arxiv.org/abs/2205.05687,True,high,arXiv,,arXiv
4053,,1764919567.0,,0,0,0,红V,https://arxiv.org/abs/2205.01688,https://arxiv.org/abs/2205.01688,True,high,arXiv,,arXiv
4054,,1764919567.0,,0,0,0,红V,https://arxiv.org/abs/2212.04480,https://arxiv.org/abs/2212.04480,True,high,arXiv,,arXiv
4055,,1764919567.0,,0,0,0,红V,https://arxiv.org/abs/2301.11945,https://arxiv.org/abs/2301.11945,True,high,arXiv,,arXiv
4056,,1764919567.0,,0,0,0,红V,https://arxiv.org/abs/2306.11807,https://arxiv.org/abs/2306.11807,True,high,arXiv,,arXiv
4057,,1764919567.0,,0,0,0,红V,https://arxiv.org/abs/2308.08584,https://arxiv.org/abs/2308.08584,True,high,arXiv,,arXiv
4058,,1764919567.0,,0,0,0,红V,https://arxiv.org/abs/2402.00214,https://arxiv.org/abs/2402.00214,True,high,arXiv,,arXiv
4058,,1764919567.0,,0,0,0,红V,https://arxiv.org/abs/1207.4197,https://arxiv.org/abs/1207.4197,True,high,arXiv,,arXiv
4059,,7482711888.0,,0,0,0,蓝V,https://www.thelancet.com/journals/lanwpc/article/PIIS2666-6065(21)00161-9/fulltext,https://www.thelancet.com/journals/lanwpc/article/PIIS2666-6065(21)00161-9/fulltext,True,high,LANCET,,LANCET
4060,,2279408463.0,,0,0,0,蓝V,https://link.springer.com/article/10.1007/s10409-021-01118-7?utm_source=weibo_organic&utm_medium=social&utm_campaign=SRCN_1_LW01_CN_AppliedScience,https://link.springer.com/article/10.1007/s10409-021-01118-7?utm_source=weibo_organic&utm_medium=social&utm_campaign=SRCN_1_LW01_CN_AppliedScience,True,high,DOI,10.1007/s10409-021-01118-7?utm_source=weibo_organic&utm_medium=social&utm_campaign=SRCN_1_LW01_CN_AppliedScience,DOI
4061,,2279408463.0,,0,0,0,蓝V,https://link.springer.com/chapter/10.1007/978-981-16-4593-8_1?utm_source=weibo_organic&utm_medium=social&utm_campaign=APSR_JRNLS_AWA1_CN_CNPL_REGWC_NEWBOOK,https://link.springer.com/chapter/10.1007/978-981-16-4593-8_1?utm_source=weibo_organic&utm_medium=social&utm_campaign=APSR_JRNLS_AWA1_CN_CNPL_REGWC_NEWBOOK,True,high,DOI,10.1007/978-981-16-4593-8_1?utm_source=weibo_organic&utm_medium=social&utm_campaign=APSR_JRNLS_AWA1_CN_CNPL_REGWC_NEWBOOK,DOI
4062,,5341251100.0,,0,0,0,蓝V,https://doi.org/10.1016/j.scitotenv.2021.150951,https://doi.org/10.1016/j.scitotenv.2021.150951,True,high,DOI,10.1016/j.scitotenv.2021.150951,DOI
4063,,5400397694.0,,0,0,0,蓝V,https://doi.org/10.1007/s40820-021-00744-x,https://doi.org/10.1007/s40820-021-00744-x,True,high,DOI,10.1007/s40820-021-00744-x,DOI
4064,,1816909062.0,,0,0,0,黄V,https://ieeexplore.ieee.org/stamp/stamp.jsp?tp=&arnumber=9667243,https://ieeexplore.ieee.org/stamp/stamp.jsp?tp=&arnumber=9667243,True,high,IEEE Xplore,,IEEE Xplore
4065,,5340174229.0,,0,0,0,蓝V,https://doi.org/10.1029/2021JA029113,https://doi.org/10.1029/2021JA029113,True,high,DOI,10.1029/2021JA029113,DOI
4065,,5340174229.0,,0,0,0,蓝V,https://doi.org/10.1029/2021JA029113,https://doi.org/10.1029/2021JA029113,True,high,DOI,10.1029/2021JA029113,DOI
4066,,6445085777.0,,0,0,0,黄V,https://www.science.org/doi/10.1126/sciadv.abj2479,https://www.science.org/doi/10.1126/sciadv.abj2479,True,high,DOI,10.1126/sciadv.abj2479,DOI
4067,,1878134457.0,,0,0,0,蓝V,https://www.pnas.org/doi/10.1073/pnas.2121998119,https://www.pnas.org/doi/10.1073/pnas.2121998119,True,high,DOI,10.1073/pnas.2121998119,DOI
4068,,1877686643.0,,0,0,0,蓝V,https://onlinelibrary.wiley.com/doi/10.1111/cpr.13201,https://onlinelibrary.wiley.com/doi/10.1111/cpr.13201,True,high,DOI,10.1111/cpr.13201,DOI
4069,,5322650555.0,,0,0,0,蓝V,http://www.xinyixue.cn/article/2021/0253-9802/0253-9802-52-4-278.shtml,http://www.xinyixue.cn/article/2021/0253-9802/0253-9802-52-4-278.shtml,True,low,弱学术关键词,,article
4070,,6655475536.0,,0,0,0,蓝V,https://www.thelancet.com/journals/lanchi/article/PIIS2352-4642(22)00005-0/fulltext,https://www.thelancet.com/journals/lanchi/article/PIIS2352-4642(22)00005-0/fulltext,True,high,LANCET,,LANCET
4071,,1878134457.0,,0,0,0,蓝V,https://doi.org/10.1103/PhysRevLett.128.142001,https://doi.org/10.1103/PhysRevLett.128.142001,True,high,DOI,10.1103/PhysRevLett.128.142001,DOI
4072,,7004651876.0,,0,0,0,红V,https://www.science.org/doi/10.1126/science.abk1781,https://www.science.org/doi/10.1126/science.abk1781,True,high,DOI,10.1126/science.abk1781,DOI
4073,,5322650555.0,,0,0,0,蓝V,http://www.xinyixue.cn/article/2022/0253-9802/0253-9802-53-3-193.shtml,http://www.xinyixue.cn/article/2022/0253-9802/0253-9802-53-3-193.shtml,True,low,弱学术关键词,,article
4074,,2111646471.0,,0,0,0,普通用户,https://jamanetwork.com/journals/jama-health-forum/fullarticle/2790812?guestAccessKey=ae78f935-6937-4e3d-b052-104c27185c9e&utm_source=silverchair&utm_campaign=jama_network&utm_content=covid_weekly_highlights&utm_medium=email,https://jamanetwork.com/journals/jama-health-forum/fullarticle/2790812?guestAccessKey=ae78f935-6937-4e3d-b052-104c27185c9e&utm_source=silverchair&utm_campaign=jama_network&utm_content=covid_weekly_highlights&utm_medium=email,True,high,JAMA,,JAMA
4075,,1421177604.0,,0,0,0,蓝V,http://www.sdkx.net/article/2022/1002-4026/1002-4026-35-2-1.shtml,http://www.sdkx.net/article/2022/1002-4026/1002-4026-35-2-1.shtml,True,low,弱学术关键词,,article
4076,,1617607293.0,,0,0,0,普通用户,https://www.nature.com/articles/s41586-022-04856-1,https://www.nature.com/articles/s41586-022-04856-1,True,high,Nature,,Nature
4077,,1688967920.0,,0,0,0,普通用户,https://doi.org/10.1016/j.ccell.2022.04.018,https://doi.org/10.1016/j.ccell.2022.04.018,True,high,DOI,10.1016/j.ccell.2022.04.018,DOI
4078,,5322650555.0,,0,0,0,蓝V,http://www.xinyixue.cn/article/2022/0253-9802/0253-9802-53-3-193.shtml,http://www.xinyixue.cn/article/2022/0253-9802/0253-9802-53-3-193.shtml,True,low,弱学术关键词,,article
4079,,5322650555.0,,0,0,0,蓝V,http://www.xinyixue.cn/article/2021/0253-9802/0253-9802-52-5-334.shtml,http://www.xinyixue.cn/article/2021/0253-9802/0253-9802-52-5-334.shtml,True,low,弱学术关键词,,article
4080,,7355567953.0,,0,0,0,蓝V,https://doi.org/10.3389/fpls.2022.916081,https://doi.org/10.3389/fpls.2022.916081,True,high,DOI,10.3389/fpls.2022.916081,DOI
4081,,5322650555.0,,0,0,0,蓝V,http://www.xinyixue.cn/article/2022/0253-9802/0253-9802-53-5-361.shtml,http://www.xinyixue.cn/article/2022/0253-9802/0253-9802-53-5-361.shtml,True,low,弱学术关键词,,article
4082,,2794083144.0,,0,0,0,蓝V,https://elifesciences.org/articles/76218,https://elifesciences.org/articles/76218,False,none,,,
4083,,1918726583.0,,0,0,0,普通用户,https://t.cnki.net/kcms/detail?v=SXoM_Tyef4Bwf0V1PyAZe3cSqB9ip-SofmxLJBHmkLj7HBBTM3IOU5G0Mm9dxRkltXGyr6wI5CwsDT1m_XwGaqhKncUVzr0aPJmf88yZV8BrDMM9oXb40g==&uniplatform=NZKPT,https://t.cnki.net/kcms/detail?v=SXoM_Tyef4Bwf0V1PyAZe3cSqB9ip-SofmxLJBHmkLj7HBBTM3IOU5G0Mm9dxRkltXGyr6wI5CwsDT1m_XwGaqhKncUVzr0aPJmf88yZV8BrDMM9oXb40g==&uniplatform=NZKPT,True,high,CNKI,,CNKI
4084,,7081705969.0,,0,0,0,蓝V,https://doi.org/10.1073/pnas.2123553119,https://doi.org/10.1073/pnas.2123553119,True,high,DOI,10.1073/pnas.2123553119,DOI
4085,,3543329232.0,,0,0,0,蓝V,https://doi.org/10.15252/msb.202210934,https://doi.org/10.15252/msb.202210934,True,high,DOI,10.15252/msb.202210934,DOI
4086,,3051047911.0,,0,0,0,蓝V,https://doi.org/10.1103/PhysRevLett.130.030601,https://doi.org/10.1103/PhysRevLett.130.030601,True,high,DOI,10.1103/PhysRevLett.130.030601,DOI
4087,,1925964485.0,,0,0,0,蓝V,https://doi.org/10.1126/science.ade3418,https://doi.org/10.1126/science.ade3418,True,high,DOI,10.1126/science.ade3418,DOI
4088,,5027586722.0,,0,0,0,蓝V,https://www.nature.com/articles/s41597-022-01390-7,https://www.nature.com/articles/s41597-022-01390-7,True,high,Nature,,Nature
4089,,7742364697.0,,0,0,0,蓝V,https://www.nature.com/articles/s41591-023-02440-2,https://www.nature.com/articles/s41591-023-02440-2,True,high,Nature,,Nature
4090,,6655475536.0,,0,0,0,蓝V,https://www.thelancet.com/journals/langas/article/PIIS2468-1253(23)00197-8/fulltext,https://www.thelancet.com/journals/langas/article/PIIS2468-1253(23)00197-8/fulltext,True,high,LANCET,,LANCET
4091,,5284329303.0,,0,0,0,蓝V,https://doi.org/10.1038/s41591-023-02543-w,https://doi.org/10.1038/s41591-023-02543-w,True,high,DOI,10.1038/s41591-023-02543-w,DOI
4092,,1925964485.0,,0,0,0,蓝V,https://www.science.org/doi/10.1126/science.adi2336,https://www.science.org/doi/10.1126/science.adi2336,True,high,DOI,10.1126/science.adi2336,DOI
4093,,5639373396.0,,0,0,0,黄V,https://www.ncbi.nlm.nih.gov/pmc/articles/PMC11170916/,https://www.ncbi.nlm.nih.gov/pmc/articles/PMC11170916/,True,high,PubMed,,PubMed
4094,,1918726583.0,,0,0,0,普通用户,https://link.cnki.net/doi/10.13822/j.cnki.hxsj.2023.0641,https://link.cnki.net/doi/10.13822/j.cnki.hxsj.2023.0641,True,high,DOI,10.13822/j.cnki.hxsj.2023.0641,DOI
4095,,1925964485.0,,0,0,0,蓝V,https://www.science.org/doi/10.1126/sciadv.adl3198,https://www.science.org/doi/10.1126/sciadv.adl3198,True,high,DOI,10.1126/sciadv.adl3198,DOI
4095,,1925964485.0,,0,0,0,蓝V,https://www.science.org/doi/10.1126/sciadv.adl3198,https://www.science.org/doi/10.1126/sciadv.adl3198,True,high,DOI,10.1126/sciadv.adl3198,DOI
4096,,6655475536.0,,0,0,0,蓝V,https://www.thelancet.com/journals/lanpub/article/PIIS2468-2667(24)00262-7/fulltext,https://www.thelancet.com/journals/lanpub/article/PIIS2468-2667(24)00262-7/fulltext,True,high,LANCET,,LANCET
4097,,1257566741.0,,0,0,0,普通用户,https://doi.org/10.1371/journal.pone.0275851,https://doi.org/10.1371/journal.pone.0275851,True,high,DOI,10.1371/journal.pone.0275851,DOI
4098,,5863370074.0,,0,0,0,普通用户,https://kns.cnki.net/kcms/detail/detail.aspx?dbcode=CMFD&dbname=CMFD201602&filename=1016157760.nh&uniplatform=NZKPT&v=zdFrAQ6yixmkooQej6VmrNijWNFcu45IJ6oubVjbK3BuW9hGFlMAEz_Wzx0JlHty,https://kns.cnki.net/kcms/detail/detail.aspx?dbcode=CMFD&dbname=CMFD201602&filename=1016157760.nh&uniplatform=NZKPT&v=zdFrAQ6yixmkooQej6VmrNijWNFcu45IJ6oubVjbK3BuW9hGFlMAEz_Wzx0JlHty,True,high,CNKI,,CNKI
4099,,5633464636.0,,0,0,0,蓝V,https://genomebiology.biomedcentral.com/articles/10.1186/s13059-022-02772-1,https://genomebiology.biomedcentral.com/articles/10.1186/s13059-022-02772-1,True,high,DOI,10.1186/s13059-022-02772-1,DOI
4100,,2527977815.0,,0,0,0,蓝V,https://www.nejm.org/doi/full/10.1056/NEJMoa2213169,https://www.nejm.org/doi/full/10.1056/NEJMoa2213169,True,high,DOI,10.1056/NEJMoa2213169,DOI
4101,,1665335994.0,,0,0,0,普通用户,https://arxiv.org/abs/2201.11903,https://arxiv.org/abs/2201.11903,True,high,arXiv,,arXiv
4102,,5027586722.0,,0,0,0,蓝V,https://pubs.acs.org/doi/10.1021/acs.jpca.1c00971,https://pubs.acs.org/doi/10.1021/acs.jpca.1c00971,True,high,DOI,10.1021/acs.jpca.1c00971,DOI
4103,,1784264335.0,,0,0,0,普通用户,https://veterinaryresearch.biomedcentral.com/articles/10.1186/s13567-020-00811-y,https://veterinaryresearch.biomedcentral.com/articles/10.1186/s13567-020-00811-y,True,high,DOI,10.1186/s13567-020-00811-y,DOI
4103,,1784264335.0,,0,0,0,普通用户,https://doi.org/10.1016/j.cell.2022.09.018,https://doi.org/10.1016/j.cell.2022.09.018,True,high,DOI,10.1016/j.cell.2022.09.018,DOI
4103,,1784264335.0,,0,0,0,普通用户,https://www.sciencedirect.com/science/article/pii/S014067360961638X,https://www.sciencedirect.com/science/article/pii/S014067360961638X,True,high,SPRINGER,,SPRINGER
4104,,1877686643.0,,0,0,0,蓝V,https://onlinelibrary.wiley.com/doi/10.1002/rvr2.25,https://onlinelibrary.wiley.com/doi/10.1002/rvr2.25,True,high,DOI,10.1002/rvr2.25,DOI
4105,,5863370074.0,,0,0,0,普通用户,https://kns.cnki.net/kcms/detail/detail.aspx?dbcode=CMFD&dbname=CMFDTEMP&filename=1022671274.nh&uniplatform=NZKPT&v=MVRmfDf9Mqu3Kx0RJXhk_SyHjOZdDoaWOToUYofxkfTXXw1KylIUppSZJkh0M-bC,https://kns.cnki.net/kcms/detail/detail.aspx?dbcode=CMFD&dbname=CMFDTEMP&filename=1022671274.nh&uniplatform=NZKPT&v=MVRmfDf9Mqu3Kx0RJXhk_SyHjOZdDoaWOToUYofxkfTXXw1KylIUppSZJkh0M-bC,True,high,CNKI,,CNKI
4106,,3891896600.0,,0,0,0,蓝V,https://doi.org/10.1016/j.aosl.2023.100336,https://doi.org/10.1016/j.aosl.2023.100336,True,high,DOI,10.1016/j.aosl.2023.100336,DOI
4107,,1895401411.0,,0,0,0,普通用户,https://arxiv.org/abs/2302.14045,https://arxiv.org/abs/2302.14045,True,high,arXiv,,arXiv
4108,,1918726583.0,,0,0,0,普通用户,https://doi.org/10.13822/j.cnki.hxsj.2022.0696,https://doi.org/10.13822/j.cnki.hxsj.2022.0696,True,high,DOI,10.13822/j.cnki.hxsj.2022.0696,DOI
4109,,1918726583.0,,0,0,0,普通用户,https://link.cnki.net/doi/10.13822/j.cnki.hxsj.2022.0574,https://link.cnki.net/doi/10.13822/j.cnki.hxsj.2022.0574,True,high,DOI,10.13822/j.cnki.hxsj.2022.0574,DOI
4110,,5863370074.0,,0,0,0,普通用户,https://kns.cnki.net/kcms2/article/abstract?v=3uoqIhG8C475KOm_zrgu4lQARvep2SAk-6BvX81hrs37AaEFpExs0AOjJm1M_lcuxXRDPuVi520EPRetTByxvC3uZJgo5Bek&uniplatform=NZKPT,https://kns.cnki.net/kcms2/article/abstract?v=3uoqIhG8C475KOm_zrgu4lQARvep2SAk-6BvX81hrs37AaEFpExs0AOjJm1M_lcuxXRDPuVi520EPRetTByxvC3uZJgo5Bek&uniplatform=NZKPT,True,high,CNKI,,CNKI
4111,,2683703741.0,,0,0,0,蓝V,http://www.lcgdbzz.org/cn/article/doi/10.3969/j.issn.1001-5256.2023.02.001,http://www.lcgdbzz.org/cn/article/doi/10.3969/j.issn.1001-5256.2023.02.001,True,high,DOI,10.3969/j.issn.1001-5256.2023.02.001,DOI
4112,,1925964485.0,,0,0,0,蓝V,https://doi.org/10.1016/j.isci.2023.108177,https://doi.org/10.1016/j.isci.2023.108177,True,high,DOI,10.1016/j.isci.2023.108177,DOI
4113,,3941337445.0,,0,0,0,普通用户,https://doi.org/10.12677/SA.2023.125140,https://doi.org/10.12677/SA.2023.125140,True,high,DOI,10.12677/SA.2023.125140,DOI
4114,,1970835843.0,,0,0,0,黄V,https://www.zjujournals.com/soc/CN/10.3785/j.issn.1008-942X.CN33-6000/C.2022.07.214,https://www.zjujournals.com/soc/CN/10.3785/j.issn.1008-942X.CN33-6000/C.2022.07.214,True,high,DOI,10.3785/j.issn.1008-942X.CN33-6000/C.2022.07.214,DOI
4115,,5863370074.0,,0,0,0,普通用户,https://kns.cnki.net/kcms2/article/abstract?v=3uoqIhG8C44YLTlOAiTRKibYlV5Vjs7ioT0BO4yQ4m_mOgeS2ml3UIZwUQvuWojb9KZEHzXmBYwjOUeWTqcUHYr-tktaPs7U&uniplatform=NZKPT,https://kns.cnki.net/kcms2/article/abstract?v=3uoqIhG8C44YLTlOAiTRKibYlV5Vjs7ioT0BO4yQ4m_mOgeS2ml3UIZwUQvuWojb9KZEHzXmBYwjOUeWTqcUHYr-tktaPs7U&uniplatform=NZKPT,True,high,CNKI,,CNKI
4116,,5863370074.0,,0,0,0,普通用户,https://kns.cnki.net/kcms2/article/abstract?v=3uoqIhG8C44YLTlOAiTRKu87-SJxoEJu6LL9TJzd50lO1AQsWs1XKAiEz_zR9Eg_VjoZ738HC8E6J8gPIwd_eFX9XC8r8pbY&uniplatform=NZKPT,https://kns.cnki.net/kcms2/article/abstract?v=3uoqIhG8C44YLTlOAiTRKu87-SJxoEJu6LL9TJzd50lO1AQsWs1XKAiEz_zR9Eg_VjoZ738HC8E6J8gPIwd_eFX9XC8r8pbY&uniplatform=NZKPT,True,high,CNKI,,CNKI
4117,,5027586722.0,,0,0,0,蓝V,https://pubs.acs.org/doi/10.1021/acs.jmedchem.3c00134,https://pubs.acs.org/doi/10.1021/acs.jmedchem.3c00134,True,high,DOI,10.1021/acs.jmedchem.3c00134,DOI
4118,,5651875373.0,,0,0,0,普通用户,https://www.sciencedirect.com/science/article/abs/pii/S2210539523000433,https://www.sciencedirect.com/science/article/abs/pii/S2210539523000433,True,high,Elsevier,,Elsevier
4119,,7861829036.0,,0,0,0,普通用户,arxiv.org/abs/2308.07633,arxiv.org/abs/2308.07633,True,medium,学术特征,,/abs/
4120,,2318520534.0,,0,0,0,普通用户,https://www.sciencedirect.com/science/article/abs/pii/S1470160X18301298,https://www.sciencedirect.com/science/article/abs/pii/S1470160X18301298,True,high,Elsevier,,Elsevier
4121,,3178283162.0,,0,0,0,红V,http://statics.drvoice.cn/uploadfile/2018/1028/20181028073613232.pdf,http://statics.drvoice.cn/uploadfile/2018/1028/20181028073613232.pdf,False,none,,,
4122,,2763057714.0,,0,0,0,普通用户,https://arxiv.org/abs/2401.00812,https://arxiv.org/abs/2401.00812,True,high,arXiv,,arXiv
4123,,1918726583.0,,0,0,0,普通用户,https://link.cnki.net/doi/10.13822/j.cnki.hxsj.2023.0601,https://link.cnki.net/doi/10.13822/j.cnki.hxsj.2023.0601,True,high,DOI,10.13822/j.cnki.hxsj.2023.0601,DOI
4124,,1365483565.0,,0,0,0,普通用户,https://arxiv.org/pdf/2304.07854.pdf,https://arxiv.org/pdf/2304.07854.pdf,True,high,arXiv,,arXiv
4125,,5400397694.0,,0,0,0,蓝V,https://doi.org/10.1007/s40820-023-01167-6,https://doi.org/10.1007/s40820-023-01167-6,True,high,DOI,10.1007/s40820-023-01167-6,DOI
4126,,2607574543.0,,0,0,0,黄V,https://arxiv.org/pdf/2406.04692,https://arxiv.org/pdf/2406.04692,True,high,arXiv,,arXiv
4127,,2062985282.0,,0,0,0,红V,https://arxiv.org/pdf/2403.19589,https://arxiv.org/pdf/2403.19589,True,high,arXiv,,arXiv
4128,,1806270090.0,,0,0,0,普通用户,https://doi.org/10.1073/pnas.2215907120,https://doi.org/10.1073/pnas.2215907120,True,high,DOI,10.1073/pnas.2215907120,DOI
4129,,5374548129.0,,0,0,0,普通用户,https://arxiv.org/abs/2401.10334,https://arxiv.org/abs/2401.10334,True,high,arXiv,,arXiv
4130,,5374548129.0,,0,0,0,普通用户,https://arxiv.org/pdf/2401.12794.pdf,https://arxiv.org/pdf/2401.12794.pdf,True,high,arXiv,,arXiv
4131,,1936025761.0,,0,0,0,黄V,https://arxiv.org/abs/2401.12168,https://arxiv.org/abs/2401.12168,True,high,arXiv,,arXiv
4132,,3275213384.0,,0,0,0,蓝V,https://www.cell.com/patterns/fulltext/S2666-3899(24)00001-1,https://www.cell.com/patterns/fulltext/S2666-3899(24)00001-1,True,high,CELL PRESS,,CELL PRESS
4133,,1936025761.0,,0,0,0,黄V,https://arxiv.org/abs/2402.02680,https://arxiv.org/abs/2402.02680,True,high,arXiv,,arXiv
4134,,7225256126.0,,0,0,0,普通用户,https://www.ncbi.nlm.nih.gov/pmc/articles/PMC4002012/,https://www.ncbi.nlm.nih.gov/pmc/articles/PMC4002012/,True,high,PubMed,,PubMed
4135,,1678157684.0,,0,0,0,普通用户,https://www.nature.com/articles/s41592-024-02314-6,https://www.nature.com/articles/s41592-024-02314-6,True,high,Nature,,Nature
4136,,2607574543.0,,0,0,0,黄V,https://arxiv.org/pdf/2402.14083,https://arxiv.org/pdf/2402.14083,True,high,arXiv,,arXiv
4137,,5694690999.0,,0,0,0,普通用户,https://arxiv.org/pdf/2411.16905,https://arxiv.org/pdf/2411.16905,True,high,arXiv,,arXiv
4138,,6880184237.0,,0,0,0,普通用户,https://www.nature.com/articles/s41380-022-01637-0?fromPaywallRec=false#Sec4,https://www.nature.com/articles/s41380-022-01637-0?fromPaywallRec=false#Sec4,True,high,Nature,,Nature
4138,,6880184237.0,,0,0,0,普通用户,https://www.nature.com/articles/s41467-019-08352-5,https://www.nature.com/articles/s41467-019-08352-5,True,high,Nature,,Nature
4139,,1657470871.0,,0,0,0,黄V,https://arxiv.org/abs/2402.18025,https://arxiv.org/abs/2402.18025,True,high,arXiv,,arXiv
4140,,1645215240.0,,0,0,0,金V,https://arxiv.org/abs/2404.01744,https://arxiv.org/abs/2404.01744,True,high,arXiv,,arXiv
4141,,3891896600.0,,0,0,0,蓝V,https://doi.org/10.1016/j.aosl.2024.100494,https://doi.org/10.1016/j.aosl.2024.100494,True,high,DOI,10.1016/j.aosl.2024.100494,DOI
4142,,3891896600.0,,0,0,0,蓝V,https://doi.org/10.1016/j.aosl.2024.100497,https://doi.org/10.1016/j.aosl.2024.100497,True,high,DOI,10.1016/j.aosl.2024.100497,DOI
4143,,3891896600.0,,0,0,0,蓝V,https://doi.org/10.1016/j.aosl.2024.100518,https://doi.org/10.1016/j.aosl.2024.100518,True,high,DOI,10.1016/j.aosl.2024.100518,DOI
4144,,3891896600.0,,0,0,0,蓝V,https://doi.org/10.1016/j.aosl.2024.100535,https://doi.org/10.1016/j.aosl.2024.100535,True,high,DOI,10.1016/j.aosl.2024.100535,DOI
4145,,1921643645.0,,0,0,0,普通用户,https://www.cell.com/cell/fulltext/S0092-8674(24)00527-0,https://www.cell.com/cell/fulltext/S0092-8674(24)00527-0,True,high,CELL PRESS,,CELL PRESS
4146,,2607574543.0,,0,0,0,黄V,https://arxiv.org/pdf/2407.03978,https://arxiv.org/pdf/2407.03978,True,high,arXiv,,arXiv
4147,,1918726583.0,,0,0,0,普通用户,https://link.cnki.net/doi/10.13822/j.cnki.hxsj.2024.0068,https://link.cnki.net/doi/10.13822/j.cnki.hxsj.2024.0068,True,high,DOI,10.13822/j.cnki.hxsj.2024.0068,DOI
4148,,1956211063.0,,0,0,0,普通用户,https://www.nature.com/articles/s41586-024-07711-7,https://www.nature.com/articles/s41586-024-07711-7,True,high,Nature,,Nature
4149,,1810418034.0,,0,0,0,红V,https://arxiv.org/abs/2011.11178,https://arxiv.org/abs/2011.11178,True,high,arXiv,,arXiv
4149,,1810418034.0,,0,0,0,红V,https://www.tandfonline.com/doi/abs/10.1080/24748668.2022.2039090,https://www.tandfonline.com/doi/abs/10.1080/24748668.2022.2039090,True,high,DOI,10.1080/24748668.2022.2039090,DOI
4149,,1810418034.0,,0,0,0,红V,https://www.proquest.com/docview/1950275849?fromopenview=true&pq-origsite=gscholar,https://www.proquest.com/docview/1950275849?fromopenview=true&pq-origsite=gscholar,True,high,ProQuest,,ProQuest
4150,,6045441276.0,,0,0,0,红V,https://arxiv.org/abs/2307.11760,https://arxiv.org/abs/2307.11760,True,high,arXiv,,arXiv
4151,,2703634217.0,,0,0,0,红V,https://arxiv.org/pdf/2402.07591,https://arxiv.org/pdf/2402.07591,True,high,arXiv,,arXiv
4152,,1627825392.0,,0,0,0,金V,https://arxiv.org/pdf/2411.02265,https://arxiv.org/pdf/2411.02265,True,high,arXiv,,arXiv
4153,,1578561911.0,,0,0,0,普通用户,https://aclanthology.org/2024.findings-emnlp.569.pdf,https://aclanthology.org/2024.findings-emnlp.569.pdf,True,high,ACL,,ACL
4154,,3330266210.0,,0,0,0,红V,https://www.nature.com/articles/s41392-024-01851-y,https://www.nature.com/articles/s41392-024-01851-y,True,high,Nature,,Nature
4155,,3754432345.0,,0,0,0,普通用户,https://www.nature.com/articles/s43587-024-00753-6,https://www.nature.com/articles/s43587-024-00753-6,True,high,Nature,,Nature
